  Application.cpp
  Keyboard.cpp
  Mouse.cpp
  Window.cpp
  Entity.cpp
  Scene.cpp
  MeshRendererSystem.cpp
  PhysicsSystem.cpp
  System.cpp
  EntryPoint.cpp
  Exception.cpp
  Saver.cpp
  AABB.cpp
  AABBManager.cpp
  Bindable.cpp
  IndexBuffer.cpp
  WARNING: Bindable.h is deprecated. Use BindableDX12 instead.
  WARNING: Bindable.h is deprecated. Use BindableDX12 instead.
E:\Projects\Ying-Long-Engine\Ying-Long Engine\CodeFile\EntryPoint\EntryPoint.cpp(1,1): warning C4819: 该文件包含不能在当前代码页(936)中表示的字符。请将该文件保存为 Unicode 格式以防止数据丢失
E:\Projects\Ying-Long-Engine\Ying-Long Engine\CodeFile\Application\Application.cpp(1,1): warning C4819: 该文件包含不能在当前代码页(936)中表示的字符。请将该文件保存为 Unicode 格式以防止数据丢失
E:\Projects\Ying-Long-Engine\Ying-Long Engine\CodeFile\Application\Window\Window.cpp(1,1): warning C4819: 该文件包含不能在当前代码页(936)中表示的字符。请将该文件保存为 Unicode 格式以防止数据丢失
  InputLayout.cpp
  WARNING: Bindable.h is deprecated. Use BindableDX12 instead.
  PixelShader.cpp
  Rasterizer.cpp
  WARNING: Bindable.h is deprecated. Use BindableDX12 instead.
  Sampler.cpp
  WARNING: Bindable.h is deprecated. Use BindableDX12 instead.
  WARNING: Bindable.h is deprecated. Use BindableDX12 instead.
E:\Projects\Ying-Long-Engine\Ying-Long Engine\CodeFile\Graphics\Bindable\IndexBuffer.h(23,29): warning C4996: 'YingLong::Bindable': Use BindableDX12 instead
  WARNING: Graphics.h is deprecated. Use DX12Renderer instead.
  (编译源文件“CodeFile/Graphics/Bindable/IndexBuffer.cpp”)
  
  WARNING: Graphics.h is deprecated. Use DX12Renderer instead.
  WARNING: Graphics.h is deprecated. Use DX12Renderer instead.
  WARNING: Graphics.h is deprecated. Use DX12Renderer instead.
  WARNING: Bindable.h is deprecated. Use BindableDX12 instead.
E:\Projects\Ying-Long-Engine\Ying-Long Engine\CodeFile\Graphics\Bindable\PixelShader.h(28,29): warning C4996: 'YingLong::Bindable': Use BindableDX12 instead
  (编译源文件“CodeFile/Graphics/Bindable/PixelShader.cpp”)
  
E:\Projects\Ying-Long-Engine\Ying-Long Engine\CodeFile\Graphics\Bindable\PixelShader.cpp(16,2): warning C4996: 'YingLong::Bindable::~Bindable': Use BindableDX12 instead
E:\Projects\Ying-Long-Engine\Ying-Long Engine\CodeFile\Graphics\Bindable\PixelShader.h(49,4): warning C4996: 'YingLong::Bindable::~Bindable': Use BindableDX12 instead
  (编译源文件“CodeFile/Graphics/Bindable/PixelShader.cpp”)
      E:\Projects\Ying-Long-Engine\Ying-Long Engine\CodeFile\Graphics\Bindable\PixelShader.cpp(16,2):
      参见对函数 "YingLong::PixelShader::~PixelShader(void)" 的引用
  
E:\Projects\Ying-Long-Engine\Ying-Long Engine\CodeFile\Graphics\Bindable\InputLayout.h(24,29): warning C4996: 'YingLong::Bindable': Use BindableDX12 instead
  (编译源文件“CodeFile/Graphics/Bindable/InputLayout.cpp”)
  
E:\Projects\Ying-Long-Engine\Ying-Long Engine\CodeFile\Graphics\Bindable\PixelShader.cpp(43,8): warning C4996: 'YingLong::Bindable::GetDevice': Use BindableDX12 instead
E:\Projects\Ying-Long-Engine\Ying-Long Engine\CodeFile\Graphics\Bindable\InputLayout.cpp(16,2): warning C4996: 'YingLong::Bindable::~Bindable': Use BindableDX12 instead
E:\Projects\Ying-Long-Engine\Ying-Long Engine\CodeFile\Graphics\Bindable\InputLayout.cpp(19,3): warning C4996: 'YingLong::Bindable::GetDevice': Use BindableDX12 instead
  WARNING: Bindable.h is deprecated. Use BindableDX12 instead.
E:\Projects\Ying-Long-Engine\Ying-Long Engine\CodeFile\Graphics\Bindable\InputLayout.cpp(29,3): warning C4996: 'YingLong::Bindable::GetDevicContext': Use BindableDX12 instead
E:\Projects\Ying-Long-Engine\Ying-Long Engine\CodeFile\Graphics\Bindable\PixelShader.cpp(63,3): warning C4996: 'YingLong::Bindable::GetDevicContext': Use BindableDX12 instead
E:\Projects\Ying-Long-Engine\Ying-Long Engine\CodeFile\Graphics\Bindable\Sampler.h(23,25): warning C4996: 'YingLong::Bindable': Use BindableDX12 instead
  (编译源文件“CodeFile/Graphics/Bindable/Sampler.cpp”)
  
E:\Projects\Ying-Long-Engine\Ying-Long Engine\CodeFile\Graphics\Bindable\Sampler.cpp(14,2): warning C4996: 'YingLong::Bindable::~Bindable': Use BindableDX12 instead
E:\Projects\Ying-Long-Engine\Ying-Long Engine\CodeFile\Graphics\Bindable\Sampler.cpp(19,2): warning C4996: 'YingLong::Bindable::~Bindable': Use BindableDX12 instead
E:\Projects\Ying-Long-Engine\Ying-Long Engine\CodeFile\Graphics\Bindable\Sampler.cpp(24,2): warning C4996: 'YingLong::Bindable::~Bindable': Use BindableDX12 instead
E:\Projects\Ying-Long-Engine\Ying-Long Engine\CodeFile\Graphics\Bindable\Sampler.cpp(46,3): warning C4996: 'YingLong::Bindable::GetDevice': Use BindableDX12 instead
E:\Projects\Ying-Long-Engine\Ying-Long Engine\CodeFile\Graphics\Bindable\Sampler.cpp(53,3): warning C4996: 'YingLong::Bindable::GetDevicContext': Use BindableDX12 instead
E:\Projects\Ying-Long-Engine\Ying-Long Engine\CodeFile\Graphics\Bindable\Rasterizer.h(24,28): warning C4996: 'YingLong::Bindable': Use BindableDX12 instead
  (编译源文件“CodeFile/Graphics/Bindable/Rasterizer.cpp”)
  
  WARNING: Graphics.h is deprecated. Use DX12Renderer instead.
  SolidColorConstantBuffer.cpp
  Texture.cpp
  Topology.cpp
  WARNING: Bindable.h is deprecated. Use BindableDX12 instead.
  TransformConstantBuffer.cpp
  WARNING: DepthStencil.h is deprecated. Use DepthStencilDX12 instead.
  WARNING: RenderTarget.h is deprecated. Use RenderTargetDX12 instead.
  WARNING: Bindable.h is deprecated. Use BindableDX12 instead.
  WARNING: DepthStencil.h is deprecated. Use DepthStencilDX12 instead.
  WARNING: RenderTarget.h is deprecated. Use RenderTargetDX12 instead.
  WARNING: DepthStencil.h is deprecated. Use DepthStencilDX12 instead.
  WARNING: RenderTarget.h is deprecated. Use RenderTargetDX12 instead.
E:\Projects\Ying-Long-Engine\Ying-Long Engine\CodeFile\Graphics\Graphics.h(238,19): warning C4996: 'YingLong::RenderTarget': Use RenderTargetDX12 instead
  (编译源文件“CodeFile/Graphics/Bindable/Bindable.cpp”)
  
E:\Projects\Ying-Long-Engine\Ying-Long Engine\CodeFile\Graphics\Graphics.h(239,19): warning C4996: 'YingLong::RenderTarget': Use RenderTargetDX12 instead
  (编译源文件“CodeFile/Graphics/Bindable/Bindable.cpp”)
  
E:\Projects\Ying-Long-Engine\Ying-Long Engine\CodeFile\Graphics\Graphics.h(240,19): warning C4996: 'YingLong::DepthStencil': Use DepthStencilDX12 instead
  (编译源文件“CodeFile/Graphics/Bindable/Bindable.cpp”)
  
E:\Projects\Ying-Long-Engine\Ying-Long Engine\CodeFile\Graphics\Graphics.h(238,19): warning C4996: 'YingLong::RenderTarget': Use RenderTargetDX12 instead
  (编译源文件“CodeFile/Exception/Exception.cpp”)
  
E:\Projects\Ying-Long-Engine\Ying-Long Engine\CodeFile\Graphics\Graphics.h(239,19): warning C4996: 'YingLong::RenderTarget': Use RenderTargetDX12 instead
  (编译源文件“CodeFile/Exception/Exception.cpp”)
  
E:\Projects\Ying-Long-Engine\Ying-Long Engine\CodeFile\Graphics\Graphics.h(240,19): warning C4996: 'YingLong::DepthStencil': Use DepthStencilDX12 instead
  (编译源文件“CodeFile/Exception/Exception.cpp”)
  
E:\Projects\Ying-Long-Engine\Ying-Long Engine\CodeFile\Graphics\Bindable\Bindable.cpp(18,61): warning C4996: 'YingLong::Graphics': Use DX12Renderer instead
E:\Projects\Ying-Long-Engine\Ying-Long Engine\CodeFile\Graphics\Bindable\Bindable.cpp(22,18): warning C4996: 'YingLong::Graphics::pDeviceContext': Use DX12Renderer instead
E:\Projects\Ying-Long-Engine\Ying-Long Engine\CodeFile\Graphics\Bindable\Bindable.cpp(25,48): warning C4996: 'YingLong::Graphics': Use DX12Renderer instead
E:\Projects\Ying-Long-Engine\Ying-Long Engine\CodeFile\Graphics\Bindable\Bindable.cpp(29,18): warning C4996: 'YingLong::Graphics::pDevice': Use DX12Renderer instead
E:\Projects\Ying-Long-Engine\Ying-Long Engine\CodeFile\Graphics\Graphics.h(238,19): warning C4996: 'YingLong::RenderTarget': Use RenderTargetDX12 instead
  (编译源文件“CodeFile/Application/Window/Window.cpp”)
  
E:\Projects\Ying-Long-Engine\Ying-Long Engine\CodeFile\Graphics\Graphics.h(239,19): warning C4996: 'YingLong::RenderTarget': Use RenderTargetDX12 instead
  (编译源文件“CodeFile/Application/Window/Window.cpp”)
  
E:\Projects\Ying-Long-Engine\Ying-Long Engine\CodeFile\Graphics\Graphics.h(240,19): warning C4996: 'YingLong::DepthStencil': Use DepthStencilDX12 instead
  (编译源文件“CodeFile/Application/Window/Window.cpp”)
  
  WARNING: Bindable.h is deprecated. Use BindableDX12 instead.
E:\Projects\Ying-Long-Engine\Ying-Long Engine\CodeFile\Graphics\Bindable\IndexBuffer.h(23,29): warning C4996: 'YingLong::Bindable': Use BindableDX12 instead
  (编译源文件“CodeFile/EntryPoint/EntryPoint.cpp”)
  
  WARNING: Drawable.h is deprecated. Use DX12Drawable instead.
E:\Projects\Ying-Long-Engine\Ying-Long Engine\CodeFile\Graphics\Bindable\IndexBuffer.h(23,29): warning C4996: 'YingLong::Bindable': Use BindableDX12 instead
  (编译源文件“CodeFile/Application/Application.cpp”)
  
  WARNING: Drawable.h is deprecated. Use DX12Drawable instead.
E:\Projects\Ying-Long-Engine\Ying-Long Engine\CodeFile\Application\Window\Window.h(176,3): warning C4996: 'YingLong::Graphics': Use DX12Renderer instead
  (编译源文件“CodeFile/Exception/Exception.cpp”)
  
E:\Projects\Ying-Long-Engine\Ying-Long Engine\CodeFile\Application\Window\Window.h(244,19): warning C4996: 'YingLong::Graphics': Use DX12Renderer instead
  (编译源文件“CodeFile/Exception/Exception.cpp”)
  
E:\Projects\Ying-Long-Engine\Ying-Long Engine\CodeFile\Exception\Exception.cpp(23,9): warning C4566: 由通用字符名称“\uFFFD”表示的字符不能在当前代码页(936)中表示出来
E:\Projects\Ying-Long-Engine\Ying-Long Engine\CodeFile\Exception\Exception.cpp(23,9): warning C4566: 由通用字符名称“\uCCE3”表示的字符不能在当前代码页(936)中表示出来
E:\Projects\Ying-Long-Engine\Ying-Long Engine\CodeFile\Exception\Exception.cpp(42,20): warning C4566: 由通用字符名称“\uFFFD”表示的字符不能在当前代码页(936)中表示出来
E:\Projects\Ying-Long-Engine\Ying-Long Engine\CodeFile\Exception\Exception.cpp(42,20): warning C4566: 由通用字符名称“\u013C”表示的字符不能在当前代码页(936)中表示出来
E:\Projects\Ying-Long-Engine\Ying-Long Engine\CodeFile\Exception\Exception.cpp(42,20): warning C4566: 由通用字符名称“\u013F”表示的字符不能在当前代码页(936)中表示出来
E:\Projects\Ying-Long-Engine\Ying-Long Engine\CodeFile\Exception\Exception.cpp(42,20): warning C4566: 由通用字符名称“\u00BC”表示的字符不能在当前代码页(936)中表示出来
E:\Projects\Ying-Long-Engine\Ying-Long Engine\CodeFile\Exception\Exception.cpp(44,6): warning C4566: 由通用字符名称“\uFFFD”表示的字符不能在当前代码页(936)中表示出来
E:\Projects\Ying-Long-Engine\Ying-Long Engine\CodeFile\Application\Window\Window.h(176,3): warning C4996: 'YingLong::Graphics': Use DX12Renderer instead
  (编译源文件“CodeFile/Application/Window/Window.cpp”)
  
E:\Projects\Ying-Long-Engine\Ying-Long Engine\CodeFile\Application\Window\Window.h(244,19): warning C4996: 'YingLong::Graphics': Use DX12Renderer instead
  (编译源文件“CodeFile/Application/Window/Window.cpp”)
  
  WARNING: DepthStencil.h is deprecated. Use DepthStencilDX12 instead.
  WARNING: RenderTarget.h is deprecated. Use RenderTargetDX12 instead.
E:\Projects\Ying-Long-Engine\Ying-Long Engine\CodeFile\Graphics\Drawable\Drawable.h(116,32): warning C4996: 'YingLong::Bindable': Use BindableDX12 instead
  (编译源文件“CodeFile/Application/Application.cpp”)
  
E:\Projects\Ying-Long-Engine\Ying-Long Engine\CodeFile\Graphics\Drawable\Drawable.h(144,45): warning C4996: 'YingLong::Bindable': Use BindableDX12 instead
  (编译源文件“CodeFile/Application/Application.cpp”)
  
E:\Projects\Ying-Long-Engine\Ying-Long Engine\CodeFile\Graphics\Drawable\Drawable.h(148,31): warning C4996: 'YingLong::Bindable': Use BindableDX12 instead
  (编译源文件“CodeFile/Application/Application.cpp”)
  
E:\Projects\Ying-Long-Engine\Ying-Long Engine\CodeFile\Graphics\Graphics.h(238,19): warning C4996: 'YingLong::RenderTarget': Use RenderTargetDX12 instead
  (编译源文件“CodeFile/Graphics/Bindable/IndexBuffer.cpp”)
  
  WARNING: Graphics.h is deprecated. Use DX12Renderer instead.
E:\Projects\Ying-Long-Engine\Ying-Long Engine\CodeFile\Graphics\Drawable\DrawableBase.h(59,38): warning C4996: 'YingLong::Bindable': Use BindableDX12 instead
  (编译源文件“CodeFile/Application/Application.cpp”)
      E:\Projects\Ying-Long-Engine\Ying-Long Engine\CodeFile\Graphics\Drawable\DrawableBase.h(59,38):
      模板实例化上下文(最早的实例化上下文)为
          E:\Projects\Ying-Long-Engine\Ying-Long Engine\CodeFile\Graphics\Drawable\DrawableBase.h(34,8):
          在编译类模板“YingLong::DrawableBase”时
  
E:\Projects\Ying-Long-Engine\Ying-Long Engine\CodeFile\Graphics\Graphics.h(239,19): warning C4996: 'YingLong::RenderTarget': Use RenderTargetDX12 instead
  (编译源文件“CodeFile/Graphics/Bindable/IndexBuffer.cpp”)
  
E:\Projects\Ying-Long-Engine\Ying-Long Engine\CodeFile\Graphics\Drawable\DrawableBase.h(123,37): warning C4996: 'YingLong::Bindable': Use BindableDX12 instead
  (编译源文件“CodeFile/Application/Application.cpp”)
  
E:\Projects\Ying-Long-Engine\Ying-Long Engine\CodeFile\Graphics\Graphics.h(240,19): warning C4996: 'YingLong::DepthStencil': Use DepthStencilDX12 instead
  (编译源文件“CodeFile/Graphics/Bindable/IndexBuffer.cpp”)
  
E:\Projects\Ying-Long-Engine\Ying-Long Engine\CodeFile\Graphics\Drawable\DrawableBase.h(128,38): warning C4996: 'YingLong::Bindable': Use BindableDX12 instead
  (编译源文件“CodeFile/Application/Application.cpp”)
  
E:\Projects\Ying-Long-Engine\Ying-Long Engine\CodeFile\Graphics\Drawable\Drawable.h(116,32): warning C4996: 'YingLong::Bindable': Use BindableDX12 instead
  (编译源文件“CodeFile/EntryPoint/EntryPoint.cpp”)
  
E:\Projects\Ying-Long-Engine\Ying-Long Engine\CodeFile\Graphics\Drawable\DrawableBase.h(133,30): warning C4996: 'YingLong::Bindable': Use BindableDX12 instead
  (编译源文件“CodeFile/Application/Application.cpp”)
  
E:\Projects\Ying-Long-Engine\Ying-Long Engine\CodeFile\Graphics\Drawable\Drawable.h(144,45): warning C4996: 'YingLong::Bindable': Use BindableDX12 instead
  (编译源文件“CodeFile/EntryPoint/EntryPoint.cpp”)
  
E:\Projects\Ying-Long-Engine\Ying-Long Engine\CodeFile\Graphics\Drawable\Drawable.h(148,31): warning C4996: 'YingLong::Bindable': Use BindableDX12 instead
  (编译源文件“CodeFile/EntryPoint/EntryPoint.cpp”)
  
E:\Projects\Ying-Long-Engine\Ying-Long Engine\CodeFile\Graphics\Bindable\IndexBuffer.cpp(14,27): warning C4996: 'YingLong::Graphics': Use DX12Renderer instead
E:\Projects\Ying-Long-Engine\Ying-Long Engine\CodeFile\Graphics\Drawable\DrawableBase.h(59,38): warning C4996: 'YingLong::Bindable': Use BindableDX12 instead
  (编译源文件“CodeFile/EntryPoint/EntryPoint.cpp”)
      E:\Projects\Ying-Long-Engine\Ying-Long Engine\CodeFile\Graphics\Drawable\DrawableBase.h(59,38):
      模板实例化上下文(最早的实例化上下文)为
          E:\Projects\Ying-Long-Engine\Ying-Long Engine\CodeFile\Graphics\Drawable\DrawableBase.h(34,8):
          在编译类模板“YingLong::DrawableBase”时
  
E:\Projects\Ying-Long-Engine\Ying-Long Engine\CodeFile\Graphics\Drawable\DrawableBase.h(123,37): warning C4996: 'YingLong::Bindable': Use BindableDX12 instead
  (编译源文件“CodeFile/EntryPoint/EntryPoint.cpp”)
  
E:\Projects\Ying-Long-Engine\Ying-Long Engine\CodeFile\Graphics\Drawable\DrawableBase.h(128,38): warning C4996: 'YingLong::Bindable': Use BindableDX12 instead
  (编译源文件“CodeFile/EntryPoint/EntryPoint.cpp”)
  
E:\Projects\Ying-Long-Engine\Ying-Long Engine\CodeFile\Graphics\Bindable\IndexBuffer.cpp(33,3): warning C4996: 'YingLong::Graphics': Use DX12Renderer instead
E:\Projects\Ying-Long-Engine\Ying-Long Engine\CodeFile\Graphics\Bindable\IndexBuffer.cpp(16,2): warning C4996: 'YingLong::Bindable::~Bindable': Use BindableDX12 instead
E:\Projects\Ying-Long-Engine\Ying-Long Engine\CodeFile\Graphics\Bindable\IndexBuffer.cpp(33,3): warning C4996: 'YingLong::Bindable::GetDevice': Use BindableDX12 instead
E:\Projects\Ying-Long-Engine\Ying-Long Engine\CodeFile\Graphics\Drawable\DrawableBase.h(133,30): warning C4996: 'YingLong::Bindable': Use BindableDX12 instead
  (编译源文件“CodeFile/EntryPoint/EntryPoint.cpp”)
  
  WARNING: Graphics.h is deprecated. Use DX12Renderer instead.
E:\Projects\Ying-Long-Engine\Ying-Long Engine\CodeFile\Graphics\Bindable\IndexBuffer.cpp(37,27): warning C4996: 'YingLong::Graphics': Use DX12Renderer instead
  WARNING: DepthStencil.h is deprecated. Use DepthStencilDX12 instead.
  WARNING: RenderTarget.h is deprecated. Use RenderTargetDX12 instead.
E:\Projects\Ying-Long-Engine\Ying-Long Engine\CodeFile\Graphics\Bindable\IndexBuffer.cpp(56,3): warning C4996: 'YingLong::Graphics': Use DX12Renderer instead
  WARNING: DepthStencil.h is deprecated. Use DepthStencilDX12 instead.
E:\Projects\Ying-Long-Engine\Ying-Long Engine\CodeFile\Graphics\Bindable\IndexBuffer.cpp(39,2): warning C4996: 'YingLong::Bindable::~Bindable': Use BindableDX12 instead
  WARNING: RenderTarget.h is deprecated. Use RenderTargetDX12 instead.
E:\Projects\Ying-Long-Engine\Ying-Long Engine\CodeFile\Graphics\Bindable\IndexBuffer.cpp(56,3): warning C4996: 'YingLong::Bindable::GetDevice': Use BindableDX12 instead
E:\Projects\Ying-Long-Engine\Ying-Long Engine\CodeFile\Graphics\Bindable\IndexBuffer.cpp(60,25): warning C4996: 'YingLong::Graphics': Use DX12Renderer instead
E:\Projects\Ying-Long-Engine\Ying-Long Engine\CodeFile\Graphics\Bindable\IndexBuffer.cpp(64,3): warning C4996: 'YingLong::Bindable::GetDevicContext': Use BindableDX12 instead
E:\Projects\Ying-Long-Engine\Ying-Long Engine\CodeFile\Graphics\Graphics.h(238,19): warning C4996: 'YingLong::RenderTarget': Use RenderTargetDX12 instead
  (编译源文件“CodeFile/Application/Application.cpp”)
  
E:\Projects\Ying-Long-Engine\Ying-Long Engine\CodeFile\Graphics\Graphics.h(239,19): warning C4996: 'YingLong::RenderTarget': Use RenderTargetDX12 instead
  (编译源文件“CodeFile/Application/Application.cpp”)
  
E:\Projects\Ying-Long-Engine\Ying-Long Engine\CodeFile\Graphics\Graphics.h(240,19): warning C4996: 'YingLong::DepthStencil': Use DepthStencilDX12 instead
  (编译源文件“CodeFile/Application/Application.cpp”)
  
E:\Projects\Ying-Long-Engine\Ying-Long Engine\CodeFile\Graphics\Graphics.h(238,19): warning C4996: 'YingLong::RenderTarget': Use RenderTargetDX12 instead
  (编译源文件“CodeFile/EntryPoint/EntryPoint.cpp”)
  
E:\Projects\Ying-Long-Engine\Ying-Long Engine\CodeFile\Graphics\Graphics.h(239,19): warning C4996: 'YingLong::RenderTarget': Use RenderTargetDX12 instead
  (编译源文件“CodeFile/EntryPoint/EntryPoint.cpp”)
  
E:\Projects\Ying-Long-Engine\Ying-Long Engine\CodeFile\Graphics\Graphics.h(240,19): warning C4996: 'YingLong::DepthStencil': Use DepthStencilDX12 instead
  (编译源文件“CodeFile/EntryPoint/EntryPoint.cpp”)
  
E:\Projects\Ying-Long-Engine\Ying-Long Engine\CodeFile\Graphics\Bindable\ConstantBuffers.h(49,15): warning C4996: 'YingLong::Graphics': Use DX12Renderer instead
  (编译源文件“CodeFile/Application/Application.cpp”)
      E:\Projects\Ying-Long-Engine\Ying-Long Engine\CodeFile\Graphics\Bindable\ConstantBuffers.h(49,15):
      模板实例化上下文(最早的实例化上下文)为
          E:\Projects\Ying-Long-Engine\Ying-Long Engine\CodeFile\Graphics\Bindable\ConstantBuffers.h(26,9):
          在编译类模板“YingLong::ConstantBuffer”时
  
E:\Projects\Ying-Long-Engine\Ying-Long Engine\CodeFile\Graphics\Bindable\ConstantBuffers.h(82,18): warning C4996: 'YingLong::Graphics': Use DX12Renderer instead
  (编译源文件“CodeFile/Application/Application.cpp”)
  
E:\Projects\Ying-Long-Engine\Ying-Long Engine\CodeFile\Graphics\Bindable\ConstantBuffers.h(116,18): warning C4996: 'YingLong::Graphics': Use DX12Renderer instead
  (编译源文件“CodeFile/Application/Application.cpp”)
  
E:\Projects\Ying-Long-Engine\Ying-Long Engine\CodeFile\Graphics\Bindable\ConstantBuffers.h(164,13): warning C4996: 'YingLong::Graphics': Use DX12Renderer instead
  (编译源文件“CodeFile/Application/Application.cpp”)
      E:\Projects\Ying-Long-Engine\Ying-Long Engine\CodeFile\Graphics\Bindable\ConstantBuffers.h(164,13):
      模板实例化上下文(最早的实例化上下文)为
          E:\Projects\Ying-Long-Engine\Ying-Long Engine\CodeFile\Graphics\Bindable\ConstantBuffers.h(149,8):
          在编译类模板“YingLong::VertexConstantBuffer”时
  
E:\Projects\Ying-Long-Engine\Ying-Long Engine\CodeFile\Graphics\Bindable\ConstantBuffers.h(194,13): warning C4996: 'YingLong::Graphics': Use DX12Renderer instead
  (编译源文件“CodeFile/Application/Application.cpp”)
      E:\Projects\Ying-Long-Engine\Ying-Long Engine\CodeFile\Graphics\Bindable\ConstantBuffers.h(194,13):
      模板实例化上下文(最早的实例化上下文)为
          E:\Projects\Ying-Long-Engine\Ying-Long Engine\CodeFile\Graphics\Bindable\ConstantBuffers.h(180,8):
          在编译类模板“YingLong::PixelConstantBuffer”时
  
E:\Projects\Ying-Long-Engine\Ying-Long Engine\CodeFile\Graphics\Bindable\TransformConstantBuffer.h(30,41): warning C4996: 'YingLong::Bindable': Use BindableDX12 instead
  (编译源文件“CodeFile/Application/Application.cpp”)
  
E:\Projects\Ying-Long-Engine\Ying-Long Engine\CodeFile\Graphics\Bindable\TransformConstantBuffer.h(42,27): warning C4996: 'YingLong::Graphics': Use DX12Renderer instead
  (编译源文件“CodeFile/Application/Application.cpp”)
  
E:\Projects\Ying-Long-Engine\Ying-Long Engine\CodeFile\Graphics\Bindable\TransformConstantBuffer.h(42,53): warning C4996: 'YingLong::Drawable': Use DX12Drawable instead
  (编译源文件“CodeFile/Application/Application.cpp”)
  
E:\Projects\Ying-Long-Engine\Ying-Long Engine\CodeFile\Graphics\Bindable\TransformConstantBuffer.h(54,13): warning C4996: 'YingLong::Graphics': Use DX12Renderer instead
  (编译源文件“CodeFile/Application/Application.cpp”)
  
E:\Projects\Ying-Long-Engine\Ying-Long Engine\CodeFile\Graphics\Bindable\TransformConstantBuffer.h(70,9): warning C4996: 'YingLong::Drawable': Use DX12Drawable instead
  (编译源文件“CodeFile/Application/Application.cpp”)
  
E:\Projects\Ying-Long-Engine\Ying-Long Engine\CodeFile\Graphics\Bindable\SolidColorConstantBuffer.h(40,42): warning C4996: 'YingLong::Bindable': Use BindableDX12 instead
  (编译源文件“CodeFile/Application/Application.cpp”)
  
E:\Projects\Ying-Long-Engine\Ying-Long Engine\CodeFile\Graphics\Bindable\SolidColorConstantBuffer.h(51,28): warning C4996: 'YingLong::Graphics': Use DX12Renderer instead
  (编译源文件“CodeFile/Application/Application.cpp”)
  
E:\Projects\Ying-Long-Engine\Ying-Long Engine\CodeFile\Graphics\Bindable\SolidColorConstantBuffer.h(60,13): warning C4996: 'YingLong::Graphics': Use DX12Renderer instead
  (编译源文件“CodeFile/Application/Application.cpp”)
  
E:\Projects\Ying-Long-Engine\Ying-Long Engine\CodeFile\Graphics\Bindable\ConstantBuffers.h(49,15): warning C4996: 'YingLong::Graphics': Use DX12Renderer instead
  (编译源文件“CodeFile/EntryPoint/EntryPoint.cpp”)
      E:\Projects\Ying-Long-Engine\Ying-Long Engine\CodeFile\Graphics\Bindable\ConstantBuffers.h(49,15):
      模板实例化上下文(最早的实例化上下文)为
          E:\Projects\Ying-Long-Engine\Ying-Long Engine\CodeFile\Graphics\Bindable\ConstantBuffers.h(26,9):
          在编译类模板“YingLong::ConstantBuffer”时
  
E:\Projects\Ying-Long-Engine\Ying-Long Engine\CodeFile\Graphics\Bindable\ConstantBuffers.h(82,18): warning C4996: 'YingLong::Graphics': Use DX12Renderer instead
  (编译源文件“CodeFile/EntryPoint/EntryPoint.cpp”)
  
E:\Projects\Ying-Long-Engine\Ying-Long Engine\CodeFile\Graphics\Bindable\ConstantBuffers.h(116,18): warning C4996: 'YingLong::Graphics': Use DX12Renderer instead
  (编译源文件“CodeFile/EntryPoint/EntryPoint.cpp”)
  
E:\Projects\Ying-Long-Engine\Ying-Long Engine\CodeFile\Graphics\Bindable\ConstantBuffers.h(164,13): warning C4996: 'YingLong::Graphics': Use DX12Renderer instead
  (编译源文件“CodeFile/EntryPoint/EntryPoint.cpp”)
      E:\Projects\Ying-Long-Engine\Ying-Long Engine\CodeFile\Graphics\Bindable\ConstantBuffers.h(164,13):
      模板实例化上下文(最早的实例化上下文)为
          E:\Projects\Ying-Long-Engine\Ying-Long Engine\CodeFile\Graphics\Bindable\ConstantBuffers.h(149,8):
          在编译类模板“YingLong::VertexConstantBuffer”时
  
E:\Projects\Ying-Long-Engine\Ying-Long Engine\CodeFile\Graphics\Bindable\ConstantBuffers.h(194,13): warning C4996: 'YingLong::Graphics': Use DX12Renderer instead
  (编译源文件“CodeFile/EntryPoint/EntryPoint.cpp”)
      E:\Projects\Ying-Long-Engine\Ying-Long Engine\CodeFile\Graphics\Bindable\ConstantBuffers.h(194,13):
      模板实例化上下文(最早的实例化上下文)为
          E:\Projects\Ying-Long-Engine\Ying-Long Engine\CodeFile\Graphics\Bindable\ConstantBuffers.h(180,8):
          在编译类模板“YingLong::PixelConstantBuffer”时
  
E:\Projects\Ying-Long-Engine\Ying-Long Engine\CodeFile\Graphics\Bindable\TransformConstantBuffer.h(30,41): warning C4996: 'YingLong::Bindable': Use BindableDX12 instead
  (编译源文件“CodeFile/EntryPoint/EntryPoint.cpp”)
  
E:\Projects\Ying-Long-Engine\Ying-Long Engine\CodeFile\Graphics\Bindable\TransformConstantBuffer.h(42,27): warning C4996: 'YingLong::Graphics': Use DX12Renderer instead
  (编译源文件“CodeFile/EntryPoint/EntryPoint.cpp”)
  
E:\Projects\Ying-Long-Engine\Ying-Long Engine\CodeFile\Graphics\Bindable\TransformConstantBuffer.h(42,53): warning C4996: 'YingLong::Drawable': Use DX12Drawable instead
  (编译源文件“CodeFile/EntryPoint/EntryPoint.cpp”)
  
E:\Projects\Ying-Long-Engine\Ying-Long Engine\CodeFile\Graphics\Bindable\TransformConstantBuffer.h(54,13): warning C4996: 'YingLong::Graphics': Use DX12Renderer instead
  (编译源文件“CodeFile/EntryPoint/EntryPoint.cpp”)
  
E:\Projects\Ying-Long-Engine\Ying-Long Engine\CodeFile\Graphics\Bindable\TransformConstantBuffer.h(70,9): warning C4996: 'YingLong::Drawable': Use DX12Drawable instead
  (编译源文件“CodeFile/EntryPoint/EntryPoint.cpp”)
  
E:\Projects\Ying-Long-Engine\Ying-Long Engine\CodeFile\Graphics\Bindable\SolidColorConstantBuffer.h(40,42): warning C4996: 'YingLong::Bindable': Use BindableDX12 instead
  (编译源文件“CodeFile/EntryPoint/EntryPoint.cpp”)
  
E:\Projects\Ying-Long-Engine\Ying-Long Engine\CodeFile\Graphics\Bindable\SolidColorConstantBuffer.h(51,28): warning C4996: 'YingLong::Graphics': Use DX12Renderer instead
  (编译源文件“CodeFile/EntryPoint/EntryPoint.cpp”)
  
E:\Projects\Ying-Long-Engine\Ying-Long Engine\CodeFile\Graphics\Bindable\SolidColorConstantBuffer.h(60,13): warning C4996: 'YingLong::Graphics': Use DX12Renderer instead
  (编译源文件“CodeFile/EntryPoint/EntryPoint.cpp”)
  
E:\Projects\Ying-Long-Engine\Ying-Long Engine\CodeFile\Graphics\Drawable\Capsule.h(45,19): warning C4996: 'YingLong::Graphics': Use DX12Renderer instead
  (编译源文件“CodeFile/Application/Application.cpp”)
  
E:\Projects\Ying-Long-Engine\Ying-Long Engine\CodeFile\Graphics\Bindable\InputLayout.h(24,29): warning C4996: 'YingLong::Bindable': Use BindableDX12 instead
  (编译源文件“CodeFile/Application/Application.cpp”)
  
E:\Projects\Ying-Long-Engine\Ying-Long Engine\CodeFile\Graphics\Bindable\InputLayout.h(36,15): warning C4996: 'YingLong::Graphics': Use DX12Renderer instead
  (编译源文件“CodeFile/Application/Application.cpp”)
  
E:\Projects\Ying-Long-Engine\Ying-Long Engine\CodeFile\Graphics\Bindable\InputLayout.h(46,13): warning C4996: 'YingLong::Graphics': Use DX12Renderer instead
  (编译源文件“CodeFile/Application/Application.cpp”)
  
E:\Projects\Ying-Long-Engine\Ying-Long Engine\CodeFile\Graphics\Bindable\VertexShader.h(31,30): warning C4996: 'YingLong::Bindable': Use BindableDX12 instead
  (编译源文件“CodeFile/Application/Application.cpp”)
  
E:\Projects\Ying-Long-Engine\Ying-Long Engine\CodeFile\Graphics\Bindable\VertexShader.h(47,16): warning C4996: 'YingLong::Graphics': Use DX12Renderer instead
  (编译源文件“CodeFile/Application/Application.cpp”)
  
E:\Projects\Ying-Long-Engine\Ying-Long Engine\CodeFile\Graphics\Bindable\VertexShader.h(63,19): warning C4996: 'YingLong::Graphics': Use DX12Renderer instead
  (编译源文件“CodeFile/Application/Application.cpp”)
  
E:\Projects\Ying-Long-Engine\Ying-Long Engine\CodeFile\Graphics\Bindable\VertexShader.h(72,13): warning C4996: 'YingLong::Graphics': Use DX12Renderer instead
  (编译源文件“CodeFile/Application/Application.cpp”)
  
E:\Projects\Ying-Long-Engine\Ying-Long Engine\CodeFile\Graphics\Bindable\PixelShader.h(28,29): warning C4996: 'YingLong::Bindable': Use BindableDX12 instead
  (编译源文件“CodeFile/Application/Application.cpp”)
  
E:\Projects\Ying-Long-Engine\Ying-Long Engine\CodeFile\Graphics\Bindable\PixelShader.h(44,15): warning C4996: 'YingLong::Graphics': Use DX12Renderer instead
  (编译源文件“CodeFile/Application/Application.cpp”)
  
E:\Projects\Ying-Long-Engine\Ying-Long Engine\CodeFile\Graphics\Bindable\PixelShader.h(59,19): warning C4996: 'YingLong::Graphics': Use DX12Renderer instead
  (编译源文件“CodeFile/Application/Application.cpp”)
  
E:\Projects\Ying-Long-Engine\Ying-Long Engine\CodeFile\Graphics\Bindable\PixelShader.h(68,13): warning C4996: 'YingLong::Graphics': Use DX12Renderer instead
  (编译源文件“CodeFile/Application/Application.cpp”)
  
E:\Projects\Ying-Long-Engine\Ying-Long Engine\CodeFile\Graphics\Bindable\Topology.h(24,26): warning C4996: 'YingLong::Bindable': Use BindableDX12 instead
  (编译源文件“CodeFile/Application/Application.cpp”)
  
E:\Projects\Ying-Long-Engine\Ying-Long Engine\CodeFile\Graphics\Bindable\Topology.h(35,12): warning C4996: 'YingLong::Graphics': Use DX12Renderer instead
  (编译源文件“CodeFile/Application/Application.cpp”)
  
E:\Projects\Ying-Long-Engine\Ying-Long Engine\CodeFile\Graphics\Bindable\Topology.h(44,13): warning C4996: 'YingLong::Graphics': Use DX12Renderer instead
  (编译源文件“CodeFile/Application/Application.cpp”)
  
E:\Projects\Ying-Long-Engine\Ying-Long Engine\CodeFile\Graphics\Drawable\Capsule.h(45,19): warning C4996: 'YingLong::Graphics': Use DX12Renderer instead
  (编译源文件“CodeFile/EntryPoint/EntryPoint.cpp”)
  
E:\Projects\Ying-Long-Engine\Ying-Long Engine\CodeFile\Graphics\Bindable\InputLayout.h(24,29): warning C4996: 'YingLong::Bindable': Use BindableDX12 instead
  (编译源文件“CodeFile/EntryPoint/EntryPoint.cpp”)
  
E:\Projects\Ying-Long-Engine\Ying-Long Engine\CodeFile\Graphics\Bindable\InputLayout.h(36,15): warning C4996: 'YingLong::Graphics': Use DX12Renderer instead
  (编译源文件“CodeFile/EntryPoint/EntryPoint.cpp”)
  
E:\Projects\Ying-Long-Engine\Ying-Long Engine\CodeFile\Graphics\Bindable\InputLayout.h(46,13): warning C4996: 'YingLong::Graphics': Use DX12Renderer instead
  (编译源文件“CodeFile/EntryPoint/EntryPoint.cpp”)
  
E:\Projects\Ying-Long-Engine\Ying-Long Engine\CodeFile\Graphics\Bindable\VertexShader.h(31,30): warning C4996: 'YingLong::Bindable': Use BindableDX12 instead
  (编译源文件“CodeFile/EntryPoint/EntryPoint.cpp”)
  
E:\Projects\Ying-Long-Engine\Ying-Long Engine\CodeFile\Graphics\Bindable\VertexShader.h(47,16): warning C4996: 'YingLong::Graphics': Use DX12Renderer instead
  (编译源文件“CodeFile/EntryPoint/EntryPoint.cpp”)
  
E:\Projects\Ying-Long-Engine\Ying-Long Engine\CodeFile\Graphics\Bindable\VertexShader.h(63,19): warning C4996: 'YingLong::Graphics': Use DX12Renderer instead
  (编译源文件“CodeFile/EntryPoint/EntryPoint.cpp”)
  
E:\Projects\Ying-Long-Engine\Ying-Long Engine\CodeFile\Graphics\Bindable\VertexShader.h(72,13): warning C4996: 'YingLong::Graphics': Use DX12Renderer instead
  (编译源文件“CodeFile/EntryPoint/EntryPoint.cpp”)
  
E:\Projects\Ying-Long-Engine\Ying-Long Engine\CodeFile\Graphics\Bindable\PixelShader.h(28,29): warning C4996: 'YingLong::Bindable': Use BindableDX12 instead
  (编译源文件“CodeFile/EntryPoint/EntryPoint.cpp”)
  
E:\Projects\Ying-Long-Engine\Ying-Long Engine\CodeFile\Graphics\Bindable\PixelShader.h(44,15): warning C4996: 'YingLong::Graphics': Use DX12Renderer instead
  (编译源文件“CodeFile/EntryPoint/EntryPoint.cpp”)
  
E:\Projects\Ying-Long-Engine\Ying-Long Engine\CodeFile\Graphics\Bindable\PixelShader.h(59,19): warning C4996: 'YingLong::Graphics': Use DX12Renderer instead
  (编译源文件“CodeFile/EntryPoint/EntryPoint.cpp”)
  
E:\Projects\Ying-Long-Engine\Ying-Long Engine\CodeFile\Graphics\Bindable\PixelShader.h(68,13): warning C4996: 'YingLong::Graphics': Use DX12Renderer instead
  (编译源文件“CodeFile/EntryPoint/EntryPoint.cpp”)
  
E:\Projects\Ying-Long-Engine\Ying-Long Engine\CodeFile\Graphics\Bindable\Topology.h(24,26): warning C4996: 'YingLong::Bindable': Use BindableDX12 instead
  (编译源文件“CodeFile/EntryPoint/EntryPoint.cpp”)
  
E:\Projects\Ying-Long-Engine\Ying-Long Engine\CodeFile\Graphics\Bindable\Topology.h(35,12): warning C4996: 'YingLong::Graphics': Use DX12Renderer instead
  (编译源文件“CodeFile/EntryPoint/EntryPoint.cpp”)
  
E:\Projects\Ying-Long-Engine\Ying-Long Engine\CodeFile\Graphics\Bindable\Topology.h(44,13): warning C4996: 'YingLong::Graphics': Use DX12Renderer instead
  (编译源文件“CodeFile/EntryPoint/EntryPoint.cpp”)
  
E:\Projects\Ying-Long-Engine\Ying-Long Engine\CodeFile\Graphics\Bindable\Texture.h(25,25): warning C4996: 'YingLong::Bindable': Use BindableDX12 instead
  (编译源文件“CodeFile/Application/Application.cpp”)
  
E:\Projects\Ying-Long-Engine\Ying-Long Engine\CodeFile\Graphics\Bindable\Texture.h(42,11): warning C4996: 'YingLong::Graphics': Use DX12Renderer instead
  (编译源文件“CodeFile/Application/Application.cpp”)
  
E:\Projects\Ying-Long-Engine\Ying-Long Engine\CodeFile\Graphics\Bindable\Texture.h(59,19): warning C4996: 'YingLong::Graphics': Use DX12Renderer instead
  (编译源文件“CodeFile/Application/Application.cpp”)
  
E:\Projects\Ying-Long-Engine\Ying-Long Engine\CodeFile\Graphics\Bindable\Texture.h(68,13): warning C4996: 'YingLong::Graphics': Use DX12Renderer instead
  (编译源文件“CodeFile/Application/Application.cpp”)
  
E:\Projects\Ying-Long-Engine\Ying-Long Engine\CodeFile\Graphics\Bindable\VertexBuffer.h(29,33): warning C4996: 'YingLong::Bindable': Use BindableDX12 instead
  (编译源文件“CodeFile/Application/Application.cpp”)
  
E:\Projects\Ying-Long-Engine\Ying-Long Engine\CodeFile\Graphics\Bindable\VertexBuffer.h(46,22): warning C4996: 'YingLong::Graphics': Use DX12Renderer instead
  WARNING: Bindable.h is deprecated. Use BindableDX12 instead.
  (编译源文件“CodeFile/Application/Application.cpp”)
  
E:\Projects\Ying-Long-Engine\Ying-Long Engine\CodeFile\Graphics\Bindable\VertexBuffer.h(76,19): warning C4996: 'YingLong::Graphics': Use DX12Renderer instead
  (编译源文件“CodeFile/Application/Application.cpp”)
  
E:\Projects\Ying-Long-Engine\Ying-Long Engine\CodeFile\Graphics\Bindable\IndexBuffer.h(23,29): warning C4996: 'YingLong::Bindable': Use BindableDX12 instead
  (编译源文件“CodeFile/Application/Window/Window.cpp”)
  
E:\Projects\Ying-Long-Engine\Ying-Long Engine\CodeFile\Graphics\Bindable\IndexBuffer.h(34,15): warning C4996: 'YingLong::Graphics': Use DX12Renderer instead
  (编译源文件“CodeFile/Application/Window/Window.cpp”)
  
E:\Projects\Ying-Long-Engine\Ying-Long Engine\CodeFile\Graphics\Bindable\IndexBuffer.h(44,15): warning C4996: 'YingLong::Graphics': Use DX12Renderer instead
  (编译源文件“CodeFile/Application/Window/Window.cpp”)
  
E:\Projects\Ying-Long-Engine\Ying-Long Engine\CodeFile\Graphics\Bindable\IndexBuffer.h(53,13): warning C4996: 'YingLong::Graphics': Use DX12Renderer instead
  (编译源文件“CodeFile/Application/Window/Window.cpp”)
  
E:\Projects\Ying-Long-Engine\Ying-Long Engine\CodeFile\Graphics\Bindable\VertexBuffer.h(79,13): warning C4996: 'YingLong::Bindable::GetDevicContext': Use BindableDX12 instead
  WARNING: Drawable.h is deprecated. Use DX12Drawable instead.
  (编译源文件“CodeFile/Application/Application.cpp”)
  
E:\Projects\Ying-Long-Engine\Ying-Long Engine\CodeFile\Graphics\Drawable\SolidSphere.h(49,23): warning C4996: 'YingLong::Graphics': Use DX12Renderer instead
  (编译源文件“CodeFile/Application/Application.cpp”)
  
E:\Projects\Ying-Long-Engine\Ying-Long Engine\CodeFile\Graphics\Drawable\Drawable.h(92,13): warning C4996: 'YingLong::Graphics': Use DX12Renderer instead
  (编译源文件“CodeFile/Application/Window/Window.cpp”)
  
E:\Projects\Ying-Long-Engine\Ying-Long Engine\CodeFile\Graphics\Drawable\Drawable.h(116,32): warning C4996: 'YingLong::Bindable': Use BindableDX12 instead
  (编译源文件“CodeFile/Application/Window/Window.cpp”)
  
E:\Projects\Ying-Long-Engine\Ying-Long Engine\CodeFile\Graphics\Light\PointLight.h(90,14): warning C4996: 'YingLong::Graphics': Use DX12Renderer instead
  (编译源文件“CodeFile/Application/Application.cpp”)
  
E:\Projects\Ying-Long-Engine\Ying-Long Engine\CodeFile\Graphics\Light\PointLight.h(102,13): warning C4996: 'YingLong::Graphics': Use DX12Renderer instead
  (编译源文件“CodeFile/Application/Application.cpp”)
  
E:\Projects\Ying-Long-Engine\Ying-Long Engine\CodeFile\Graphics\Drawable\Drawable.h(144,45): warning C4996: 'YingLong::Bindable': Use BindableDX12 instead
  (编译源文件“CodeFile/Application/Window/Window.cpp”)
  
E:\Projects\Ying-Long-Engine\Ying-Long Engine\CodeFile\Graphics\Drawable\Drawable.h(148,31): warning C4996: 'YingLong::Bindable': Use BindableDX12 instead
  (编译源文件“CodeFile/Application/Window/Window.cpp”)
  
E:\Projects\Ying-Long-Engine\Ying-Long Engine\CodeFile\Graphics\Drawable\Box.h(51,15): warning C4996: 'YingLong::Graphics': Use DX12Renderer instead
  (编译源文件“CodeFile/Application/Application.cpp”)
  
E:\Projects\Ying-Long-Engine\Ying-Long Engine\CodeFile\Graphics\Bindable\Texture.h(25,25): warning C4996: 'YingLong::Bindable': Use BindableDX12 instead
  (编译源文件“CodeFile/EntryPoint/EntryPoint.cpp”)
  
E:\Projects\Ying-Long-Engine\Ying-Long Engine\CodeFile\Graphics\Bindable\Texture.h(42,11): warning C4996: 'YingLong::Graphics': Use DX12Renderer instead
  (编译源文件“CodeFile/EntryPoint/EntryPoint.cpp”)
  
E:\Projects\Ying-Long-Engine\Ying-Long Engine\CodeFile\Graphics\Bindable\Texture.h(59,19): warning C4996: 'YingLong::Graphics': Use DX12Renderer instead
  (编译源文件“CodeFile/EntryPoint/EntryPoint.cpp”)
  
E:\Projects\Ying-Long-Engine\Ying-Long Engine\CodeFile\Graphics\Bindable\Texture.h(68,13): warning C4996: 'YingLong::Graphics': Use DX12Renderer instead
  (编译源文件“CodeFile/EntryPoint/EntryPoint.cpp”)
  
E:\Projects\Ying-Long-Engine\Ying-Long Engine\CodeFile\Graphics\Drawable\DrawableBase.h(59,38): warning C4996: 'YingLong::Bindable': Use BindableDX12 instead
  (编译源文件“CodeFile/Application/Window/Window.cpp”)
      E:\Projects\Ying-Long-Engine\Ying-Long Engine\CodeFile\Graphics\Drawable\DrawableBase.h(59,38):
      模板实例化上下文(最早的实例化上下文)为
          E:\Projects\Ying-Long-Engine\Ying-Long Engine\CodeFile\Graphics\Drawable\DrawableBase.h(34,8):
          在编译类模板“YingLong::DrawableBase”时
  
E:\Projects\Ying-Long-Engine\Ying-Long Engine\CodeFile\Graphics\Drawable\DrawableBase.h(123,37): warning C4996: 'YingLong::Bindable': Use BindableDX12 instead
  (编译源文件“CodeFile/Application/Window/Window.cpp”)
  
E:\Projects\Ying-Long-Engine\Ying-Long Engine\CodeFile\Graphics\Drawable\DrawableBase.h(128,38): warning C4996: 'YingLong::Bindable': Use BindableDX12 instead
  (编译源文件“CodeFile/Application/Window/Window.cpp”)
  
E:\Projects\Ying-Long-Engine\Ying-Long Engine\CodeFile\Graphics\Bindable\VertexBuffer.h(29,33): warning C4996: 'YingLong::Bindable': Use BindableDX12 instead
  (编译源文件“CodeFile/EntryPoint/EntryPoint.cpp”)
  
E:\Projects\Ying-Long-Engine\Ying-Long Engine\CodeFile\Graphics\Bindable\VertexBuffer.h(46,22): warning C4996: 'YingLong::Graphics': Use DX12Renderer instead
  (编译源文件“CodeFile/EntryPoint/EntryPoint.cpp”)
  
E:\Projects\Ying-Long-Engine\Ying-Long Engine\CodeFile\Graphics\Bindable\VertexBuffer.h(76,19): warning C4996: 'YingLong::Graphics': Use DX12Renderer instead
  (编译源文件“CodeFile/EntryPoint/EntryPoint.cpp”)
  
E:\Projects\Ying-Long-Engine\Ying-Long Engine\CodeFile\Graphics\Bindable\VertexBuffer.h(79,13): warning C4996: 'YingLong::Bindable::GetDevicContext': Use BindableDX12 instead
  (编译源文件“CodeFile/EntryPoint/EntryPoint.cpp”)
  
E:\Projects\Ying-Long-Engine\Ying-Long Engine\CodeFile\Graphics\Drawable\DrawableBase.h(133,30): warning C4996: 'YingLong::Bindable': Use BindableDX12 instead
  (编译源文件“CodeFile/Application/Window/Window.cpp”)
  
E:\Projects\Ying-Long-Engine\Ying-Long Engine\CodeFile\Graphics\Drawable\SolidSphere.h(49,23): warning C4996: 'YingLong::Graphics': Use DX12Renderer instead
  (编译源文件“CodeFile/EntryPoint/EntryPoint.cpp”)
  
E:\Projects\Ying-Long-Engine\Ying-Long Engine\CodeFile\Graphics\Bindable\ConstantBuffers.h(49,15): warning C4996: 'YingLong::Graphics': Use DX12Renderer instead
  (编译源文件“CodeFile/Application/Window/Window.cpp”)
      E:\Projects\Ying-Long-Engine\Ying-Long Engine\CodeFile\Graphics\Bindable\ConstantBuffers.h(49,15):
      模板实例化上下文(最早的实例化上下文)为
          E:\Projects\Ying-Long-Engine\Ying-Long Engine\CodeFile\Graphics\Bindable\ConstantBuffers.h(26,9):
          在编译类模板“YingLong::ConstantBuffer”时
  
E:\Projects\Ying-Long-Engine\Ying-Long Engine\CodeFile\Graphics\Bindable\ConstantBuffers.h(82,18): warning C4996: 'YingLong::Graphics': Use DX12Renderer instead
  (编译源文件“CodeFile/Application/Window/Window.cpp”)
  
E:\Projects\Ying-Long-Engine\Ying-Long Engine\CodeFile\Graphics\Bindable\ConstantBuffers.h(116,18): warning C4996: 'YingLong::Graphics': Use DX12Renderer instead
  (编译源文件“CodeFile/Application/Window/Window.cpp”)
  
E:\Projects\Ying-Long-Engine\Ying-Long Engine\CodeFile\Graphics\Light\PointLight.h(90,14): warning C4996: 'YingLong::Graphics': Use DX12Renderer instead
  (编译源文件“CodeFile/EntryPoint/EntryPoint.cpp”)
  
E:\Projects\Ying-Long-Engine\Ying-Long Engine\CodeFile\Graphics\Light\PointLight.h(102,13): warning C4996: 'YingLong::Graphics': Use DX12Renderer instead
  (编译源文件“CodeFile/EntryPoint/EntryPoint.cpp”)
  
E:\Projects\Ying-Long-Engine\Ying-Long Engine\CodeFile\Graphics\Bindable\ConstantBuffers.h(164,13): warning C4996: 'YingLong::Graphics': Use DX12Renderer instead
  (编译源文件“CodeFile/Application/Window/Window.cpp”)
      E:\Projects\Ying-Long-Engine\Ying-Long Engine\CodeFile\Graphics\Bindable\ConstantBuffers.h(164,13):
      模板实例化上下文(最早的实例化上下文)为
          E:\Projects\Ying-Long-Engine\Ying-Long Engine\CodeFile\Graphics\Bindable\ConstantBuffers.h(149,8):
          在编译类模板“YingLong::VertexConstantBuffer”时
  
E:\Projects\Ying-Long-Engine\Ying-Long Engine\CodeFile\Graphics\Bindable\ConstantBuffers.h(194,13): warning C4996: 'YingLong::Graphics': Use DX12Renderer instead
  (编译源文件“CodeFile/Application/Window/Window.cpp”)
      E:\Projects\Ying-Long-Engine\Ying-Long Engine\CodeFile\Graphics\Bindable\ConstantBuffers.h(194,13):
      模板实例化上下文(最早的实例化上下文)为
          E:\Projects\Ying-Long-Engine\Ying-Long Engine\CodeFile\Graphics\Bindable\ConstantBuffers.h(180,8):
          在编译类模板“YingLong::PixelConstantBuffer”时
  
E:\Projects\Ying-Long-Engine\Ying-Long Engine\CodeFile\Graphics\Bindable\TransformConstantBuffer.h(30,41): warning C4996: 'YingLong::Bindable': Use BindableDX12 instead
  (编译源文件“CodeFile/Application/Window/Window.cpp”)
  
E:\Projects\Ying-Long-Engine\Ying-Long Engine\CodeFile\Graphics\Drawable\Box.h(51,15): warning C4996: 'YingLong::Graphics': Use DX12Renderer instead
  (编译源文件“CodeFile/EntryPoint/EntryPoint.cpp”)
  
E:\Projects\Ying-Long-Engine\Ying-Long Engine\CodeFile\Graphics\Bindable\TransformConstantBuffer.h(42,27): warning C4996: 'YingLong::Graphics': Use DX12Renderer instead
  (编译源文件“CodeFile/Application/Window/Window.cpp”)
  
E:\Projects\Ying-Long-Engine\Ying-Long Engine\CodeFile\Graphics\Bindable\TransformConstantBuffer.h(42,53): warning C4996: 'YingLong::Drawable': Use DX12Drawable instead
  (编译源文件“CodeFile/Application/Window/Window.cpp”)
  
E:\Projects\Ying-Long-Engine\Ying-Long Engine\CodeFile\Graphics\Bindable\TransformConstantBuffer.h(54,13): warning C4996: 'YingLong::Graphics': Use DX12Renderer instead
  (编译源文件“CodeFile/Application/Window/Window.cpp”)
  
E:\Projects\Ying-Long-Engine\Ying-Long Engine\CodeFile\Graphics\Bindable\TransformConstantBuffer.h(70,9): warning C4996: 'YingLong::Drawable': Use DX12Drawable instead
  (编译源文件“CodeFile/Application/Window/Window.cpp”)
  
E:\Projects\Ying-Long-Engine\Ying-Long Engine\CodeFile\Graphics\Bindable\SolidColorConstantBuffer.h(40,42): warning C4996: 'YingLong::Bindable': Use BindableDX12 instead
  (编译源文件“CodeFile/Application/Window/Window.cpp”)
  
E:\Projects\Ying-Long-Engine\Ying-Long Engine\CodeFile\Graphics\Bindable\SolidColorConstantBuffer.h(51,28): warning C4996: 'YingLong::Graphics': Use DX12Renderer instead
  (编译源文件“CodeFile/Application/Window/Window.cpp”)
  
E:\Projects\Ying-Long-Engine\Ying-Long Engine\CodeFile\Graphics\Bindable\SolidColorConstantBuffer.h(60,13): warning C4996: 'YingLong::Graphics': Use DX12Renderer instead
  (编译源文件“CodeFile/Application/Window/Window.cpp”)
  
E:\Projects\Ying-Long-Engine\Ying-Long Engine\CodeFile\Graphics\Drawable\Capsule.h(45,19): warning C4996: 'YingLong::Graphics': Use DX12Renderer instead
  (编译源文件“CodeFile/Application/Window/Window.cpp”)
  
E:\Projects\Ying-Long-Engine\Ying-Long Engine\CodeFile\Graphics\Bindable\InputLayout.h(24,29): warning C4996: 'YingLong::Bindable': Use BindableDX12 instead
  (编译源文件“CodeFile/Application/Window/Window.cpp”)
  
E:\Projects\Ying-Long-Engine\Ying-Long Engine\CodeFile\Graphics\Bindable\InputLayout.h(36,15): warning C4996: 'YingLong::Graphics': Use DX12Renderer instead
  (编译源文件“CodeFile/Application/Window/Window.cpp”)
  
E:\Projects\Ying-Long-Engine\Ying-Long Engine\CodeFile\Graphics\Bindable\InputLayout.h(46,13): warning C4996: 'YingLong::Graphics': Use DX12Renderer instead
  (编译源文件“CodeFile/Application/Window/Window.cpp”)
  
E:\Projects\Ying-Long-Engine\Ying-Long Engine\CodeFile\Graphics\Bindable\VertexShader.h(31,30): warning C4996: 'YingLong::Bindable': Use BindableDX12 instead
  (编译源文件“CodeFile/Application/Window/Window.cpp”)
  
E:\Projects\Ying-Long-Engine\Ying-Long Engine\CodeFile\Graphics\Bindable\VertexShader.h(47,16): warning C4996: 'YingLong::Graphics': Use DX12Renderer instead
  (编译源文件“CodeFile/Application/Window/Window.cpp”)
  
E:\Projects\Ying-Long-Engine\Ying-Long Engine\CodeFile\Graphics\Bindable\VertexShader.h(63,19): warning C4996: 'YingLong::Graphics': Use DX12Renderer instead
  (编译源文件“CodeFile/Application/Window/Window.cpp”)
  
E:\Projects\Ying-Long-Engine\Ying-Long Engine\CodeFile\Graphics\Bindable\VertexShader.h(72,13): warning C4996: 'YingLong::Graphics': Use DX12Renderer instead
  (编译源文件“CodeFile/Application/Window/Window.cpp”)
  
E:\Projects\Ying-Long-Engine\Ying-Long Engine\CodeFile\Graphics\Bindable\PixelShader.h(28,29): warning C4996: 'YingLong::Bindable': Use BindableDX12 instead
  (编译源文件“CodeFile/Application/Window/Window.cpp”)
  
E:\Projects\Ying-Long-Engine\Ying-Long Engine\CodeFile\Graphics\Bindable\PixelShader.h(44,15): warning C4996: 'YingLong::Graphics': Use DX12Renderer instead
  (编译源文件“CodeFile/Application/Window/Window.cpp”)
  
E:\Projects\Ying-Long-Engine\Ying-Long Engine\CodeFile\Graphics\Bindable\PixelShader.h(59,19): warning C4996: 'YingLong::Graphics': Use DX12Renderer instead
  (编译源文件“CodeFile/Application/Window/Window.cpp”)
  
E:\Projects\Ying-Long-Engine\Ying-Long Engine\CodeFile\Graphics\Bindable\PixelShader.h(68,13): warning C4996: 'YingLong::Graphics': Use DX12Renderer instead
  (编译源文件“CodeFile/Application/Window/Window.cpp”)
  
E:\Projects\Ying-Long-Engine\Ying-Long Engine\CodeFile\Graphics\Bindable\Topology.h(24,26): warning C4996: 'YingLong::Bindable': Use BindableDX12 instead
  (编译源文件“CodeFile/Application/Window/Window.cpp”)
  
E:\Projects\Ying-Long-Engine\Ying-Long Engine\CodeFile\Graphics\Bindable\Topology.h(35,12): warning C4996: 'YingLong::Graphics': Use DX12Renderer instead
  (编译源文件“CodeFile/Application/Window/Window.cpp”)
  
E:\Projects\Ying-Long-Engine\Ying-Long Engine\CodeFile\Graphics\Bindable\Topology.h(44,13): warning C4996: 'YingLong::Graphics': Use DX12Renderer instead
  (编译源文件“CodeFile/Application/Window/Window.cpp”)
  
E:\Projects\Ying-Long-Engine\Ying-Long Engine\CodeFile\Application\Window\Window.h(176,3): warning C4996: 'YingLong::Graphics': Use DX12Renderer instead
  (编译源文件“CodeFile/Application/Application.cpp”)
  
E:\Projects\Ying-Long-Engine\Ying-Long Engine\CodeFile\Application\Window\Window.h(244,19): warning C4996: 'YingLong::Graphics': Use DX12Renderer instead
  (编译源文件“CodeFile/Application/Application.cpp”)
  
E:\Projects\Ying-Long-Engine\Ying-Long Engine\CodeFile\Graphics\Drawable\SolidCone.h(55,21): warning C4996: 'YingLong::Graphics': Use DX12Renderer instead
  (编译源文件“CodeFile/Application/Application.cpp”)
  
E:\Projects\Ying-Long-Engine\Ying-Long Engine\CodeFile\Graphics\Light\SpotLight.h(105,13): warning C4996: 'YingLong::Graphics': Use DX12Renderer instead
  (编译源文件“CodeFile/Application/Application.cpp”)
  
E:\Projects\Ying-Long-Engine\Ying-Long Engine\CodeFile\Graphics\Light\SpotLight.h(117,13): warning C4996: 'YingLong::Graphics': Use DX12Renderer instead
  (编译源文件“CodeFile/Application/Application.cpp”)
  
E:\Projects\Ying-Long-Engine\Ying-Long Engine\CodeFile\Graphics\Light\LightManager.h(40,26): warning C4996: 'YingLong::Graphics': Use DX12Renderer instead
  (编译源文件“CodeFile/Application/Application.cpp”)
  
E:\Projects\Ying-Long-Engine\Ying-Long Engine\CodeFile\Graphics\Light\LightManager.h(70,22): warning C4996: 'YingLong::Graphics': Use DX12Renderer instead
  (编译源文件“CodeFile/Application/Application.cpp”)
  
E:\Projects\Ying-Long-Engine\Ying-Long Engine\CodeFile\Application\Window\Window.h(176,3): warning C4996: 'YingLong::Graphics': Use DX12Renderer instead
  (编译源文件“CodeFile/EntryPoint/EntryPoint.cpp”)
  
E:\Projects\Ying-Long-Engine\Ying-Long Engine\CodeFile\Application\Window\Window.h(244,19): warning C4996: 'YingLong::Graphics': Use DX12Renderer instead
  (编译源文件“CodeFile/EntryPoint/EntryPoint.cpp”)
  
E:\Projects\Ying-Long-Engine\Ying-Long Engine\CodeFile\Graphics\Drawable\SolidCone.h(55,21): warning C4996: 'YingLong::Graphics': Use DX12Renderer instead
  (编译源文件“CodeFile/EntryPoint/EntryPoint.cpp”)
  
E:\Projects\Ying-Long-Engine\Ying-Long Engine\CodeFile\Graphics\Light\SpotLight.h(105,13): warning C4996: 'YingLong::Graphics': Use DX12Renderer instead
  (编译源文件“CodeFile/EntryPoint/EntryPoint.cpp”)
  
E:\Projects\Ying-Long-Engine\Ying-Long Engine\CodeFile\Graphics\Light\SpotLight.h(117,13): warning C4996: 'YingLong::Graphics': Use DX12Renderer instead
  (编译源文件“CodeFile/EntryPoint/EntryPoint.cpp”)
  
E:\Projects\Ying-Long-Engine\Ying-Long Engine\CodeFile\Graphics\Light\LightManager.h(40,26): warning C4996: 'YingLong::Graphics': Use DX12Renderer instead
  (编译源文件“CodeFile/EntryPoint/EntryPoint.cpp”)
  
E:\Projects\Ying-Long-Engine\Ying-Long Engine\CodeFile\Graphics\Light\LightManager.h(70,22): warning C4996: 'YingLong::Graphics': Use DX12Renderer instead
  (编译源文件“CodeFile/EntryPoint/EntryPoint.cpp”)
  
E:\Projects\Ying-Long-Engine\Ying-Long Engine\CodeFile\Graphics\Bindable\Texture.h(25,25): warning C4996: 'YingLong::Bindable': Use BindableDX12 instead
  (编译源文件“CodeFile/Application/Window/Window.cpp”)
  
E:\Projects\Ying-Long-Engine\Ying-Long Engine\CodeFile\Graphics\Bindable\Texture.h(42,11): warning C4996: 'YingLong::Graphics': Use DX12Renderer instead
  (编译源文件“CodeFile/Application/Window/Window.cpp”)
  
E:\Projects\Ying-Long-Engine\Ying-Long Engine\CodeFile\Graphics\Bindable\Texture.h(59,19): warning C4996: 'YingLong::Graphics': Use DX12Renderer instead
  (编译源文件“CodeFile/Application/Window/Window.cpp”)
  
E:\Projects\Ying-Long-Engine\Ying-Long Engine\CodeFile\Graphics\Bindable\Texture.h(68,13): warning C4996: 'YingLong::Graphics': Use DX12Renderer instead
  (编译源文件“CodeFile/Application/Window/Window.cpp”)
  
E:\Projects\Ying-Long-Engine\Ying-Long Engine\CodeFile\Graphics\Bindable\VertexBuffer.h(29,33): warning C4996: 'YingLong::Bindable': Use BindableDX12 instead
  (编译源文件“CodeFile/Application/Window/Window.cpp”)
  
E:\Projects\Ying-Long-Engine\Ying-Long Engine\CodeFile\Graphics\Bindable\VertexBuffer.h(46,22): warning C4996: 'YingLong::Graphics': Use DX12Renderer instead
  (编译源文件“CodeFile/Application/Window/Window.cpp”)
  
E:\Projects\Ying-Long-Engine\Ying-Long Engine\CodeFile\Graphics\Bindable\VertexBuffer.h(76,19): warning C4996: 'YingLong::Graphics': Use DX12Renderer instead
  (编译源文件“CodeFile/Application/Window/Window.cpp”)
  
E:\Projects\Ying-Long-Engine\Ying-Long Engine\CodeFile\Graphics\Bindable\VertexBuffer.h(79,13): warning C4996: 'YingLong::Bindable::GetDevicContext': Use BindableDX12 instead
  (编译源文件“CodeFile/Application/Window/Window.cpp”)
  
E:\Projects\Ying-Long-Engine\Ying-Long Engine\CodeFile\Graphics\Drawable\SolidSphere.h(49,23): warning C4996: 'YingLong::Graphics': Use DX12Renderer instead
  (编译源文件“CodeFile/Application/Window/Window.cpp”)
  
E:\Projects\Ying-Long-Engine\Ying-Long Engine\CodeFile\Graphics\Light\PointLight.h(90,14): warning C4996: 'YingLong::Graphics': Use DX12Renderer instead
  (编译源文件“CodeFile/Application/Window/Window.cpp”)
  
E:\Projects\Ying-Long-Engine\Ying-Long Engine\CodeFile\Graphics\Light\PointLight.h(102,13): warning C4996: 'YingLong::Graphics': Use DX12Renderer instead
  (编译源文件“CodeFile/Application/Window/Window.cpp”)
  
E:\Projects\Ying-Long-Engine\Ying-Long Engine\CodeFile\Graphics\Drawable\Box.h(51,15): warning C4996: 'YingLong::Graphics': Use DX12Renderer instead
  (编译源文件“CodeFile/Application/Window/Window.cpp”)
  
E:\Projects\Ying-Long-Engine\Ying-Long Engine\CodeFile\Graphics\Drawable\SolidCone.h(55,21): warning C4996: 'YingLong::Graphics': Use DX12Renderer instead
  (编译源文件“CodeFile/Application/Window/Window.cpp”)
  
E:\Projects\Ying-Long-Engine\Ying-Long Engine\CodeFile\Graphics\Light\SpotLight.h(105,13): warning C4996: 'YingLong::Graphics': Use DX12Renderer instead
  (编译源文件“CodeFile/Application/Window/Window.cpp”)
  
E:\Projects\Ying-Long-Engine\Ying-Long Engine\CodeFile\Graphics\Light\SpotLight.h(117,13): warning C4996: 'YingLong::Graphics': Use DX12Renderer instead
  (编译源文件“CodeFile/Application/Window/Window.cpp”)
  
E:\Projects\Ying-Long-Engine\Ying-Long Engine\CodeFile\Graphics\Light\LightManager.h(40,26): warning C4996: 'YingLong::Graphics': Use DX12Renderer instead
  (编译源文件“CodeFile/Application/Window/Window.cpp”)
  
E:\Projects\Ying-Long-Engine\Ying-Long Engine\CodeFile\Graphics\Light\LightManager.h(70,22): warning C4996: 'YingLong::Graphics': Use DX12Renderer instead
  (编译源文件“CodeFile/Application/Window/Window.cpp”)
  
E:\Projects\Ying-Long-Engine\Ying-Long Engine\CodeFile\Graphics\Bindable\Sampler.h(23,25): warning C4996: 'YingLong::Bindable': Use BindableDX12 instead
  (编译源文件“CodeFile/Application/Application.cpp”)
  
E:\Projects\Ying-Long-Engine\Ying-Long Engine\CodeFile\Graphics\Bindable\Sampler.h(38,11): warning C4996: 'YingLong::Graphics': Use DX12Renderer instead
  (编译源文件“CodeFile/Application/Application.cpp”)
  
E:\Projects\Ying-Long-Engine\Ying-Long Engine\CodeFile\Graphics\Bindable\Sampler.h(53,26): warning C4996: 'YingLong::Graphics': Use DX12Renderer instead
  (编译源文件“CodeFile/Application/Application.cpp”)
  
E:\Projects\Ying-Long-Engine\Ying-Long Engine\CodeFile\Graphics\Bindable\Sampler.h(62,13): warning C4996: 'YingLong::Graphics': Use DX12Renderer instead
  (编译源文件“CodeFile/Application/Application.cpp”)
  
E:\Projects\Ying-Long-Engine\Ying-Long Engine\CodeFile\Graphics\Drawable\Mesh.h(92,19): warning C4996: 'YingLong::Graphics': Use DX12Renderer instead
  (编译源文件“CodeFile/Application/Application.cpp”)
  
E:\Projects\Ying-Long-Engine\Ying-Long Engine\CodeFile\Graphics\Drawable\Mesh.h(106,13): warning C4996: 'YingLong::Graphics': Use DX12Renderer instead
  (编译源文件“CodeFile/Application/Application.cpp”)
  
E:\Projects\Ying-Long-Engine\Ying-Long Engine\CodeFile\Graphics\Bindable\ConstantBuffers.h(32,3): warning C4996: 'YingLong::Bindable::~Bindable': Use BindableDX12 instead
  (编译源文件“CodeFile/Application/Application.cpp”)
      E:\Projects\Ying-Long-Engine\Ying-Long Engine\CodeFile\Graphics\Bindable\ConstantBuffers.h(202,1):
      参见对函数 "YingLong::ConstantBuffer<C>::ConstantBuffer(void)" 的引用
          with
          [
              C=YingLong::MaterialCBufferData
          ]
  
E:\Projects\Ying-Long-Engine\Ying-Long Engine\CodeFile\Graphics\Drawable\Mesh.h(141,8): warning C4996: 'YingLong::Graphics': Use DX12Renderer instead
  (编译源文件“CodeFile/Application/Application.cpp”)
  
E:\Projects\Ying-Long-Engine\Ying-Long Engine\CodeFile\Graphics\Drawable\Model.h(42,9): warning C4996: 'YingLong::Graphics': Use DX12Renderer instead
  (编译源文件“CodeFile/Application/Application.cpp”)
  
E:\Projects\Ying-Long-Engine\Ying-Long Engine\CodeFile\Graphics\Drawable\Model.h(62,13): warning C4996: 'YingLong::Graphics': Use DX12Renderer instead
  (编译源文件“CodeFile/Application/Application.cpp”)
  
E:\Projects\Ying-Long-Engine\Ying-Long Engine\CodeFile\Graphics\Bindable\Sampler.h(23,25): warning C4996: 'YingLong::Bindable': Use BindableDX12 instead
  (编译源文件“CodeFile/EntryPoint/EntryPoint.cpp”)
  
E:\Projects\Ying-Long-Engine\Ying-Long Engine\CodeFile\Graphics\Bindable\Sampler.h(38,11): warning C4996: 'YingLong::Graphics': Use DX12Renderer instead
  (编译源文件“CodeFile/EntryPoint/EntryPoint.cpp”)
  
E:\Projects\Ying-Long-Engine\Ying-Long Engine\CodeFile\Graphics\Bindable\Sampler.h(53,26): warning C4996: 'YingLong::Graphics': Use DX12Renderer instead
  (编译源文件“CodeFile/EntryPoint/EntryPoint.cpp”)
  
E:\Projects\Ying-Long-Engine\Ying-Long Engine\CodeFile\Graphics\Bindable\Sampler.h(62,13): warning C4996: 'YingLong::Graphics': Use DX12Renderer instead
  (编译源文件“CodeFile/EntryPoint/EntryPoint.cpp”)
  
E:\Projects\Ying-Long-Engine\Ying-Long Engine\CodeFile\Graphics\Drawable\Mesh.h(92,19): warning C4996: 'YingLong::Graphics': Use DX12Renderer instead
  (编译源文件“CodeFile/EntryPoint/EntryPoint.cpp”)
  
E:\Projects\Ying-Long-Engine\Ying-Long Engine\CodeFile\Graphics\Drawable\Mesh.h(106,13): warning C4996: 'YingLong::Graphics': Use DX12Renderer instead
  (编译源文件“CodeFile/EntryPoint/EntryPoint.cpp”)
  
E:\Projects\Ying-Long-Engine\Ying-Long Engine\CodeFile\Graphics\Bindable\ConstantBuffers.h(32,3): warning C4996: 'YingLong::Bindable::~Bindable': Use BindableDX12 instead
  (编译源文件“CodeFile/EntryPoint/EntryPoint.cpp”)
      E:\Projects\Ying-Long-Engine\Ying-Long Engine\CodeFile\Graphics\Bindable\ConstantBuffers.h(202,1):
      参见对函数 "YingLong::ConstantBuffer<C>::ConstantBuffer(void)" 的引用
          with
          [
              C=YingLong::MaterialCBufferData
          ]
  
E:\Projects\Ying-Long-Engine\Ying-Long Engine\CodeFile\Graphics\Drawable\Mesh.h(141,8): warning C4996: 'YingLong::Graphics': Use DX12Renderer instead
  (编译源文件“CodeFile/EntryPoint/EntryPoint.cpp”)
  
E:\Projects\Ying-Long-Engine\Ying-Long Engine\CodeFile\Graphics\Drawable\Model.h(42,9): warning C4996: 'YingLong::Graphics': Use DX12Renderer instead
  (编译源文件“CodeFile/EntryPoint/EntryPoint.cpp”)
  
E:\Projects\Ying-Long-Engine\Ying-Long Engine\CodeFile\Graphics\Drawable\Model.h(62,13): warning C4996: 'YingLong::Graphics': Use DX12Renderer instead
  (编译源文件“CodeFile/EntryPoint/EntryPoint.cpp”)
  
E:\Projects\Ying-Long-Engine\Ying-Long Engine\CodeFile\Graphics\Bindable\Sampler.h(23,25): warning C4996: 'YingLong::Bindable': Use BindableDX12 instead
  (编译源文件“CodeFile/Application/Window/Window.cpp”)
  
E:\Projects\Ying-Long-Engine\Ying-Long Engine\CodeFile\Graphics\Bindable\Sampler.h(38,11): warning C4996: 'YingLong::Graphics': Use DX12Renderer instead
  (编译源文件“CodeFile/Application/Window/Window.cpp”)
  
E:\Projects\Ying-Long-Engine\Ying-Long Engine\CodeFile\Graphics\Bindable\Sampler.h(53,26): warning C4996: 'YingLong::Graphics': Use DX12Renderer instead
  (编译源文件“CodeFile/Application/Window/Window.cpp”)
  
E:\Projects\Ying-Long-Engine\Ying-Long Engine\CodeFile\Graphics\Bindable\Sampler.h(62,13): warning C4996: 'YingLong::Graphics': Use DX12Renderer instead
  (编译源文件“CodeFile/Application/Window/Window.cpp”)
  
E:\Projects\Ying-Long-Engine\Ying-Long Engine\CodeFile\Graphics\Drawable\Mesh.h(92,19): warning C4996: 'YingLong::Graphics': Use DX12Renderer instead
  (编译源文件“CodeFile/Application/Window/Window.cpp”)
  
E:\Projects\Ying-Long-Engine\Ying-Long Engine\CodeFile\Graphics\Drawable\Mesh.h(106,13): warning C4996: 'YingLong::Graphics': Use DX12Renderer instead
  (编译源文件“CodeFile/Application/Window/Window.cpp”)
  
E:\Projects\Ying-Long-Engine\Ying-Long Engine\CodeFile\Graphics\Bindable\ConstantBuffers.h(32,3): warning C4996: 'YingLong::Bindable::~Bindable': Use BindableDX12 instead
  (编译源文件“CodeFile/Application/Window/Window.cpp”)
      E:\Projects\Ying-Long-Engine\Ying-Long Engine\CodeFile\Graphics\Bindable\ConstantBuffers.h(202,1):
      参见对函数 "YingLong::ConstantBuffer<C>::ConstantBuffer(void)" 的引用
          with
          [
              C=YingLong::MaterialCBufferData
          ]
  
E:\Projects\Ying-Long-Engine\Ying-Long Engine\CodeFile\Graphics\Drawable\Mesh.h(141,8): warning C4996: 'YingLong::Graphics': Use DX12Renderer instead
  (编译源文件“CodeFile/Application/Window/Window.cpp”)
  
E:\Projects\Ying-Long-Engine\Ying-Long Engine\CodeFile\Graphics\Drawable\Model.h(42,9): warning C4996: 'YingLong::Graphics': Use DX12Renderer instead
  (编译源文件“CodeFile/Application/Window/Window.cpp”)
  
E:\Projects\Ying-Long-Engine\Ying-Long Engine\CodeFile\Graphics\Drawable\Model.h(62,13): warning C4996: 'YingLong::Graphics': Use DX12Renderer instead
  (编译源文件“CodeFile/Application/Window/Window.cpp”)
  
  WARNING: Bindable.h is deprecated. Use BindableDX12 instead.
E:\Projects\Ying-Long-Engine\Ying-Long Engine\CodeFile\Graphics\Bindable\Texture.h(25,25): warning C4996: 'YingLong::Bindable': Use BindableDX12 instead
  (编译源文件“CodeFile/ECS/System/PhysicsSystem.cpp”)
  
E:\Projects\Ying-Long-Engine\Ying-Long Engine\CodeFile\Graphics\Bindable\IndexBuffer.h(23,29): warning C4996: 'YingLong::Bindable': Use BindableDX12 instead
  (编译源文件“CodeFile/ECS/System/PhysicsSystem.cpp”)
  
  WARNING: Drawable.h is deprecated. Use DX12Drawable instead.
E:\Projects\Ying-Long-Engine\Ying-Long Engine\CodeFile\Graphics\Drawable\Drawable.h(116,32): warning C4996: 'YingLong::Bindable': Use BindableDX12 instead
  (编译源文件“CodeFile/ECS/System/PhysicsSystem.cpp”)
  
E:\Projects\Ying-Long-Engine\Ying-Long Engine\CodeFile\Graphics\Drawable\Drawable.h(144,45): warning C4996: 'YingLong::Bindable': Use BindableDX12 instead
  (编译源文件“CodeFile/ECS/System/PhysicsSystem.cpp”)
  
E:\Projects\Ying-Long-Engine\Ying-Long Engine\CodeFile\Graphics\Drawable\Drawable.h(148,31): warning C4996: 'YingLong::Bindable': Use BindableDX12 instead
  (编译源文件“CodeFile/ECS/System/PhysicsSystem.cpp”)
  
E:\Projects\Ying-Long-Engine\Ying-Long Engine\CodeFile\Graphics\Drawable\DrawableBase.h(59,38): warning C4996: 'YingLong::Bindable': Use BindableDX12 instead
  (编译源文件“CodeFile/ECS/System/PhysicsSystem.cpp”)
      E:\Projects\Ying-Long-Engine\Ying-Long Engine\CodeFile\Graphics\Drawable\DrawableBase.h(59,38):
      模板实例化上下文(最早的实例化上下文)为
          E:\Projects\Ying-Long-Engine\Ying-Long Engine\CodeFile\Graphics\Drawable\DrawableBase.h(34,8):
          在编译类模板“YingLong::DrawableBase”时
  
E:\Projects\Ying-Long-Engine\Ying-Long Engine\CodeFile\Graphics\Drawable\DrawableBase.h(123,37): warning C4996: 'YingLong::Bindable': Use BindableDX12 instead
  (编译源文件“CodeFile/ECS/System/PhysicsSystem.cpp”)
  
E:\Projects\Ying-Long-Engine\Ying-Long Engine\CodeFile\Graphics\Drawable\DrawableBase.h(128,38): warning C4996: 'YingLong::Bindable': Use BindableDX12 instead
  (编译源文件“CodeFile/ECS/System/PhysicsSystem.cpp”)
  
E:\Projects\Ying-Long-Engine\Ying-Long Engine\CodeFile\Graphics\Drawable\DrawableBase.h(133,30): warning C4996: 'YingLong::Bindable': Use BindableDX12 instead
  (编译源文件“CodeFile/ECS/System/PhysicsSystem.cpp”)
  
E:\Projects\Ying-Long-Engine\Ying-Long Engine\CodeFile\Graphics\Bindable\InputLayout.h(24,29): warning C4996: 'YingLong::Bindable': Use BindableDX12 instead
  (编译源文件“CodeFile/ECS/System/PhysicsSystem.cpp”)
  
  WARNING: Graphics.h is deprecated. Use DX12Renderer instead.
  WARNING: DepthStencil.h is deprecated. Use DepthStencilDX12 instead.
  WARNING: RenderTarget.h is deprecated. Use RenderTargetDX12 instead.
E:\Projects\Ying-Long-Engine\Ying-Long Engine\CodeFile\Graphics\Graphics.h(238,19): warning C4996: 'YingLong::RenderTarget': Use RenderTargetDX12 instead
  (编译源文件“CodeFile/Graphics/Bindable/Rasterizer.cpp”)
  
E:\Projects\Ying-Long-Engine\Ying-Long Engine\CodeFile\Graphics\Graphics.h(239,19): warning C4996: 'YingLong::RenderTarget': Use RenderTargetDX12 instead
  (编译源文件“CodeFile/Graphics/Bindable/Rasterizer.cpp”)
  
E:\Projects\Ying-Long-Engine\Ying-Long Engine\CodeFile\Graphics\Graphics.h(240,19): warning C4996: 'YingLong::DepthStencil': Use DepthStencilDX12 instead
  (编译源文件“CodeFile/Graphics/Bindable/Rasterizer.cpp”)
  
E:\Projects\Ying-Long-Engine\Ying-Long Engine\CodeFile\Graphics\Bindable\Rasterizer.cpp(11,25): warning C4996: 'YingLong::Graphics': Use DX12Renderer instead
E:\Projects\Ying-Long-Engine\Ying-Long Engine\CodeFile\Graphics\Bindable\Rasterizer.cpp(12,2): warning C4996: 'YingLong::Bindable::~Bindable': Use BindableDX12 instead
E:\Projects\Ying-Long-Engine\Ying-Long Engine\CodeFile\Graphics\Bindable\Rasterizer.cpp(26,3): warning C4996: 'YingLong::Bindable::GetDevice': Use BindableDX12 instead
E:\Projects\Ying-Long-Engine\Ying-Long Engine\CodeFile\Graphics\Bindable\Rasterizer.cpp(29,24): warning C4996: 'YingLong::Graphics': Use DX12Renderer instead
E:\Projects\Ying-Long-Engine\Ying-Long Engine\CodeFile\Graphics\Bindable\Rasterizer.cpp(31,3): warning C4996: 'YingLong::Bindable::GetDevicContext': Use BindableDX12 instead
  VertexShader.cpp
  Camera.cpp
  WARNING: Bindable.h is deprecated. Use BindableDX12 instead.
  WARNING: DepthStencil.h is deprecated. Use DepthStencilDX12 instead.
  WARNING: RenderTarget.h is deprecated. Use RenderTargetDX12 instead.
E:\Projects\Ying-Long-Engine\Ying-Long Engine\CodeFile\Graphics\Graphics.h(238,19): warning C4996: 'YingLong::RenderTarget': Use RenderTargetDX12 instead
  (编译源文件“CodeFile/ECS/System/PhysicsSystem.cpp”)
  
E:\Projects\Ying-Long-Engine\Ying-Long Engine\CodeFile\Graphics\Graphics.h(239,19): warning C4996: 'YingLong::RenderTarget': Use RenderTargetDX12 instead
  (编译源文件“CodeFile/ECS/System/PhysicsSystem.cpp”)
  
E:\Projects\Ying-Long-Engine\Ying-Long Engine\CodeFile\Graphics\Graphics.h(240,19): warning C4996: 'YingLong::DepthStencil': Use DepthStencilDX12 instead
  (编译源文件“CodeFile/ECS/System/PhysicsSystem.cpp”)
  
  DX12Core.cpp
E:\Projects\Ying-Long-Engine\Ying-Long Engine\CodeFile\Graphics\Bindable\Texture.h(25,25): warning C4996: 'YingLong::Bindable': Use BindableDX12 instead
  (编译源文件“CodeFile/ECS/System/MeshRendererSystem.cpp”)
  
E:\Projects\Ying-Long-Engine\Ying-Long Engine\CodeFile\Graphics\Bindable\ConstantBuffers.h(49,15): warning C4996: 'YingLong::Graphics': Use DX12Renderer instead
  (编译源文件“CodeFile/ECS/System/PhysicsSystem.cpp”)
      E:\Projects\Ying-Long-Engine\Ying-Long Engine\CodeFile\Graphics\Bindable\ConstantBuffers.h(49,15):
      模板实例化上下文(最早的实例化上下文)为
          E:\Projects\Ying-Long-Engine\Ying-Long Engine\CodeFile\Graphics\Bindable\ConstantBuffers.h(26,9):
          在编译类模板“YingLong::ConstantBuffer”时
  
E:\Projects\Ying-Long-Engine\Ying-Long Engine\CodeFile\Graphics\Bindable\ConstantBuffers.h(82,18): warning C4996: 'YingLong::Graphics': Use DX12Renderer instead
  (编译源文件“CodeFile/ECS/System/PhysicsSystem.cpp”)
  
E:\Projects\Ying-Long-Engine\Ying-Long Engine\CodeFile\Graphics\Bindable\ConstantBuffers.h(116,18): warning C4996: 'YingLong::Graphics': Use DX12Renderer instead
  (编译源文件“CodeFile/ECS/System/PhysicsSystem.cpp”)
  
E:\Projects\Ying-Long-Engine\Ying-Long Engine\CodeFile\Graphics\Bindable\ConstantBuffers.h(164,13): warning C4996: 'YingLong::Graphics': Use DX12Renderer instead
  (编译源文件“CodeFile/ECS/System/PhysicsSystem.cpp”)
      E:\Projects\Ying-Long-Engine\Ying-Long Engine\CodeFile\Graphics\Bindable\ConstantBuffers.h(164,13):
      模板实例化上下文(最早的实例化上下文)为
          E:\Projects\Ying-Long-Engine\Ying-Long Engine\CodeFile\Graphics\Bindable\ConstantBuffers.h(149,8):
          在编译类模板“YingLong::VertexConstantBuffer”时
  
E:\Projects\Ying-Long-Engine\Ying-Long Engine\CodeFile\Graphics\Bindable\ConstantBuffers.h(194,13): warning C4996: 'YingLong::Graphics': Use DX12Renderer instead
  (编译源文件“CodeFile/ECS/System/PhysicsSystem.cpp”)
      E:\Projects\Ying-Long-Engine\Ying-Long Engine\CodeFile\Graphics\Bindable\ConstantBuffers.h(194,13):
      模板实例化上下文(最早的实例化上下文)为
          E:\Projects\Ying-Long-Engine\Ying-Long Engine\CodeFile\Graphics\Bindable\ConstantBuffers.h(180,8):
          在编译类模板“YingLong::PixelConstantBuffer”时
  
E:\Projects\Ying-Long-Engine\Ying-Long Engine\CodeFile\Graphics\Bindable\TransformConstantBuffer.h(30,41): warning C4996: 'YingLong::Bindable': Use BindableDX12 instead
  (编译源文件“CodeFile/ECS/System/PhysicsSystem.cpp”)
  
E:\Projects\Ying-Long-Engine\Ying-Long Engine\CodeFile\Graphics\Bindable\TransformConstantBuffer.h(42,27): warning C4996: 'YingLong::Graphics': Use DX12Renderer instead
  (编译源文件“CodeFile/ECS/System/PhysicsSystem.cpp”)
  
E:\Projects\Ying-Long-Engine\Ying-Long Engine\CodeFile\Graphics\Bindable\TransformConstantBuffer.h(42,53): warning C4996: 'YingLong::Drawable': Use DX12Drawable instead
  (编译源文件“CodeFile/ECS/System/PhysicsSystem.cpp”)
  
E:\Projects\Ying-Long-Engine\Ying-Long Engine\CodeFile\Graphics\Bindable\TransformConstantBuffer.h(54,13): warning C4996: 'YingLong::Graphics': Use DX12Renderer instead
  (编译源文件“CodeFile/ECS/System/PhysicsSystem.cpp”)
  
E:\Projects\Ying-Long-Engine\Ying-Long Engine\CodeFile\Graphics\Bindable\TransformConstantBuffer.h(70,9): warning C4996: 'YingLong::Drawable': Use DX12Drawable instead
  (编译源文件“CodeFile/ECS/System/PhysicsSystem.cpp”)
  
E:\Projects\Ying-Long-Engine\Ying-Long Engine\CodeFile\Graphics\Bindable\VertexShader.h(31,30): warning C4996: 'YingLong::Bindable': Use BindableDX12 instead
  (编译源文件“CodeFile/ECS/System/PhysicsSystem.cpp”)
  
E:\Projects\Ying-Long-Engine\Ying-Long Engine\CodeFile\Graphics\Bindable\VertexShader.h(47,16): warning C4996: 'YingLong::Graphics': Use DX12Renderer instead
  (编译源文件“CodeFile/ECS/System/PhysicsSystem.cpp”)
  
E:\Projects\Ying-Long-Engine\Ying-Long Engine\CodeFile\Graphics\Bindable\VertexShader.h(63,19): warning C4996: 'YingLong::Graphics': Use DX12Renderer instead
  (编译源文件“CodeFile/ECS/System/PhysicsSystem.cpp”)
  
E:\Projects\Ying-Long-Engine\Ying-Long Engine\CodeFile\Graphics\Bindable\VertexShader.h(72,13): warning C4996: 'YingLong::Graphics': Use DX12Renderer instead
  (编译源文件“CodeFile/ECS/System/PhysicsSystem.cpp”)
  
E:\Projects\Ying-Long-Engine\Ying-Long Engine\CodeFile\Graphics\Bindable\PixelShader.h(28,29): warning C4996: 'YingLong::Bindable': Use BindableDX12 instead
  (编译源文件“CodeFile/ECS/System/PhysicsSystem.cpp”)
  
E:\Projects\Ying-Long-Engine\Ying-Long Engine\CodeFile\Graphics\Bindable\IndexBuffer.h(23,29): warning C4996: 'YingLong::Bindable': Use BindableDX12 instead
  (编译源文件“CodeFile/ECS/System/MeshRendererSystem.cpp”)
  
E:\Projects\Ying-Long-Engine\Ying-Long Engine\CodeFile\Graphics\Bindable\PixelShader.h(44,15): warning C4996: 'YingLong::Graphics': Use DX12Renderer instead
  (编译源文件“CodeFile/ECS/System/PhysicsSystem.cpp”)
  
E:\Projects\Ying-Long-Engine\Ying-Long Engine\CodeFile\Graphics\Bindable\PixelShader.h(59,19): warning C4996: 'YingLong::Graphics': Use DX12Renderer instead
  (编译源文件“CodeFile/ECS/System/PhysicsSystem.cpp”)
  
E:\Projects\Ying-Long-Engine\Ying-Long Engine\CodeFile\Graphics\Bindable\PixelShader.h(68,13): warning C4996: 'YingLong::Graphics': Use DX12Renderer instead
  (编译源文件“CodeFile/ECS/System/PhysicsSystem.cpp”)
  
E:\Projects\Ying-Long-Engine\Ying-Long Engine\CodeFile\Graphics\Bindable\Topology.h(24,26): warning C4996: 'YingLong::Bindable': Use BindableDX12 instead
  (编译源文件“CodeFile/ECS/System/PhysicsSystem.cpp”)
  
E:\Projects\Ying-Long-Engine\Ying-Long Engine\CodeFile\Graphics\Bindable\Topology.h(35,12): warning C4996: 'YingLong::Graphics': Use DX12Renderer instead
  (编译源文件“CodeFile/ECS/System/PhysicsSystem.cpp”)
  
  WARNING: Drawable.h is deprecated. Use DX12Drawable instead.
E:\Projects\Ying-Long-Engine\Ying-Long Engine\CodeFile\Graphics\Bindable\Topology.h(44,13): warning C4996: 'YingLong::Graphics': Use DX12Renderer instead
  (编译源文件“CodeFile/ECS/System/PhysicsSystem.cpp”)
  
E:\Projects\Ying-Long-Engine\Ying-Long Engine\CodeFile\Graphics\Bindable\Sampler.h(23,25): warning C4996: 'YingLong::Bindable': Use BindableDX12 instead
  (编译源文件“CodeFile/ECS/System/PhysicsSystem.cpp”)
  
E:\Projects\Ying-Long-Engine\Ying-Long Engine\CodeFile\Graphics\Bindable\Sampler.h(38,11): warning C4996: 'YingLong::Graphics': Use DX12Renderer instead
  (编译源文件“CodeFile/ECS/System/PhysicsSystem.cpp”)
  
E:\Projects\Ying-Long-Engine\Ying-Long Engine\CodeFile\Graphics\Bindable\Sampler.h(53,26): warning C4996: 'YingLong::Graphics': Use DX12Renderer instead
  (编译源文件“CodeFile/ECS/System/PhysicsSystem.cpp”)
  
E:\Projects\Ying-Long-Engine\Ying-Long Engine\CodeFile\Graphics\Bindable\Sampler.h(62,13): warning C4996: 'YingLong::Graphics': Use DX12Renderer instead
  (编译源文件“CodeFile/ECS/System/PhysicsSystem.cpp”)
  
E:\Projects\Ying-Long-Engine\Ying-Long Engine\CodeFile\Graphics\Bindable\SolidColorConstantBuffer.h(40,42): warning C4996: 'YingLong::Bindable': Use BindableDX12 instead
  (编译源文件“CodeFile/ECS/System/PhysicsSystem.cpp”)
  
E:\Projects\Ying-Long-Engine\Ying-Long Engine\CodeFile\Graphics\Bindable\SolidColorConstantBuffer.h(51,28): warning C4996: 'YingLong::Graphics': Use DX12Renderer instead
  (编译源文件“CodeFile/ECS/System/PhysicsSystem.cpp”)
  
E:\Projects\Ying-Long-Engine\Ying-Long Engine\CodeFile\Graphics\Bindable\SolidColorConstantBuffer.h(60,13): warning C4996: 'YingLong::Graphics': Use DX12Renderer instead
  (编译源文件“CodeFile/ECS/System/PhysicsSystem.cpp”)
  
E:\Projects\Ying-Long-Engine\Ying-Long Engine\CodeFile\Graphics\Bindable\VertexBuffer.h(29,33): warning C4996: 'YingLong::Bindable': Use BindableDX12 instead
  (编译源文件“CodeFile/ECS/System/PhysicsSystem.cpp”)
  
E:\Projects\Ying-Long-Engine\Ying-Long Engine\CodeFile\Graphics\Bindable\VertexBuffer.h(46,22): warning C4996: 'YingLong::Graphics': Use DX12Renderer instead
  (编译源文件“CodeFile/ECS/System/PhysicsSystem.cpp”)
  
E:\Projects\Ying-Long-Engine\Ying-Long Engine\CodeFile\Graphics\Bindable\VertexBuffer.h(76,19): warning C4996: 'YingLong::Graphics': Use DX12Renderer instead
  (编译源文件“CodeFile/ECS/System/PhysicsSystem.cpp”)
  
E:\Projects\Ying-Long-Engine\Ying-Long Engine\CodeFile\Graphics\Bindable\VertexBuffer.h(79,13): warning C4996: 'YingLong::Bindable::GetDevicContext': Use BindableDX12 instead
  (编译源文件“CodeFile/ECS/System/PhysicsSystem.cpp”)
  
E:\Projects\Ying-Long-Engine\Ying-Long Engine\CodeFile\Graphics\Drawable\SolidSphere.h(49,23): warning C4996: 'YingLong::Graphics': Use DX12Renderer instead
  (编译源文件“CodeFile/ECS/System/PhysicsSystem.cpp”)
  
E:\Projects\Ying-Long-Engine\Ying-Long Engine\CodeFile\Graphics\Light\PointLight.h(90,14): warning C4996: 'YingLong::Graphics': Use DX12Renderer instead
  (编译源文件“CodeFile/ECS/System/PhysicsSystem.cpp”)
  
E:\Projects\Ying-Long-Engine\Ying-Long Engine\CodeFile\Graphics\Light\PointLight.h(102,13): warning C4996: 'YingLong::Graphics': Use DX12Renderer instead
  (编译源文件“CodeFile/ECS/System/PhysicsSystem.cpp”)
  
E:\Projects\Ying-Long-Engine\Ying-Long Engine\CodeFile\Graphics\Drawable\Mesh.h(92,19): warning C4996: 'YingLong::Graphics': Use DX12Renderer instead
  (编译源文件“CodeFile/ECS/System/PhysicsSystem.cpp”)
  
E:\Projects\Ying-Long-Engine\Ying-Long Engine\CodeFile\Graphics\Drawable\Mesh.h(106,13): warning C4996: 'YingLong::Graphics': Use DX12Renderer instead
  (编译源文件“CodeFile/ECS/System/PhysicsSystem.cpp”)
  
E:\Projects\Ying-Long-Engine\Ying-Long Engine\CodeFile\Graphics\Bindable\ConstantBuffers.h(32,3): warning C4996: 'YingLong::Bindable::~Bindable': Use BindableDX12 instead
  (编译源文件“CodeFile/ECS/System/PhysicsSystem.cpp”)
      E:\Projects\Ying-Long-Engine\Ying-Long Engine\CodeFile\Graphics\Bindable\ConstantBuffers.h(202,1):
      参见对函数 "YingLong::ConstantBuffer<C>::ConstantBuffer(void)" 的引用
          with
          [
              C=YingLong::MaterialCBufferData
          ]
  
E:\Projects\Ying-Long-Engine\Ying-Long Engine\CodeFile\Graphics\Drawable\Mesh.h(141,8): warning C4996: 'YingLong::Graphics': Use DX12Renderer instead
  (编译源文件“CodeFile/ECS/System/PhysicsSystem.cpp”)
  
E:\Projects\Ying-Long-Engine\Ying-Long Engine\CodeFile\Graphics\Drawable\Model.h(42,9): warning C4996: 'YingLong::Graphics': Use DX12Renderer instead
  (编译源文件“CodeFile/ECS/System/PhysicsSystem.cpp”)
  
E:\Projects\Ying-Long-Engine\Ying-Long Engine\CodeFile\Graphics\Drawable\Model.h(62,13): warning C4996: 'YingLong::Graphics': Use DX12Renderer instead
  (编译源文件“CodeFile/ECS/System/PhysicsSystem.cpp”)
  
  WARNING: Bindable.h is deprecated. Use BindableDX12 instead.
E:\Projects\Ying-Long-Engine\Ying-Long Engine\CodeFile\Graphics\Bindable\Texture.h(25,25): warning C4996: 'YingLong::Bindable': Use BindableDX12 instead
  (编译源文件“CodeFile/ECS/Scene/Scene.cpp”)
  
E:\Projects\Ying-Long-Engine\Ying-Long Engine\CodeFile\Graphics\Bindable\IndexBuffer.h(23,29): warning C4996: 'YingLong::Bindable': Use BindableDX12 instead
  (编译源文件“CodeFile/ECS/Scene/Scene.cpp”)
  
  WARNING: Bindable.h is deprecated. Use BindableDX12 instead.
  WARNING: Drawable.h is deprecated. Use DX12Drawable instead.
E:\Projects\Ying-Long-Engine\Ying-Long Engine\CodeFile\Graphics\Drawable\Drawable.h(116,32): warning C4996: 'YingLong::Bindable': Use BindableDX12 instead
  (编译源文件“CodeFile/ECS/System/MeshRendererSystem.cpp”)
  
E:\Projects\Ying-Long-Engine\Ying-Long Engine\CodeFile\Graphics\Drawable\Drawable.h(144,45): warning C4996: 'YingLong::Bindable': Use BindableDX12 instead
  (编译源文件“CodeFile/ECS/System/MeshRendererSystem.cpp”)
  
E:\Projects\Ying-Long-Engine\Ying-Long Engine\CodeFile\Graphics\Drawable\Drawable.h(148,31): warning C4996: 'YingLong::Bindable': Use BindableDX12 instead
  (编译源文件“CodeFile/ECS/System/MeshRendererSystem.cpp”)
  
E:\Projects\Ying-Long-Engine\Ying-Long Engine\CodeFile\Graphics\Drawable\DrawableBase.h(59,38): warning C4996: 'YingLong::Bindable': Use BindableDX12 instead
  (编译源文件“CodeFile/ECS/System/MeshRendererSystem.cpp”)
      E:\Projects\Ying-Long-Engine\Ying-Long Engine\CodeFile\Graphics\Drawable\DrawableBase.h(59,38):
      模板实例化上下文(最早的实例化上下文)为
          E:\Projects\Ying-Long-Engine\Ying-Long Engine\CodeFile\Graphics\Drawable\DrawableBase.h(34,8):
          在编译类模板“YingLong::DrawableBase”时
  
E:\Projects\Ying-Long-Engine\Ying-Long Engine\CodeFile\Graphics\Drawable\DrawableBase.h(123,37): warning C4996: 'YingLong::Bindable': Use BindableDX12 instead
  (编译源文件“CodeFile/ECS/System/MeshRendererSystem.cpp”)
  
E:\Projects\Ying-Long-Engine\Ying-Long Engine\CodeFile\Graphics\Drawable\DrawableBase.h(128,38): warning C4996: 'YingLong::Bindable': Use BindableDX12 instead
  (编译源文件“CodeFile/ECS/System/MeshRendererSystem.cpp”)
  
E:\Projects\Ying-Long-Engine\Ying-Long Engine\CodeFile\Graphics\Drawable\DrawableBase.h(133,30): warning C4996: 'YingLong::Bindable': Use BindableDX12 instead
  (编译源文件“CodeFile/ECS/System/MeshRendererSystem.cpp”)
  
E:\Projects\Ying-Long-Engine\Ying-Long Engine\CodeFile\Graphics\Bindable\InputLayout.h(24,29): warning C4996: 'YingLong::Bindable': Use BindableDX12 instead
  (编译源文件“CodeFile/ECS/System/MeshRendererSystem.cpp”)
  
  WARNING: Graphics.h is deprecated. Use DX12Renderer instead.
E:\Projects\Ying-Long-Engine\Ying-Long Engine\CodeFile\Graphics\Bindable\Texture.h(25,25): warning C4996: 'YingLong::Bindable': Use BindableDX12 instead
  (编译源文件“CodeFile/ECS/Entity/Entity.cpp”)
  
  WARNING: Bindable.h is deprecated. Use BindableDX12 instead.
E:\Projects\Ying-Long-Engine\Ying-Long Engine\CodeFile\Graphics\Bindable\Topology.h(24,26): warning C4996: 'YingLong::Bindable': Use BindableDX12 instead
  (编译源文件“CodeFile/Graphics/Bindable/Topology.cpp”)
  
E:\Projects\Ying-Long-Engine\Ying-Long Engine\CodeFile\Graphics\Bindable\Topology.cpp(14,2): warning C4996: 'YingLong::Bindable::~Bindable': Use BindableDX12 instead
E:\Projects\Ying-Long-Engine\Ying-Long Engine\CodeFile\Graphics\Bindable\Topology.cpp(22,3): warning C4996: 'YingLong::Bindable::GetDevicContext': Use BindableDX12 instead
E:\Projects\Ying-Long-Engine\Ying-Long Engine\CodeFile\Graphics\Bindable\IndexBuffer.h(23,29): warning C4996: 'YingLong::Bindable': Use BindableDX12 instead
  (编译源文件“CodeFile/ECS/Entity/Entity.cpp”)
  
  WARNING: Drawable.h is deprecated. Use DX12Drawable instead.
E:\Projects\Ying-Long-Engine\Ying-Long Engine\CodeFile\Graphics\Drawable\Drawable.h(116,32): warning C4996: 'YingLong::Bindable': Use BindableDX12 instead
  (编译源文件“CodeFile/ECS/Scene/Scene.cpp”)
  
E:\Projects\Ying-Long-Engine\Ying-Long Engine\CodeFile\Graphics\Drawable\Drawable.h(144,45): warning C4996: 'YingLong::Bindable': Use BindableDX12 instead
  (编译源文件“CodeFile/ECS/Scene/Scene.cpp”)
  
E:\Projects\Ying-Long-Engine\Ying-Long Engine\CodeFile\Graphics\Drawable\Drawable.h(148,31): warning C4996: 'YingLong::Bindable': Use BindableDX12 instead
  (编译源文件“CodeFile/ECS/Scene/Scene.cpp”)
  
E:\Projects\Ying-Long-Engine\Ying-Long Engine\CodeFile\Graphics\Drawable\DrawableBase.h(59,38): warning C4996: 'YingLong::Bindable': Use BindableDX12 instead
  (编译源文件“CodeFile/ECS/Scene/Scene.cpp”)
      E:\Projects\Ying-Long-Engine\Ying-Long Engine\CodeFile\Graphics\Drawable\DrawableBase.h(59,38):
      模板实例化上下文(最早的实例化上下文)为
          E:\Projects\Ying-Long-Engine\Ying-Long Engine\CodeFile\Graphics\Drawable\DrawableBase.h(34,8):
          在编译类模板“YingLong::DrawableBase”时
  
E:\Projects\Ying-Long-Engine\Ying-Long Engine\CodeFile\Graphics\Drawable\DrawableBase.h(123,37): warning C4996: 'YingLong::Bindable': Use BindableDX12 instead
  (编译源文件“CodeFile/ECS/Scene/Scene.cpp”)
  
E:\Projects\Ying-Long-Engine\Ying-Long Engine\CodeFile\Graphics\Drawable\DrawableBase.h(128,38): warning C4996: 'YingLong::Bindable': Use BindableDX12 instead
  (编译源文件“CodeFile/ECS/Scene/Scene.cpp”)
  
E:\Projects\Ying-Long-Engine\Ying-Long Engine\CodeFile\Graphics\Bindable\Texture.h(25,25): warning C4996: 'YingLong::Bindable': Use BindableDX12 instead
  (编译源文件“CodeFile/ECS/System/System.cpp”)
  
E:\Projects\Ying-Long-Engine\Ying-Long Engine\CodeFile\Graphics\Drawable\DrawableBase.h(133,30): warning C4996: 'YingLong::Bindable': Use BindableDX12 instead
  (编译源文件“CodeFile/ECS/Scene/Scene.cpp”)
  
E:\Projects\Ying-Long-Engine\Ying-Long Engine\CodeFile\Graphics\Bindable\InputLayout.h(24,29): warning C4996: 'YingLong::Bindable': Use BindableDX12 instead
  (编译源文件“CodeFile/ECS/Scene/Scene.cpp”)
  
  WARNING: Graphics.h is deprecated. Use DX12Renderer instead.
E:\Projects\Ying-Long-Engine\Ying-Long Engine\CodeFile\Graphics\Bindable\IndexBuffer.h(23,29): warning C4996: 'YingLong::Bindable': Use BindableDX12 instead
  (编译源文件“CodeFile/ECS/System/System.cpp”)
  
  WARNING: Drawable.h is deprecated. Use DX12Drawable instead.
E:\Projects\Ying-Long-Engine\Ying-Long Engine\CodeFile\Graphics\Drawable\Drawable.h(116,32): warning C4996: 'YingLong::Bindable': Use BindableDX12 instead
  (编译源文件“CodeFile/ECS/Entity/Entity.cpp”)
  
E:\Projects\Ying-Long-Engine\Ying-Long Engine\CodeFile\Graphics\Drawable\Drawable.h(144,45): warning C4996: 'YingLong::Bindable': Use BindableDX12 instead
  (编译源文件“CodeFile/ECS/Entity/Entity.cpp”)
  
E:\Projects\Ying-Long-Engine\Ying-Long Engine\CodeFile\Graphics\Drawable\Drawable.h(148,31): warning C4996: 'YingLong::Bindable': Use BindableDX12 instead
  (编译源文件“CodeFile/ECS/Entity/Entity.cpp”)
  
E:\Projects\Ying-Long-Engine\Ying-Long Engine\CodeFile\Graphics\Drawable\DrawableBase.h(59,38): warning C4996: 'YingLong::Bindable': Use BindableDX12 instead
  (编译源文件“CodeFile/ECS/Entity/Entity.cpp”)
      E:\Projects\Ying-Long-Engine\Ying-Long Engine\CodeFile\Graphics\Drawable\DrawableBase.h(59,38):
      模板实例化上下文(最早的实例化上下文)为
          E:\Projects\Ying-Long-Engine\Ying-Long Engine\CodeFile\Graphics\Drawable\DrawableBase.h(34,8):
          在编译类模板“YingLong::DrawableBase”时
  
E:\Projects\Ying-Long-Engine\Ying-Long Engine\CodeFile\Graphics\Drawable\DrawableBase.h(123,37): warning C4996: 'YingLong::Bindable': Use BindableDX12 instead
  (编译源文件“CodeFile/ECS/Entity/Entity.cpp”)
  
E:\Projects\Ying-Long-Engine\Ying-Long Engine\CodeFile\Graphics\Drawable\DrawableBase.h(128,38): warning C4996: 'YingLong::Bindable': Use BindableDX12 instead
  (编译源文件“CodeFile/ECS/Entity/Entity.cpp”)
  
E:\Projects\Ying-Long-Engine\Ying-Long Engine\CodeFile\Graphics\Drawable\DrawableBase.h(133,30): warning C4996: 'YingLong::Bindable': Use BindableDX12 instead
  (编译源文件“CodeFile/ECS/Entity/Entity.cpp”)
  
E:\Projects\Ying-Long-Engine\Ying-Long Engine\CodeFile\Graphics\Bindable\InputLayout.h(24,29): warning C4996: 'YingLong::Bindable': Use BindableDX12 instead
  (编译源文件“CodeFile/ECS/Entity/Entity.cpp”)
  
  WARNING: Graphics.h is deprecated. Use DX12Renderer instead.
E:\Projects\Ying-Long-Engine\Ying-Long Engine\CodeFile\Graphics\Drawable\Drawable.h(116,32): warning C4996: 'YingLong::Bindable': Use BindableDX12 instead
  (编译源文件“CodeFile/ECS/System/System.cpp”)
  
E:\Projects\Ying-Long-Engine\Ying-Long Engine\CodeFile\Graphics\Drawable\Drawable.h(144,45): warning C4996: 'YingLong::Bindable': Use BindableDX12 instead
  (编译源文件“CodeFile/ECS/System/System.cpp”)
  
E:\Projects\Ying-Long-Engine\Ying-Long Engine\CodeFile\Graphics\Drawable\Drawable.h(148,31): warning C4996: 'YingLong::Bindable': Use BindableDX12 instead
  (编译源文件“CodeFile/ECS/System/System.cpp”)
  
E:\Projects\Ying-Long-Engine\Ying-Long Engine\CodeFile\Graphics\Drawable\DrawableBase.h(59,38): warning C4996: 'YingLong::Bindable': Use BindableDX12 instead
  (编译源文件“CodeFile/ECS/System/System.cpp”)
      E:\Projects\Ying-Long-Engine\Ying-Long Engine\CodeFile\Graphics\Drawable\DrawableBase.h(59,38):
      模板实例化上下文(最早的实例化上下文)为
          E:\Projects\Ying-Long-Engine\Ying-Long Engine\CodeFile\Graphics\Drawable\DrawableBase.h(34,8):
          在编译类模板“YingLong::DrawableBase”时
  
E:\Projects\Ying-Long-Engine\Ying-Long Engine\CodeFile\Graphics\Drawable\DrawableBase.h(123,37): warning C4996: 'YingLong::Bindable': Use BindableDX12 instead
  (编译源文件“CodeFile/ECS/System/System.cpp”)
  
E:\Projects\Ying-Long-Engine\Ying-Long Engine\CodeFile\Graphics\Drawable\DrawableBase.h(128,38): warning C4996: 'YingLong::Bindable': Use BindableDX12 instead
  (编译源文件“CodeFile/ECS/System/System.cpp”)
  
E:\Projects\Ying-Long-Engine\Ying-Long Engine\CodeFile\Graphics\Drawable\DrawableBase.h(133,30): warning C4996: 'YingLong::Bindable': Use BindableDX12 instead
  (编译源文件“CodeFile/ECS/System/System.cpp”)
  
E:\Projects\Ying-Long-Engine\Ying-Long Engine\CodeFile\Graphics\Bindable\InputLayout.h(24,29): warning C4996: 'YingLong::Bindable': Use BindableDX12 instead
  (编译源文件“CodeFile/ECS/System/System.cpp”)
  
  WARNING: Graphics.h is deprecated. Use DX12Renderer instead.
  WARNING: DepthStencil.h is deprecated. Use DepthStencilDX12 instead.
  WARNING: RenderTarget.h is deprecated. Use RenderTargetDX12 instead.
E:\Projects\Ying-Long-Engine\Ying-Long Engine\CodeFile\Graphics\Graphics.h(238,19): warning C4996: 'YingLong::RenderTarget': Use RenderTargetDX12 instead
  (编译源文件“CodeFile/ECS/System/MeshRendererSystem.cpp”)
  
E:\Projects\Ying-Long-Engine\Ying-Long Engine\CodeFile\Graphics\Graphics.h(239,19): warning C4996: 'YingLong::RenderTarget': Use RenderTargetDX12 instead
  (编译源文件“CodeFile/ECS/System/MeshRendererSystem.cpp”)
  
E:\Projects\Ying-Long-Engine\Ying-Long Engine\CodeFile\Graphics\Graphics.h(240,19): warning C4996: 'YingLong::DepthStencil': Use DepthStencilDX12 instead
  (编译源文件“CodeFile/ECS/System/MeshRendererSystem.cpp”)
  
E:\Projects\Ying-Long-Engine\Ying-Long Engine\CodeFile\Graphics\Bindable\ConstantBuffers.h(49,15): warning C4996: 'YingLong::Graphics': Use DX12Renderer instead
  (编译源文件“CodeFile/ECS/System/MeshRendererSystem.cpp”)
      E:\Projects\Ying-Long-Engine\Ying-Long Engine\CodeFile\Graphics\Bindable\ConstantBuffers.h(49,15):
      模板实例化上下文(最早的实例化上下文)为
          E:\Projects\Ying-Long-Engine\Ying-Long Engine\CodeFile\Graphics\Bindable\ConstantBuffers.h(26,9):
          在编译类模板“YingLong::ConstantBuffer”时
  
E:\Projects\Ying-Long-Engine\Ying-Long Engine\CodeFile\Graphics\Bindable\ConstantBuffers.h(82,18): warning C4996: 'YingLong::Graphics': Use DX12Renderer instead
  (编译源文件“CodeFile/ECS/System/MeshRendererSystem.cpp”)
  
E:\Projects\Ying-Long-Engine\Ying-Long Engine\CodeFile\Graphics\Bindable\ConstantBuffers.h(116,18): warning C4996: 'YingLong::Graphics': Use DX12Renderer instead
  (编译源文件“CodeFile/ECS/System/MeshRendererSystem.cpp”)
  
E:\Projects\Ying-Long-Engine\Ying-Long Engine\CodeFile\Graphics\Bindable\ConstantBuffers.h(164,13): warning C4996: 'YingLong::Graphics': Use DX12Renderer instead
  (编译源文件“CodeFile/ECS/System/MeshRendererSystem.cpp”)
      E:\Projects\Ying-Long-Engine\Ying-Long Engine\CodeFile\Graphics\Bindable\ConstantBuffers.h(164,13):
      模板实例化上下文(最早的实例化上下文)为
          E:\Projects\Ying-Long-Engine\Ying-Long Engine\CodeFile\Graphics\Bindable\ConstantBuffers.h(149,8):
          在编译类模板“YingLong::VertexConstantBuffer”时
  
E:\Projects\Ying-Long-Engine\Ying-Long Engine\CodeFile\Graphics\Bindable\ConstantBuffers.h(194,13): warning C4996: 'YingLong::Graphics': Use DX12Renderer instead
  (编译源文件“CodeFile/ECS/System/MeshRendererSystem.cpp”)
      E:\Projects\Ying-Long-Engine\Ying-Long Engine\CodeFile\Graphics\Bindable\ConstantBuffers.h(194,13):
      模板实例化上下文(最早的实例化上下文)为
          E:\Projects\Ying-Long-Engine\Ying-Long Engine\CodeFile\Graphics\Bindable\ConstantBuffers.h(180,8):
          在编译类模板“YingLong::PixelConstantBuffer”时
  
E:\Projects\Ying-Long-Engine\Ying-Long Engine\CodeFile\Graphics\Bindable\TransformConstantBuffer.h(30,41): warning C4996: 'YingLong::Bindable': Use BindableDX12 instead
  (编译源文件“CodeFile/ECS/System/MeshRendererSystem.cpp”)
  
E:\Projects\Ying-Long-Engine\Ying-Long Engine\CodeFile\Graphics\Bindable\TransformConstantBuffer.h(42,27): warning C4996: 'YingLong::Graphics': Use DX12Renderer instead
  (编译源文件“CodeFile/ECS/System/MeshRendererSystem.cpp”)
  
E:\Projects\Ying-Long-Engine\Ying-Long Engine\CodeFile\Graphics\Bindable\TransformConstantBuffer.h(42,53): warning C4996: 'YingLong::Drawable': Use DX12Drawable instead
  (编译源文件“CodeFile/ECS/System/MeshRendererSystem.cpp”)
  
E:\Projects\Ying-Long-Engine\Ying-Long Engine\CodeFile\Graphics\Bindable\TransformConstantBuffer.h(54,13): warning C4996: 'YingLong::Graphics': Use DX12Renderer instead
  (编译源文件“CodeFile/ECS/System/MeshRendererSystem.cpp”)
  
E:\Projects\Ying-Long-Engine\Ying-Long Engine\CodeFile\Graphics\Bindable\TransformConstantBuffer.h(70,9): warning C4996: 'YingLong::Drawable': Use DX12Drawable instead
  (编译源文件“CodeFile/ECS/System/MeshRendererSystem.cpp”)
  
E:\Projects\Ying-Long-Engine\Ying-Long Engine\CodeFile\Graphics\Bindable\VertexShader.h(31,30): warning C4996: 'YingLong::Bindable': Use BindableDX12 instead
  (编译源文件“CodeFile/ECS/System/MeshRendererSystem.cpp”)
  
E:\Projects\Ying-Long-Engine\Ying-Long Engine\CodeFile\Graphics\Bindable\VertexShader.h(47,16): warning C4996: 'YingLong::Graphics': Use DX12Renderer instead
  (编译源文件“CodeFile/ECS/System/MeshRendererSystem.cpp”)
  
E:\Projects\Ying-Long-Engine\Ying-Long Engine\CodeFile\Graphics\Bindable\VertexShader.h(63,19): warning C4996: 'YingLong::Graphics': Use DX12Renderer instead
  (编译源文件“CodeFile/ECS/System/MeshRendererSystem.cpp”)
  
E:\Projects\Ying-Long-Engine\Ying-Long Engine\CodeFile\Graphics\Bindable\VertexShader.h(72,13): warning C4996: 'YingLong::Graphics': Use DX12Renderer instead
  (编译源文件“CodeFile/ECS/System/MeshRendererSystem.cpp”)
  
E:\Projects\Ying-Long-Engine\Ying-Long Engine\CodeFile\Graphics\Bindable\PixelShader.h(28,29): warning C4996: 'YingLong::Bindable': Use BindableDX12 instead
  (编译源文件“CodeFile/ECS/System/MeshRendererSystem.cpp”)
  
E:\Projects\Ying-Long-Engine\Ying-Long Engine\CodeFile\Graphics\Bindable\PixelShader.h(44,15): warning C4996: 'YingLong::Graphics': Use DX12Renderer instead
  (编译源文件“CodeFile/ECS/System/MeshRendererSystem.cpp”)
  
E:\Projects\Ying-Long-Engine\Ying-Long Engine\CodeFile\Graphics\Bindable\PixelShader.h(59,19): warning C4996: 'YingLong::Graphics': Use DX12Renderer instead
  (编译源文件“CodeFile/ECS/System/MeshRendererSystem.cpp”)
  
E:\Projects\Ying-Long-Engine\Ying-Long Engine\CodeFile\Graphics\Bindable\PixelShader.h(68,13): warning C4996: 'YingLong::Graphics': Use DX12Renderer instead
  (编译源文件“CodeFile/ECS/System/MeshRendererSystem.cpp”)
  
E:\Projects\Ying-Long-Engine\Ying-Long Engine\CodeFile\Graphics\Bindable\Topology.h(24,26): warning C4996: 'YingLong::Bindable': Use BindableDX12 instead
  (编译源文件“CodeFile/ECS/System/MeshRendererSystem.cpp”)
  
E:\Projects\Ying-Long-Engine\Ying-Long Engine\CodeFile\Graphics\Bindable\Topology.h(35,12): warning C4996: 'YingLong::Graphics': Use DX12Renderer instead
  (编译源文件“CodeFile/ECS/System/MeshRendererSystem.cpp”)
  
E:\Projects\Ying-Long-Engine\Ying-Long Engine\CodeFile\Graphics\Bindable\Topology.h(44,13): warning C4996: 'YingLong::Graphics': Use DX12Renderer instead
  (编译源文件“CodeFile/ECS/System/MeshRendererSystem.cpp”)
  
E:\Projects\Ying-Long-Engine\Ying-Long Engine\CodeFile\Graphics\Bindable\Sampler.h(23,25): warning C4996: 'YingLong::Bindable': Use BindableDX12 instead
  (编译源文件“CodeFile/ECS/System/MeshRendererSystem.cpp”)
  
E:\Projects\Ying-Long-Engine\Ying-Long Engine\CodeFile\Graphics\Bindable\Sampler.h(38,11): warning C4996: 'YingLong::Graphics': Use DX12Renderer instead
  (编译源文件“CodeFile/ECS/System/MeshRendererSystem.cpp”)
  
E:\Projects\Ying-Long-Engine\Ying-Long Engine\CodeFile\Graphics\Bindable\Sampler.h(53,26): warning C4996: 'YingLong::Graphics': Use DX12Renderer instead
  (编译源文件“CodeFile/ECS/System/MeshRendererSystem.cpp”)
  
E:\Projects\Ying-Long-Engine\Ying-Long Engine\CodeFile\Graphics\Bindable\Sampler.h(62,13): warning C4996: 'YingLong::Graphics': Use DX12Renderer instead
  (编译源文件“CodeFile/ECS/System/MeshRendererSystem.cpp”)
  
  DX12DemoScene.cpp
E:\Projects\Ying-Long-Engine\Ying-Long Engine\CodeFile\Graphics\Bindable\SolidColorConstantBuffer.h(40,42): warning C4996: 'YingLong::Bindable': Use BindableDX12 instead
  (编译源文件“CodeFile/ECS/System/MeshRendererSystem.cpp”)
  
E:\Projects\Ying-Long-Engine\Ying-Long Engine\CodeFile\Graphics\Bindable\SolidColorConstantBuffer.h(51,28): warning C4996: 'YingLong::Graphics': Use DX12Renderer instead
  (编译源文件“CodeFile/ECS/System/MeshRendererSystem.cpp”)
  
E:\Projects\Ying-Long-Engine\Ying-Long Engine\CodeFile\Graphics\Bindable\SolidColorConstantBuffer.h(60,13): warning C4996: 'YingLong::Graphics': Use DX12Renderer instead
  (编译源文件“CodeFile/ECS/System/MeshRendererSystem.cpp”)
  
  WARNING: Graphics.h is deprecated. Use DX12Renderer instead.
E:\Projects\Ying-Long-Engine\Ying-Long Engine\CodeFile\Graphics\Bindable\VertexBuffer.h(29,33): warning C4996: 'YingLong::Bindable': Use BindableDX12 instead
  (编译源文件“CodeFile/ECS/System/MeshRendererSystem.cpp”)
  
E:\Projects\Ying-Long-Engine\Ying-Long Engine\CodeFile\Graphics\Bindable\VertexBuffer.h(46,22): warning C4996: 'YingLong::Graphics': Use DX12Renderer instead
  (编译源文件“CodeFile/ECS/System/MeshRendererSystem.cpp”)
  
E:\Projects\Ying-Long-Engine\Ying-Long Engine\CodeFile\Graphics\Bindable\VertexBuffer.h(76,19): warning C4996: 'YingLong::Graphics': Use DX12Renderer instead
  (编译源文件“CodeFile/ECS/System/MeshRendererSystem.cpp”)
  
E:\Projects\Ying-Long-Engine\Ying-Long Engine\CodeFile\Graphics\Bindable\VertexBuffer.h(79,13): warning C4996: 'YingLong::Bindable::GetDevicContext': Use BindableDX12 instead
  (编译源文件“CodeFile/ECS/System/MeshRendererSystem.cpp”)
  
E:\Projects\Ying-Long-Engine\Ying-Long Engine\CodeFile\Graphics\Drawable\SolidSphere.h(49,23): warning C4996: 'YingLong::Graphics': Use DX12Renderer instead
  (编译源文件“CodeFile/ECS/System/MeshRendererSystem.cpp”)
  
E:\Projects\Ying-Long-Engine\Ying-Long Engine\CodeFile\Graphics\Light\PointLight.h(90,14): warning C4996: 'YingLong::Graphics': Use DX12Renderer instead
  (编译源文件“CodeFile/ECS/System/MeshRendererSystem.cpp”)
  
E:\Projects\Ying-Long-Engine\Ying-Long Engine\CodeFile\Graphics\Light\PointLight.h(102,13): warning C4996: 'YingLong::Graphics': Use DX12Renderer instead
  (编译源文件“CodeFile/ECS/System/MeshRendererSystem.cpp”)
  
E:\Projects\Ying-Long-Engine\Ying-Long Engine\CodeFile\Graphics\Drawable\Mesh.h(92,19): warning C4996: 'YingLong::Graphics': Use DX12Renderer instead
  (编译源文件“CodeFile/ECS/System/MeshRendererSystem.cpp”)
  
E:\Projects\Ying-Long-Engine\Ying-Long Engine\CodeFile\Graphics\Drawable\Mesh.h(106,13): warning C4996: 'YingLong::Graphics': Use DX12Renderer instead
  (编译源文件“CodeFile/ECS/System/MeshRendererSystem.cpp”)
  
  WARNING: Graphics.h is deprecated. Use DX12Renderer instead.
E:\Projects\Ying-Long-Engine\Ying-Long Engine\CodeFile\Graphics\Bindable\ConstantBuffers.h(32,3): warning C4996: 'YingLong::Bindable::~Bindable': Use BindableDX12 instead
  (编译源文件“CodeFile/ECS/System/MeshRendererSystem.cpp”)
      E:\Projects\Ying-Long-Engine\Ying-Long Engine\CodeFile\Graphics\Bindable\ConstantBuffers.h(202,1):
      参见对函数 "YingLong::ConstantBuffer<C>::ConstantBuffer(void)" 的引用
          with
          [
              C=YingLong::MaterialCBufferData
          ]
  
E:\Projects\Ying-Long-Engine\Ying-Long Engine\CodeFile\Graphics\Drawable\Mesh.h(141,8): warning C4996: 'YingLong::Graphics': Use DX12Renderer instead
  (编译源文件“CodeFile/ECS/System/MeshRendererSystem.cpp”)
  
E:\Projects\Ying-Long-Engine\Ying-Long Engine\CodeFile\Graphics\Drawable\Model.h(42,9): warning C4996: 'YingLong::Graphics': Use DX12Renderer instead
  (编译源文件“CodeFile/ECS/System/MeshRendererSystem.cpp”)
  
E:\Projects\Ying-Long-Engine\Ying-Long Engine\CodeFile\Graphics\Drawable\Model.h(62,13): warning C4996: 'YingLong::Graphics': Use DX12Renderer instead
  (编译源文件“CodeFile/ECS/System/MeshRendererSystem.cpp”)
  
  WARNING: DepthStencil.h is deprecated. Use DepthStencilDX12 instead.
  WARNING: RenderTarget.h is deprecated. Use RenderTargetDX12 instead.
E:\Projects\Ying-Long-Engine\Ying-Long Engine\CodeFile\Graphics\Graphics.h(238,19): warning C4996: 'YingLong::RenderTarget': Use RenderTargetDX12 instead
  (编译源文件“CodeFile/ECS/Scene/Scene.cpp”)
  
E:\Projects\Ying-Long-Engine\Ying-Long Engine\CodeFile\Graphics\Graphics.h(239,19): warning C4996: 'YingLong::RenderTarget': Use RenderTargetDX12 instead
  (编译源文件“CodeFile/ECS/Scene/Scene.cpp”)
  
E:\Projects\Ying-Long-Engine\Ying-Long Engine\CodeFile\Graphics\Graphics.h(240,19): warning C4996: 'YingLong::DepthStencil': Use DepthStencilDX12 instead
  (编译源文件“CodeFile/ECS/Scene/Scene.cpp”)
  
E:\Projects\Ying-Long-Engine\Ying-Long Engine\CodeFile\Graphics\Bindable\ConstantBuffers.h(49,15): warning C4996: 'YingLong::Graphics': Use DX12Renderer instead
  (编译源文件“CodeFile/ECS/Scene/Scene.cpp”)
      E:\Projects\Ying-Long-Engine\Ying-Long Engine\CodeFile\Graphics\Bindable\ConstantBuffers.h(49,15):
      模板实例化上下文(最早的实例化上下文)为
          E:\Projects\Ying-Long-Engine\Ying-Long Engine\CodeFile\Graphics\Bindable\ConstantBuffers.h(26,9):
          在编译类模板“YingLong::ConstantBuffer”时
  
E:\Projects\Ying-Long-Engine\Ying-Long Engine\CodeFile\Graphics\Bindable\ConstantBuffers.h(82,18): warning C4996: 'YingLong::Graphics': Use DX12Renderer instead
  (编译源文件“CodeFile/ECS/Scene/Scene.cpp”)
  
E:\Projects\Ying-Long-Engine\Ying-Long Engine\CodeFile\Graphics\Bindable\ConstantBuffers.h(116,18): warning C4996: 'YingLong::Graphics': Use DX12Renderer instead
  (编译源文件“CodeFile/ECS/Scene/Scene.cpp”)
  
E:\Projects\Ying-Long-Engine\Ying-Long Engine\CodeFile\Graphics\Bindable\ConstantBuffers.h(164,13): warning C4996: 'YingLong::Graphics': Use DX12Renderer instead
  (编译源文件“CodeFile/ECS/Scene/Scene.cpp”)
      E:\Projects\Ying-Long-Engine\Ying-Long Engine\CodeFile\Graphics\Bindable\ConstantBuffers.h(164,13):
      模板实例化上下文(最早的实例化上下文)为
          E:\Projects\Ying-Long-Engine\Ying-Long Engine\CodeFile\Graphics\Bindable\ConstantBuffers.h(149,8):
          在编译类模板“YingLong::VertexConstantBuffer”时
  
E:\Projects\Ying-Long-Engine\Ying-Long Engine\CodeFile\Graphics\Bindable\ConstantBuffers.h(194,13): warning C4996: 'YingLong::Graphics': Use DX12Renderer instead
  (编译源文件“CodeFile/ECS/Scene/Scene.cpp”)
      E:\Projects\Ying-Long-Engine\Ying-Long Engine\CodeFile\Graphics\Bindable\ConstantBuffers.h(194,13):
      模板实例化上下文(最早的实例化上下文)为
          E:\Projects\Ying-Long-Engine\Ying-Long Engine\CodeFile\Graphics\Bindable\ConstantBuffers.h(180,8):
          在编译类模板“YingLong::PixelConstantBuffer”时
  
E:\Projects\Ying-Long-Engine\Ying-Long Engine\CodeFile\Graphics\Bindable\TransformConstantBuffer.h(30,41): warning C4996: 'YingLong::Bindable': Use BindableDX12 instead
  (编译源文件“CodeFile/ECS/Scene/Scene.cpp”)
  
E:\Projects\Ying-Long-Engine\Ying-Long Engine\CodeFile\Graphics\Bindable\TransformConstantBuffer.h(42,27): warning C4996: 'YingLong::Graphics': Use DX12Renderer instead
  (编译源文件“CodeFile/ECS/Scene/Scene.cpp”)
  
E:\Projects\Ying-Long-Engine\Ying-Long Engine\CodeFile\Graphics\Bindable\TransformConstantBuffer.h(42,53): warning C4996: 'YingLong::Drawable': Use DX12Drawable instead
  (编译源文件“CodeFile/ECS/Scene/Scene.cpp”)
  
E:\Projects\Ying-Long-Engine\Ying-Long Engine\CodeFile\Graphics\Bindable\TransformConstantBuffer.h(54,13): warning C4996: 'YingLong::Graphics': Use DX12Renderer instead
  (编译源文件“CodeFile/ECS/Scene/Scene.cpp”)
  
E:\Projects\Ying-Long-Engine\Ying-Long Engine\CodeFile\Graphics\Bindable\TransformConstantBuffer.h(70,9): warning C4996: 'YingLong::Drawable': Use DX12Drawable instead
  (编译源文件“CodeFile/ECS/Scene/Scene.cpp”)
  
E:\Projects\Ying-Long-Engine\Ying-Long Engine\CodeFile\Graphics\Bindable\VertexShader.h(31,30): warning C4996: 'YingLong::Bindable': Use BindableDX12 instead
  (编译源文件“CodeFile/ECS/Scene/Scene.cpp”)
  
E:\Projects\Ying-Long-Engine\Ying-Long Engine\CodeFile\Graphics\Bindable\VertexShader.h(47,16): warning C4996: 'YingLong::Graphics': Use DX12Renderer instead
  (编译源文件“CodeFile/ECS/Scene/Scene.cpp”)
  
E:\Projects\Ying-Long-Engine\Ying-Long Engine\CodeFile\Graphics\Bindable\VertexShader.h(63,19): warning C4996: 'YingLong::Graphics': Use DX12Renderer instead
  (编译源文件“CodeFile/ECS/Scene/Scene.cpp”)
  
E:\Projects\Ying-Long-Engine\Ying-Long Engine\CodeFile\Graphics\Bindable\VertexShader.h(72,13): warning C4996: 'YingLong::Graphics': Use DX12Renderer instead
  (编译源文件“CodeFile/ECS/Scene/Scene.cpp”)
  
E:\Projects\Ying-Long-Engine\Ying-Long Engine\CodeFile\Graphics\Bindable\PixelShader.h(28,29): warning C4996: 'YingLong::Bindable': Use BindableDX12 instead
  (编译源文件“CodeFile/ECS/Scene/Scene.cpp”)
  
E:\Projects\Ying-Long-Engine\Ying-Long Engine\CodeFile\Graphics\Bindable\PixelShader.h(44,15): warning C4996: 'YingLong::Graphics': Use DX12Renderer instead
  (编译源文件“CodeFile/ECS/Scene/Scene.cpp”)
  
E:\Projects\Ying-Long-Engine\Ying-Long Engine\CodeFile\Graphics\Bindable\PixelShader.h(59,19): warning C4996: 'YingLong::Graphics': Use DX12Renderer instead
  (编译源文件“CodeFile/ECS/Scene/Scene.cpp”)
  
E:\Projects\Ying-Long-Engine\Ying-Long Engine\CodeFile\Graphics\Bindable\PixelShader.h(68,13): warning C4996: 'YingLong::Graphics': Use DX12Renderer instead
  (编译源文件“CodeFile/ECS/Scene/Scene.cpp”)
  
E:\Projects\Ying-Long-Engine\Ying-Long Engine\CodeFile\Graphics\Bindable\Topology.h(24,26): warning C4996: 'YingLong::Bindable': Use BindableDX12 instead
  (编译源文件“CodeFile/ECS/Scene/Scene.cpp”)
  
E:\Projects\Ying-Long-Engine\Ying-Long Engine\CodeFile\Graphics\Bindable\Topology.h(35,12): warning C4996: 'YingLong::Graphics': Use DX12Renderer instead
  (编译源文件“CodeFile/ECS/Scene/Scene.cpp”)
  
E:\Projects\Ying-Long-Engine\Ying-Long Engine\CodeFile\Graphics\Bindable\Topology.h(44,13): warning C4996: 'YingLong::Graphics': Use DX12Renderer instead
  (编译源文件“CodeFile/ECS/Scene/Scene.cpp”)
  
E:\Projects\Ying-Long-Engine\Ying-Long Engine\CodeFile\Graphics\Bindable\Sampler.h(23,25): warning C4996: 'YingLong::Bindable': Use BindableDX12 instead
  (编译源文件“CodeFile/ECS/Scene/Scene.cpp”)
  
E:\Projects\Ying-Long-Engine\Ying-Long Engine\CodeFile\Graphics\Bindable\Sampler.h(38,11): warning C4996: 'YingLong::Graphics': Use DX12Renderer instead
  (编译源文件“CodeFile/ECS/Scene/Scene.cpp”)
  
E:\Projects\Ying-Long-Engine\Ying-Long Engine\CodeFile\Graphics\Bindable\Sampler.h(53,26): warning C4996: 'YingLong::Graphics': Use DX12Renderer instead
  (编译源文件“CodeFile/ECS/Scene/Scene.cpp”)
  
E:\Projects\Ying-Long-Engine\Ying-Long Engine\CodeFile\Graphics\Bindable\Sampler.h(62,13): warning C4996: 'YingLong::Graphics': Use DX12Renderer instead
  (编译源文件“CodeFile/ECS/Scene/Scene.cpp”)
  
E:\Projects\Ying-Long-Engine\Ying-Long Engine\CodeFile\Graphics\Bindable\SolidColorConstantBuffer.h(40,42): warning C4996: 'YingLong::Bindable': Use BindableDX12 instead
  (编译源文件“CodeFile/ECS/Scene/Scene.cpp”)
  
E:\Projects\Ying-Long-Engine\Ying-Long Engine\CodeFile\Graphics\Bindable\SolidColorConstantBuffer.h(51,28): warning C4996: 'YingLong::Graphics': Use DX12Renderer instead
  (编译源文件“CodeFile/ECS/Scene/Scene.cpp”)
  
E:\Projects\Ying-Long-Engine\Ying-Long Engine\CodeFile\Graphics\Bindable\SolidColorConstantBuffer.h(60,13): warning C4996: 'YingLong::Graphics': Use DX12Renderer instead
  (编译源文件“CodeFile/ECS/Scene/Scene.cpp”)
  
  WARNING: DepthStencil.h is deprecated. Use DepthStencilDX12 instead.
  WARNING: RenderTarget.h is deprecated. Use RenderTargetDX12 instead.
E:\Projects\Ying-Long-Engine\Ying-Long Engine\CodeFile\Graphics\Bindable\VertexBuffer.h(29,33): warning C4996: 'YingLong::Bindable': Use BindableDX12 instead
  (编译源文件“CodeFile/ECS/Scene/Scene.cpp”)
  
E:\Projects\Ying-Long-Engine\Ying-Long Engine\CodeFile\Graphics\Drawable\SolidCone.h(55,21): warning C4996: 'YingLong::Graphics': Use DX12Renderer instead
  (编译源文件“CodeFile/ECS/System/MeshRendererSystem.cpp”)
  
E:\Projects\Ying-Long-Engine\Ying-Long Engine\CodeFile\Graphics\Bindable\VertexBuffer.h(46,22): warning C4996: 'YingLong::Graphics': Use DX12Renderer instead
  (编译源文件“CodeFile/ECS/Scene/Scene.cpp”)
  
E:\Projects\Ying-Long-Engine\Ying-Long Engine\CodeFile\Graphics\Bindable\VertexBuffer.h(76,19): warning C4996: 'YingLong::Graphics': Use DX12Renderer instead
  (编译源文件“CodeFile/ECS/Scene/Scene.cpp”)
  
E:\Projects\Ying-Long-Engine\Ying-Long Engine\CodeFile\Graphics\Light\SpotLight.h(105,13): warning C4996: 'YingLong::Graphics': Use DX12Renderer instead
  (编译源文件“CodeFile/ECS/System/MeshRendererSystem.cpp”)
  
E:\Projects\Ying-Long-Engine\Ying-Long Engine\CodeFile\Graphics\Light\SpotLight.h(117,13): warning C4996: 'YingLong::Graphics': Use DX12Renderer instead
  (编译源文件“CodeFile/ECS/System/MeshRendererSystem.cpp”)
  
E:\Projects\Ying-Long-Engine\Ying-Long Engine\CodeFile\Graphics\Bindable\VertexBuffer.h(79,13): warning C4996: 'YingLong::Bindable::GetDevicContext': Use BindableDX12 instead
  (编译源文件“CodeFile/ECS/Scene/Scene.cpp”)
  
E:\Projects\Ying-Long-Engine\Ying-Long Engine\CodeFile\Graphics\Light\LightManager.h(40,26): warning C4996: 'YingLong::Graphics': Use DX12Renderer instead
  (编译源文件“CodeFile/ECS/System/MeshRendererSystem.cpp”)
  
E:\Projects\Ying-Long-Engine\Ying-Long Engine\CodeFile\Graphics\Light\LightManager.h(70,22): warning C4996: 'YingLong::Graphics': Use DX12Renderer instead
  (编译源文件“CodeFile/ECS/System/MeshRendererSystem.cpp”)
  
E:\Projects\Ying-Long-Engine\Ying-Long Engine\CodeFile\Graphics\Drawable\SolidSphere.h(49,23): warning C4996: 'YingLong::Graphics': Use DX12Renderer instead
  (编译源文件“CodeFile/ECS/Scene/Scene.cpp”)
  
E:\Projects\Ying-Long-Engine\Ying-Long Engine\CodeFile\Graphics\Light\PointLight.h(90,14): warning C4996: 'YingLong::Graphics': Use DX12Renderer instead
  (编译源文件“CodeFile/ECS/Scene/Scene.cpp”)
  
E:\Projects\Ying-Long-Engine\Ying-Long Engine\CodeFile\Graphics\Light\PointLight.h(102,13): warning C4996: 'YingLong::Graphics': Use DX12Renderer instead
  (编译源文件“CodeFile/ECS/Scene/Scene.cpp”)
  
E:\Projects\Ying-Long-Engine\Ying-Long Engine\CodeFile\Graphics\Drawable\Mesh.h(92,19): warning C4996: 'YingLong::Graphics': Use DX12Renderer instead
  (编译源文件“CodeFile/ECS/Scene/Scene.cpp”)
  
E:\Projects\Ying-Long-Engine\Ying-Long Engine\CodeFile\Graphics\Drawable\Mesh.h(106,13): warning C4996: 'YingLong::Graphics': Use DX12Renderer instead
  (编译源文件“CodeFile/ECS/Scene/Scene.cpp”)
  
  WARNING: Bindable.h is deprecated. Use BindableDX12 instead.
E:\Projects\Ying-Long-Engine\Ying-Long Engine\CodeFile\Graphics\Bindable\ConstantBuffers.h(32,3): warning C4996: 'YingLong::Bindable::~Bindable': Use BindableDX12 instead
  (编译源文件“CodeFile/ECS/Scene/Scene.cpp”)
      E:\Projects\Ying-Long-Engine\Ying-Long Engine\CodeFile\Graphics\Bindable\ConstantBuffers.h(202,1):
      参见对函数 "YingLong::ConstantBuffer<C>::ConstantBuffer(void)" 的引用
          with
          [
              C=YingLong::MaterialCBufferData
          ]
  
E:\Projects\Ying-Long-Engine\Ying-Long Engine\CodeFile\Graphics\Drawable\Mesh.h(141,8): warning C4996: 'YingLong::Graphics': Use DX12Renderer instead
  (编译源文件“CodeFile/ECS/Scene/Scene.cpp”)
  
E:\Projects\Ying-Long-Engine\Ying-Long Engine\CodeFile\Graphics\Drawable\Model.h(42,9): warning C4996: 'YingLong::Graphics': Use DX12Renderer instead
  (编译源文件“CodeFile/ECS/Scene/Scene.cpp”)
  
E:\Projects\Ying-Long-Engine\Ying-Long Engine\CodeFile\Graphics\Drawable\Model.h(62,13): warning C4996: 'YingLong::Graphics': Use DX12Renderer instead
  (编译源文件“CodeFile/ECS/Scene/Scene.cpp”)
  
E:\Projects\Ying-Long-Engine\Ying-Long Engine\CodeFile\Graphics\Graphics.h(238,19): warning C4996: 'YingLong::RenderTarget': Use RenderTargetDX12 instead
  (编译源文件“CodeFile/ECS/Entity/Entity.cpp”)
  
E:\Projects\Ying-Long-Engine\Ying-Long Engine\CodeFile\Graphics\Graphics.h(239,19): warning C4996: 'YingLong::RenderTarget': Use RenderTargetDX12 instead
  (编译源文件“CodeFile/ECS/Entity/Entity.cpp”)
  
E:\Projects\Ying-Long-Engine\Ying-Long Engine\CodeFile\Graphics\Graphics.h(240,19): warning C4996: 'YingLong::DepthStencil': Use DepthStencilDX12 instead
  (编译源文件“CodeFile/ECS/Entity/Entity.cpp”)
  
E:\Projects\Ying-Long-Engine\Ying-Long Engine\CodeFile\Graphics\Bindable\ConstantBuffers.h(49,15): warning C4996: 'YingLong::Graphics': Use DX12Renderer instead
  (编译源文件“CodeFile/ECS/Entity/Entity.cpp”)
      E:\Projects\Ying-Long-Engine\Ying-Long Engine\CodeFile\Graphics\Bindable\ConstantBuffers.h(49,15):
      模板实例化上下文(最早的实例化上下文)为
          E:\Projects\Ying-Long-Engine\Ying-Long Engine\CodeFile\Graphics\Bindable\ConstantBuffers.h(26,9):
          在编译类模板“YingLong::ConstantBuffer”时
  
E:\Projects\Ying-Long-Engine\Ying-Long Engine\CodeFile\Graphics\Bindable\ConstantBuffers.h(82,18): warning C4996: 'YingLong::Graphics': Use DX12Renderer instead
  (编译源文件“CodeFile/ECS/Entity/Entity.cpp”)
  
E:\Projects\Ying-Long-Engine\Ying-Long Engine\CodeFile\Graphics\Bindable\ConstantBuffers.h(116,18): warning C4996: 'YingLong::Graphics': Use DX12Renderer instead
  (编译源文件“CodeFile/ECS/Entity/Entity.cpp”)
  
E:\Projects\Ying-Long-Engine\Ying-Long Engine\CodeFile\Graphics\Bindable\ConstantBuffers.h(164,13): warning C4996: 'YingLong::Graphics': Use DX12Renderer instead
  (编译源文件“CodeFile/ECS/Entity/Entity.cpp”)
      E:\Projects\Ying-Long-Engine\Ying-Long Engine\CodeFile\Graphics\Bindable\ConstantBuffers.h(164,13):
      模板实例化上下文(最早的实例化上下文)为
          E:\Projects\Ying-Long-Engine\Ying-Long Engine\CodeFile\Graphics\Bindable\ConstantBuffers.h(149,8):
          在编译类模板“YingLong::VertexConstantBuffer”时
  
E:\Projects\Ying-Long-Engine\Ying-Long Engine\CodeFile\Graphics\Bindable\ConstantBuffers.h(194,13): warning C4996: 'YingLong::Graphics': Use DX12Renderer instead
  (编译源文件“CodeFile/ECS/Entity/Entity.cpp”)
      E:\Projects\Ying-Long-Engine\Ying-Long Engine\CodeFile\Graphics\Bindable\ConstantBuffers.h(194,13):
      模板实例化上下文(最早的实例化上下文)为
          E:\Projects\Ying-Long-Engine\Ying-Long Engine\CodeFile\Graphics\Bindable\ConstantBuffers.h(180,8):
          在编译类模板“YingLong::PixelConstantBuffer”时
  
E:\Projects\Ying-Long-Engine\Ying-Long Engine\CodeFile\Graphics\Bindable\TransformConstantBuffer.h(30,41): warning C4996: 'YingLong::Bindable': Use BindableDX12 instead
  (编译源文件“CodeFile/ECS/Entity/Entity.cpp”)
  
E:\Projects\Ying-Long-Engine\Ying-Long Engine\CodeFile\Graphics\Bindable\TransformConstantBuffer.h(42,27): warning C4996: 'YingLong::Graphics': Use DX12Renderer instead
  (编译源文件“CodeFile/ECS/Entity/Entity.cpp”)
  
E:\Projects\Ying-Long-Engine\Ying-Long Engine\CodeFile\Graphics\Bindable\TransformConstantBuffer.h(42,53): warning C4996: 'YingLong::Drawable': Use DX12Drawable instead
  (编译源文件“CodeFile/ECS/Entity/Entity.cpp”)
  
E:\Projects\Ying-Long-Engine\Ying-Long Engine\CodeFile\Graphics\Bindable\TransformConstantBuffer.h(54,13): warning C4996: 'YingLong::Graphics': Use DX12Renderer instead
  (编译源文件“CodeFile/ECS/Entity/Entity.cpp”)
  
E:\Projects\Ying-Long-Engine\Ying-Long Engine\CodeFile\Graphics\Bindable\TransformConstantBuffer.h(70,9): warning C4996: 'YingLong::Drawable': Use DX12Drawable instead
  (编译源文件“CodeFile/ECS/Entity/Entity.cpp”)
  
E:\Projects\Ying-Long-Engine\Ying-Long Engine\CodeFile\Graphics\Bindable\VertexShader.h(31,30): warning C4996: 'YingLong::Bindable': Use BindableDX12 instead
  (编译源文件“CodeFile/ECS/Entity/Entity.cpp”)
  
E:\Projects\Ying-Long-Engine\Ying-Long Engine\CodeFile\Graphics\Bindable\VertexShader.h(47,16): warning C4996: 'YingLong::Graphics': Use DX12Renderer instead
  (编译源文件“CodeFile/ECS/Entity/Entity.cpp”)
  
E:\Projects\Ying-Long-Engine\Ying-Long Engine\CodeFile\Graphics\Bindable\VertexShader.h(63,19): warning C4996: 'YingLong::Graphics': Use DX12Renderer instead
  (编译源文件“CodeFile/ECS/Entity/Entity.cpp”)
  
E:\Projects\Ying-Long-Engine\Ying-Long Engine\CodeFile\Graphics\Bindable\VertexShader.h(72,13): warning C4996: 'YingLong::Graphics': Use DX12Renderer instead
  (编译源文件“CodeFile/ECS/Entity/Entity.cpp”)
  
  WARNING: DepthStencil.h is deprecated. Use DepthStencilDX12 instead.
E:\Projects\Ying-Long-Engine\Ying-Long Engine\CodeFile\Graphics\Bindable\PixelShader.h(28,29): warning C4996: 'YingLong::Bindable': Use BindableDX12 instead
  (编译源文件“CodeFile/ECS/Entity/Entity.cpp”)
  
E:\Projects\Ying-Long-Engine\Ying-Long Engine\CodeFile\Graphics\Bindable\PixelShader.h(44,15): warning C4996: 'YingLong::Graphics': Use DX12Renderer instead
  (编译源文件“CodeFile/ECS/Entity/Entity.cpp”)
  
  WARNING: RenderTarget.h is deprecated. Use RenderTargetDX12 instead.
E:\Projects\Ying-Long-Engine\Ying-Long Engine\CodeFile\Graphics\Bindable\PixelShader.h(59,19): warning C4996: 'YingLong::Graphics': Use DX12Renderer instead
  (编译源文件“CodeFile/ECS/Entity/Entity.cpp”)
  
E:\Projects\Ying-Long-Engine\Ying-Long Engine\CodeFile\Graphics\Bindable\PixelShader.h(68,13): warning C4996: 'YingLong::Graphics': Use DX12Renderer instead
  (编译源文件“CodeFile/ECS/Entity/Entity.cpp”)
  
E:\Projects\Ying-Long-Engine\Ying-Long Engine\CodeFile\Graphics\Bindable\Topology.h(24,26): warning C4996: 'YingLong::Bindable': Use BindableDX12 instead
  (编译源文件“CodeFile/ECS/Entity/Entity.cpp”)
  
E:\Projects\Ying-Long-Engine\Ying-Long Engine\CodeFile\Graphics\Bindable\Topology.h(35,12): warning C4996: 'YingLong::Graphics': Use DX12Renderer instead
  (编译源文件“CodeFile/ECS/Entity/Entity.cpp”)
  
E:\Projects\Ying-Long-Engine\Ying-Long Engine\CodeFile\Graphics\Bindable\Topology.h(44,13): warning C4996: 'YingLong::Graphics': Use DX12Renderer instead
  (编译源文件“CodeFile/ECS/Entity/Entity.cpp”)
  
E:\Projects\Ying-Long-Engine\Ying-Long Engine\CodeFile\Graphics\Bindable\Sampler.h(23,25): warning C4996: 'YingLong::Bindable': Use BindableDX12 instead
  (编译源文件“CodeFile/ECS/Entity/Entity.cpp”)
  
E:\Projects\Ying-Long-Engine\Ying-Long Engine\CodeFile\Graphics\Bindable\Sampler.h(38,11): warning C4996: 'YingLong::Graphics': Use DX12Renderer instead
  (编译源文件“CodeFile/ECS/Entity/Entity.cpp”)
  
E:\Projects\Ying-Long-Engine\Ying-Long Engine\CodeFile\Graphics\Bindable\Sampler.h(53,26): warning C4996: 'YingLong::Graphics': Use DX12Renderer instead
  (编译源文件“CodeFile/ECS/Entity/Entity.cpp”)
  
E:\Projects\Ying-Long-Engine\Ying-Long Engine\CodeFile\Graphics\Bindable\Sampler.h(62,13): warning C4996: 'YingLong::Graphics': Use DX12Renderer instead
  (编译源文件“CodeFile/ECS/Entity/Entity.cpp”)
  
E:\Projects\Ying-Long-Engine\Ying-Long Engine\CodeFile\Graphics\Bindable\SolidColorConstantBuffer.h(40,42): warning C4996: 'YingLong::Bindable': Use BindableDX12 instead
  (编译源文件“CodeFile/ECS/Entity/Entity.cpp”)
  
E:\Projects\Ying-Long-Engine\Ying-Long Engine\CodeFile\Graphics\Bindable\SolidColorConstantBuffer.h(51,28): warning C4996: 'YingLong::Graphics': Use DX12Renderer instead
  (编译源文件“CodeFile/ECS/Entity/Entity.cpp”)
  
E:\Projects\Ying-Long-Engine\Ying-Long Engine\CodeFile\Graphics\Bindable\SolidColorConstantBuffer.h(60,13): warning C4996: 'YingLong::Graphics': Use DX12Renderer instead
  (编译源文件“CodeFile/ECS/Entity/Entity.cpp”)
  
E:\Projects\Ying-Long-Engine\Ying-Long Engine\CodeFile\Graphics\Graphics.h(238,19): warning C4996: 'YingLong::RenderTarget': Use RenderTargetDX12 instead
  (编译源文件“CodeFile/ECS/System/System.cpp”)
  
E:\Projects\Ying-Long-Engine\Ying-Long Engine\CodeFile\Graphics\Bindable\VertexBuffer.h(29,33): warning C4996: 'YingLong::Bindable': Use BindableDX12 instead
  (编译源文件“CodeFile/ECS/Entity/Entity.cpp”)
  
E:\Projects\Ying-Long-Engine\Ying-Long Engine\CodeFile\Graphics\Bindable\VertexBuffer.h(46,22): warning C4996: 'YingLong::Graphics': Use DX12Renderer instead
  (编译源文件“CodeFile/ECS/Entity/Entity.cpp”)
  
E:\Projects\Ying-Long-Engine\Ying-Long Engine\CodeFile\Graphics\Graphics.h(239,19): warning C4996: 'YingLong::RenderTarget': Use RenderTargetDX12 instead
  (编译源文件“CodeFile/ECS/System/System.cpp”)
  
E:\Projects\Ying-Long-Engine\Ying-Long Engine\CodeFile\Graphics\Bindable\VertexBuffer.h(76,19): warning C4996: 'YingLong::Graphics': Use DX12Renderer instead
  (编译源文件“CodeFile/ECS/Entity/Entity.cpp”)
  
E:\Projects\Ying-Long-Engine\Ying-Long Engine\CodeFile\Graphics\Graphics.h(240,19): warning C4996: 'YingLong::DepthStencil': Use DepthStencilDX12 instead
  (编译源文件“CodeFile/ECS/System/System.cpp”)
  
E:\Projects\Ying-Long-Engine\Ying-Long Engine\CodeFile\Graphics\Bindable\VertexBuffer.h(79,13): warning C4996: 'YingLong::Bindable::GetDevicContext': Use BindableDX12 instead
  (编译源文件“CodeFile/ECS/Entity/Entity.cpp”)
  
E:\Projects\Ying-Long-Engine\Ying-Long Engine\CodeFile\Graphics\Drawable\SolidSphere.h(49,23): warning C4996: 'YingLong::Graphics': Use DX12Renderer instead
  (编译源文件“CodeFile/ECS/Entity/Entity.cpp”)
  
E:\Projects\Ying-Long-Engine\Ying-Long Engine\CodeFile\Graphics\Light\PointLight.h(90,14): warning C4996: 'YingLong::Graphics': Use DX12Renderer instead
  (编译源文件“CodeFile/ECS/Entity/Entity.cpp”)
  
E:\Projects\Ying-Long-Engine\Ying-Long Engine\CodeFile\Graphics\Light\PointLight.h(102,13): warning C4996: 'YingLong::Graphics': Use DX12Renderer instead
  (编译源文件“CodeFile/ECS/Entity/Entity.cpp”)
  
E:\Projects\Ying-Long-Engine\Ying-Long Engine\CodeFile\Graphics\Drawable\Mesh.h(92,19): warning C4996: 'YingLong::Graphics': Use DX12Renderer instead
  (编译源文件“CodeFile/ECS/Entity/Entity.cpp”)
  
E:\Projects\Ying-Long-Engine\Ying-Long Engine\CodeFile\Graphics\Drawable\Mesh.h(106,13): warning C4996: 'YingLong::Graphics': Use DX12Renderer instead
  (编译源文件“CodeFile/ECS/Entity/Entity.cpp”)
  
E:\Projects\Ying-Long-Engine\Ying-Long Engine\CodeFile\Graphics\Bindable\ConstantBuffers.h(49,15): warning C4996: 'YingLong::Graphics': Use DX12Renderer instead
  (编译源文件“CodeFile/ECS/System/System.cpp”)
      E:\Projects\Ying-Long-Engine\Ying-Long Engine\CodeFile\Graphics\Bindable\ConstantBuffers.h(49,15):
      模板实例化上下文(最早的实例化上下文)为
          E:\Projects\Ying-Long-Engine\Ying-Long Engine\CodeFile\Graphics\Bindable\ConstantBuffers.h(26,9):
          在编译类模板“YingLong::ConstantBuffer”时
  
E:\Projects\Ying-Long-Engine\Ying-Long Engine\CodeFile\Graphics\Bindable\ConstantBuffers.h(82,18): warning C4996: 'YingLong::Graphics': Use DX12Renderer instead
  (编译源文件“CodeFile/ECS/System/System.cpp”)
  
E:\Projects\Ying-Long-Engine\Ying-Long Engine\CodeFile\Graphics\Bindable\ConstantBuffers.h(32,3): warning C4996: 'YingLong::Bindable::~Bindable': Use BindableDX12 instead
  (编译源文件“CodeFile/ECS/Entity/Entity.cpp”)
      E:\Projects\Ying-Long-Engine\Ying-Long Engine\CodeFile\Graphics\Bindable\ConstantBuffers.h(202,1):
      参见对函数 "YingLong::ConstantBuffer<C>::ConstantBuffer(void)" 的引用
          with
          [
              C=YingLong::MaterialCBufferData
          ]
  
E:\Projects\Ying-Long-Engine\Ying-Long Engine\CodeFile\Graphics\Bindable\ConstantBuffers.h(116,18): warning C4996: 'YingLong::Graphics': Use DX12Renderer instead
  (编译源文件“CodeFile/ECS/System/System.cpp”)
  
E:\Projects\Ying-Long-Engine\Ying-Long Engine\CodeFile\Graphics\Drawable\Mesh.h(141,8): warning C4996: 'YingLong::Graphics': Use DX12Renderer instead
  (编译源文件“CodeFile/ECS/Entity/Entity.cpp”)
  
E:\Projects\Ying-Long-Engine\Ying-Long Engine\CodeFile\Graphics\Drawable\SolidBoxDrawable.h(51,26): warning C4996: 'YingLong::Graphics': Use DX12Renderer instead
  (编译源文件“CodeFile/ECS/System/MeshRendererSystem.cpp”)
  
E:\Projects\Ying-Long-Engine\Ying-Long Engine\CodeFile\Graphics\Drawable\Model.h(42,9): warning C4996: 'YingLong::Graphics': Use DX12Renderer instead
  (编译源文件“CodeFile/ECS/Entity/Entity.cpp”)
  
E:\Projects\Ying-Long-Engine\Ying-Long Engine\CodeFile\Graphics\Bindable\ConstantBuffers.h(164,13): warning C4996: 'YingLong::Graphics': Use DX12Renderer instead
  (编译源文件“CodeFile/ECS/System/System.cpp”)
      E:\Projects\Ying-Long-Engine\Ying-Long Engine\CodeFile\Graphics\Bindable\ConstantBuffers.h(164,13):
      模板实例化上下文(最早的实例化上下文)为
          E:\Projects\Ying-Long-Engine\Ying-Long Engine\CodeFile\Graphics\Bindable\ConstantBuffers.h(149,8):
          在编译类模板“YingLong::VertexConstantBuffer”时
  
E:\Projects\Ying-Long-Engine\Ying-Long Engine\CodeFile\Graphics\Drawable\Model.h(62,13): warning C4996: 'YingLong::Graphics': Use DX12Renderer instead
  (编译源文件“CodeFile/ECS/Entity/Entity.cpp”)
  
E:\Projects\Ying-Long-Engine\Ying-Long Engine\CodeFile\ECS\System\MeshRendererSystem.h(109,39): warning C4996: 'YingLong::Graphics': Use DX12Renderer instead
  (编译源文件“CodeFile/ECS/System/MeshRendererSystem.cpp”)
  
E:\Projects\Ying-Long-Engine\Ying-Long Engine\CodeFile\Graphics\Bindable\ConstantBuffers.h(194,13): warning C4996: 'YingLong::Graphics': Use DX12Renderer instead
  (编译源文件“CodeFile/ECS/System/System.cpp”)
      E:\Projects\Ying-Long-Engine\Ying-Long Engine\CodeFile\Graphics\Bindable\ConstantBuffers.h(194,13):
      模板实例化上下文(最早的实例化上下文)为
          E:\Projects\Ying-Long-Engine\Ying-Long Engine\CodeFile\Graphics\Bindable\ConstantBuffers.h(180,8):
          在编译类模板“YingLong::PixelConstantBuffer”时
  
E:\Projects\Ying-Long-Engine\Ying-Long Engine\CodeFile\Graphics\Bindable\TransformConstantBuffer.h(30,41): warning C4996: 'YingLong::Bindable': Use BindableDX12 instead
  (编译源文件“CodeFile/ECS/System/System.cpp”)
  
E:\Projects\Ying-Long-Engine\Ying-Long Engine\CodeFile\Graphics\Bindable\TransformConstantBuffer.h(42,27): warning C4996: 'YingLong::Graphics': Use DX12Renderer instead
  (编译源文件“CodeFile/ECS/System/System.cpp”)
  
E:\Projects\Ying-Long-Engine\Ying-Long Engine\CodeFile\Graphics\Bindable\TransformConstantBuffer.h(42,53): warning C4996: 'YingLong::Drawable': Use DX12Drawable instead
  (编译源文件“CodeFile/ECS/System/System.cpp”)
  
E:\Projects\Ying-Long-Engine\Ying-Long Engine\CodeFile\Graphics\Bindable\TransformConstantBuffer.h(54,13): warning C4996: 'YingLong::Graphics': Use DX12Renderer instead
  (编译源文件“CodeFile/ECS/System/System.cpp”)
  
E:\Projects\Ying-Long-Engine\Ying-Long Engine\CodeFile\Graphics\Bindable\TransformConstantBuffer.h(70,9): warning C4996: 'YingLong::Drawable': Use DX12Drawable instead
  (编译源文件“CodeFile/ECS/System/System.cpp”)
  
E:\Projects\Ying-Long-Engine\Ying-Long Engine\CodeFile\Graphics\Bindable\VertexShader.h(31,30): warning C4996: 'YingLong::Bindable': Use BindableDX12 instead
  (编译源文件“CodeFile/ECS/System/System.cpp”)
  
E:\Projects\Ying-Long-Engine\Ying-Long Engine\CodeFile\Graphics\Bindable\VertexShader.h(47,16): warning C4996: 'YingLong::Graphics': Use DX12Renderer instead
  (编译源文件“CodeFile/ECS/System/System.cpp”)
  
E:\Projects\Ying-Long-Engine\Ying-Long Engine\CodeFile\Graphics\Bindable\VertexShader.h(63,19): warning C4996: 'YingLong::Graphics': Use DX12Renderer instead
  (编译源文件“CodeFile/ECS/System/System.cpp”)
  
E:\Projects\Ying-Long-Engine\Ying-Long Engine\CodeFile\Graphics\Bindable\VertexShader.h(72,13): warning C4996: 'YingLong::Graphics': Use DX12Renderer instead
  (编译源文件“CodeFile/ECS/System/System.cpp”)
  
E:\Projects\Ying-Long-Engine\Ying-Long Engine\CodeFile\Graphics\Bindable\PixelShader.h(28,29): warning C4996: 'YingLong::Bindable': Use BindableDX12 instead
  (编译源文件“CodeFile/ECS/System/System.cpp”)
  
E:\Projects\Ying-Long-Engine\Ying-Long Engine\CodeFile\Graphics\Bindable\PixelShader.h(44,15): warning C4996: 'YingLong::Graphics': Use DX12Renderer instead
  (编译源文件“CodeFile/ECS/System/System.cpp”)
  
E:\Projects\Ying-Long-Engine\Ying-Long Engine\CodeFile\Graphics\Bindable\PixelShader.h(59,19): warning C4996: 'YingLong::Graphics': Use DX12Renderer instead
  (编译源文件“CodeFile/ECS/System/System.cpp”)
  
E:\Projects\Ying-Long-Engine\Ying-Long Engine\CodeFile\Graphics\Bindable\PixelShader.h(68,13): warning C4996: 'YingLong::Graphics': Use DX12Renderer instead
  (编译源文件“CodeFile/ECS/System/System.cpp”)
  
E:\Projects\Ying-Long-Engine\Ying-Long Engine\CodeFile\Graphics\Bindable\Topology.h(24,26): warning C4996: 'YingLong::Bindable': Use BindableDX12 instead
  (编译源文件“CodeFile/ECS/System/System.cpp”)
  
E:\Projects\Ying-Long-Engine\Ying-Long Engine\CodeFile\Graphics\Bindable\Topology.h(35,12): warning C4996: 'YingLong::Graphics': Use DX12Renderer instead
  (编译源文件“CodeFile/ECS/System/System.cpp”)
  
E:\Projects\Ying-Long-Engine\Ying-Long Engine\CodeFile\Graphics\Bindable\Topology.h(44,13): warning C4996: 'YingLong::Graphics': Use DX12Renderer instead
  (编译源文件“CodeFile/ECS/System/System.cpp”)
  
E:\Projects\Ying-Long-Engine\Ying-Long Engine\CodeFile\Graphics\Bindable\Sampler.h(23,25): warning C4996: 'YingLong::Bindable': Use BindableDX12 instead
  (编译源文件“CodeFile/ECS/System/System.cpp”)
  
E:\Projects\Ying-Long-Engine\Ying-Long Engine\CodeFile\Graphics\Bindable\Sampler.h(38,11): warning C4996: 'YingLong::Graphics': Use DX12Renderer instead
  (编译源文件“CodeFile/ECS/System/System.cpp”)
  
E:\Projects\Ying-Long-Engine\Ying-Long Engine\CodeFile\Graphics\Bindable\Sampler.h(53,26): warning C4996: 'YingLong::Graphics': Use DX12Renderer instead
  (编译源文件“CodeFile/ECS/System/System.cpp”)
  
E:\Projects\Ying-Long-Engine\Ying-Long Engine\CodeFile\Graphics\Bindable\Sampler.h(62,13): warning C4996: 'YingLong::Graphics': Use DX12Renderer instead
  (编译源文件“CodeFile/ECS/System/System.cpp”)
  
E:\Projects\Ying-Long-Engine\Ying-Long Engine\CodeFile\Graphics\Drawable\SolidCone.h(55,21): warning C4996: 'YingLong::Graphics': Use DX12Renderer instead
  (编译源文件“CodeFile/ECS/Scene/Scene.cpp”)
  
E:\Projects\Ying-Long-Engine\Ying-Long Engine\CodeFile\Graphics\Bindable\SolidColorConstantBuffer.h(40,42): warning C4996: 'YingLong::Bindable': Use BindableDX12 instead
  (编译源文件“CodeFile/ECS/System/System.cpp”)
  
E:\Projects\Ying-Long-Engine\Ying-Long Engine\CodeFile\Graphics\Bindable\SolidColorConstantBuffer.h(51,28): warning C4996: 'YingLong::Graphics': Use DX12Renderer instead
  (编译源文件“CodeFile/ECS/System/System.cpp”)
  
E:\Projects\Ying-Long-Engine\Ying-Long Engine\CodeFile\Graphics\Light\SpotLight.h(105,13): warning C4996: 'YingLong::Graphics': Use DX12Renderer instead
  (编译源文件“CodeFile/ECS/Scene/Scene.cpp”)
  
E:\Projects\Ying-Long-Engine\Ying-Long Engine\CodeFile\Graphics\Bindable\SolidColorConstantBuffer.h(60,13): warning C4996: 'YingLong::Graphics': Use DX12Renderer instead
  (编译源文件“CodeFile/ECS/System/System.cpp”)
  
E:\Projects\Ying-Long-Engine\Ying-Long Engine\CodeFile\Graphics\Light\SpotLight.h(117,13): warning C4996: 'YingLong::Graphics': Use DX12Renderer instead
  (编译源文件“CodeFile/ECS/Scene/Scene.cpp”)
  
E:\Projects\Ying-Long-Engine\Ying-Long Engine\CodeFile\Graphics\Light\LightManager.h(40,26): warning C4996: 'YingLong::Graphics': Use DX12Renderer instead
  (编译源文件“CodeFile/ECS/Scene/Scene.cpp”)
  
E:\Projects\Ying-Long-Engine\Ying-Long Engine\CodeFile\Graphics\Light\LightManager.h(70,22): warning C4996: 'YingLong::Graphics': Use DX12Renderer instead
  (编译源文件“CodeFile/ECS/Scene/Scene.cpp”)
  
E:\Projects\Ying-Long-Engine\Ying-Long Engine\CodeFile\Graphics\Bindable\VertexBuffer.h(29,33): warning C4996: 'YingLong::Bindable': Use BindableDX12 instead
  (编译源文件“CodeFile/ECS/System/System.cpp”)
  
E:\Projects\Ying-Long-Engine\Ying-Long Engine\CodeFile\Graphics\Bindable\VertexBuffer.h(46,22): warning C4996: 'YingLong::Graphics': Use DX12Renderer instead
  (编译源文件“CodeFile/ECS/System/System.cpp”)
  
E:\Projects\Ying-Long-Engine\Ying-Long Engine\CodeFile\Graphics\Bindable\VertexBuffer.h(76,19): warning C4996: 'YingLong::Graphics': Use DX12Renderer instead
  (编译源文件“CodeFile/ECS/System/System.cpp”)
  
E:\Projects\Ying-Long-Engine\Ying-Long Engine\CodeFile\Graphics\Bindable\VertexBuffer.h(79,13): warning C4996: 'YingLong::Bindable::GetDevicContext': Use BindableDX12 instead
  (编译源文件“CodeFile/ECS/System/System.cpp”)
  
E:\Projects\Ying-Long-Engine\Ying-Long Engine\CodeFile\Graphics\Drawable\SolidSphere.h(49,23): warning C4996: 'YingLong::Graphics': Use DX12Renderer instead
  (编译源文件“CodeFile/ECS/System/System.cpp”)
  
E:\Projects\Ying-Long-Engine\Ying-Long Engine\CodeFile\Graphics\Light\PointLight.h(90,14): warning C4996: 'YingLong::Graphics': Use DX12Renderer instead
  (编译源文件“CodeFile/ECS/System/System.cpp”)
  
E:\Projects\Ying-Long-Engine\Ying-Long Engine\CodeFile\Graphics\Light\PointLight.h(102,13): warning C4996: 'YingLong::Graphics': Use DX12Renderer instead
  (编译源文件“CodeFile/ECS/System/System.cpp”)
  
E:\Projects\Ying-Long-Engine\Ying-Long Engine\CodeFile\Graphics\Drawable\Mesh.h(92,19): warning C4996: 'YingLong::Graphics': Use DX12Renderer instead
  (编译源文件“CodeFile/ECS/System/System.cpp”)
  
E:\Projects\Ying-Long-Engine\Ying-Long Engine\CodeFile\Graphics\Drawable\Mesh.h(106,13): warning C4996: 'YingLong::Graphics': Use DX12Renderer instead
  (编译源文件“CodeFile/ECS/System/System.cpp”)
  
E:\Projects\Ying-Long-Engine\Ying-Long Engine\CodeFile\Graphics\Bindable\ConstantBuffers.h(32,3): warning C4996: 'YingLong::Bindable::~Bindable': Use BindableDX12 instead
  (编译源文件“CodeFile/ECS/System/System.cpp”)
      E:\Projects\Ying-Long-Engine\Ying-Long Engine\CodeFile\Graphics\Bindable\ConstantBuffers.h(202,1):
      参见对函数 "YingLong::ConstantBuffer<C>::ConstantBuffer(void)" 的引用
          with
          [
              C=YingLong::MaterialCBufferData
          ]
  
E:\Projects\Ying-Long-Engine\Ying-Long Engine\CodeFile\Graphics\Drawable\Mesh.h(141,8): warning C4996: 'YingLong::Graphics': Use DX12Renderer instead
  (编译源文件“CodeFile/ECS/System/System.cpp”)
  
E:\Projects\Ying-Long-Engine\Ying-Long Engine\CodeFile\Graphics\Drawable\Model.h(42,9): warning C4996: 'YingLong::Graphics': Use DX12Renderer instead
  (编译源文件“CodeFile/ECS/System/System.cpp”)
  
E:\Projects\Ying-Long-Engine\Ying-Long Engine\CodeFile\Graphics\Drawable\Model.h(62,13): warning C4996: 'YingLong::Graphics': Use DX12Renderer instead
  (编译源文件“CodeFile/ECS/System/System.cpp”)
  
E:\Projects\Ying-Long-Engine\Ying-Long Engine\CodeFile\Graphics\Drawable\SolidBoxDrawable.h(51,26): warning C4996: 'YingLong::Graphics': Use DX12Renderer instead
  (编译源文件“CodeFile/ECS/Scene/Scene.cpp”)
  
E:\Projects\Ying-Long-Engine\Ying-Long Engine\CodeFile\ECS\System\MeshRendererSystem.h(109,39): warning C4996: 'YingLong::Graphics': Use DX12Renderer instead
  (编译源文件“CodeFile/ECS/Scene/Scene.cpp”)
  
E:\Projects\Ying-Long-Engine\Ying-Long Engine\CodeFile\Graphics\Drawable\SolidCone.h(55,21): warning C4996: 'YingLong::Graphics': Use DX12Renderer instead
  (编译源文件“CodeFile/ECS/System/System.cpp”)
  
E:\Projects\Ying-Long-Engine\Ying-Long Engine\CodeFile\Graphics\Light\SpotLight.h(105,13): warning C4996: 'YingLong::Graphics': Use DX12Renderer instead
  (编译源文件“CodeFile/ECS/System/System.cpp”)
  
E:\Projects\Ying-Long-Engine\Ying-Long Engine\CodeFile\Graphics\Light\SpotLight.h(117,13): warning C4996: 'YingLong::Graphics': Use DX12Renderer instead
  (编译源文件“CodeFile/ECS/System/System.cpp”)
  
E:\Projects\Ying-Long-Engine\Ying-Long Engine\CodeFile\Graphics\Light\LightManager.h(40,26): warning C4996: 'YingLong::Graphics': Use DX12Renderer instead
  (编译源文件“CodeFile/ECS/System/System.cpp”)
  
E:\Projects\Ying-Long-Engine\Ying-Long Engine\CodeFile\Graphics\Light\LightManager.h(70,22): warning C4996: 'YingLong::Graphics': Use DX12Renderer instead
  (编译源文件“CodeFile/ECS/System/System.cpp”)
  
E:\Projects\Ying-Long-Engine\Ying-Long Engine\CodeFile\Graphics\Drawable\SolidCone.h(55,21): warning C4996: 'YingLong::Graphics': Use DX12Renderer instead
  (编译源文件“CodeFile/ECS/System/PhysicsSystem.cpp”)
  
E:\Projects\Ying-Long-Engine\Ying-Long Engine\CodeFile\Graphics\Light\SpotLight.h(105,13): warning C4996: 'YingLong::Graphics': Use DX12Renderer instead
  (编译源文件“CodeFile/ECS/System/PhysicsSystem.cpp”)
  
E:\Projects\Ying-Long-Engine\Ying-Long Engine\CodeFile\Graphics\Light\SpotLight.h(117,13): warning C4996: 'YingLong::Graphics': Use DX12Renderer instead
  (编译源文件“CodeFile/ECS/System/PhysicsSystem.cpp”)
  
E:\Projects\Ying-Long-Engine\Ying-Long Engine\CodeFile\Graphics\Light\LightManager.h(40,26): warning C4996: 'YingLong::Graphics': Use DX12Renderer instead
  (编译源文件“CodeFile/ECS/System/PhysicsSystem.cpp”)
  
E:\Projects\Ying-Long-Engine\Ying-Long Engine\CodeFile\Graphics\Light\LightManager.h(70,22): warning C4996: 'YingLong::Graphics': Use DX12Renderer instead
  (编译源文件“CodeFile/ECS/System/PhysicsSystem.cpp”)
  
E:\Projects\Ying-Long-Engine\Ying-Long Engine\CodeFile\ECS\Scene\Scene.cpp(403,21): warning C4996: 'YingLong::Graphics': Use DX12Renderer instead
E:\Projects\Ying-Long-Engine\Ying-Long Engine\CodeFile\ECS\Scene\Scene.cpp(412,13): warning C4996: 'YingLong::Graphics::SetCamera': Use DX12Renderer instead
E:\Projects\Ying-Long-Engine\Ying-Long Engine\CodeFile\ECS\System\MeshRendererSystem.cpp(106,55): warning C4996: 'YingLong::Graphics': Use DX12Renderer instead
  DX12DescriptorHeap.cpp
E:\Projects\Ying-Long-Engine\Ying-Long Engine\CodeFile\Graphics\Bindable\ConstantBuffers.h(130,4): warning C4996: 'YingLong::Graphics': Use DX12Renderer instead
  (编译源文件“CodeFile/ECS/System/System.cpp”)
      E:\Projects\Ying-Long-Engine\Ying-Long Engine\CodeFile\Graphics\Bindable\ConstantBuffers.h(130,4):
      模板实例化上下文(最早的实例化上下文)为
          E:\Projects\Ying-Long-Engine\Ying-Long Engine\CodeFile\Graphics\Drawable\Mesh.h(75,33):
          查看对正在编译的 类 模板 实例化“YingLong::PixelConstantBuffer<YingLong::MaterialCBufferData>”的引用
          E:\Projects\Ying-Long-Engine\Ying-Long Engine\CodeFile\Graphics\Bindable\ConstantBuffers.h(180,37):
          查看对正在编译的 类 模板 实例化“YingLong::ConstantBuffer<C>”的引用
          with
          [
              C=YingLong::MaterialCBufferData
          ]
          E:\Projects\Ying-Long-Engine\Ying-Long Engine\CodeFile\Graphics\Bindable\ConstantBuffers.h(116,3):
          在编译 类 模板 成员函数“YingLong::ConstantBuffer<C>::ConstantBuffer(YingLong::Graphics &,UINT)”时
          with
          [
              C=YingLong::MaterialCBufferData
          ]
              E:\Projects\Ying-Long-Engine\Ying-Long Engine\CodeFile\Graphics\Bindable\ConstantBuffers.h(185,3):
              请参阅 "YingLong::PixelConstantBuffer<YingLong::MaterialCBufferData>::PixelConstantBuffer" 中对 "YingLong::ConstantBuffer<C>::ConstantBuffer" 的第一个引用
          with
          [
              C=YingLong::MaterialCBufferData
          ]
  
E:\Projects\Ying-Long-Engine\Ying-Long Engine\CodeFile\Graphics\Bindable\ConstantBuffers.h(117,3): warning C4996: 'YingLong::Bindable::~Bindable': Use BindableDX12 instead
  (编译源文件“CodeFile/ECS/System/System.cpp”)
  
E:\Projects\Ying-Long-Engine\Ying-Long Engine\CodeFile\Graphics\Bindable\ConstantBuffers.h(130,4): warning C4996: 'YingLong::Bindable::GetDevice': Use BindableDX12 instead
  (编译源文件“CodeFile/ECS/System/System.cpp”)
  
E:\Projects\Ying-Long-Engine\Ying-Long Engine\CodeFile\Graphics\Bindable\ConstantBuffers.h(196,14): warning C4996: 'YingLong::Bindable::GetDevicContext': Use BindableDX12 instead
  (编译源文件“CodeFile/ECS/System/System.cpp”)
      E:\Projects\Ying-Long-Engine\Ying-Long Engine\CodeFile\Graphics\Bindable\ConstantBuffers.h(196,14):
      模板实例化上下文(最早的实例化上下文)为
          E:\Projects\Ying-Long-Engine\Ying-Long Engine\CodeFile\Graphics\Bindable\ConstantBuffers.h(194,8):
          在编译 类 模板 成员函数“void YingLong::PixelConstantBuffer<YingLong::MaterialCBufferData>::Bind(YingLong::Graphics &) noexcept”时
  
E:\Projects\Ying-Long-Engine\Ying-Long Engine\CodeFile\ECS\System\MeshRendererSystem.cpp(178,29): warning C4996: 'YingLong::Drawable::Draw': Use DX12Drawable instead
E:\Projects\Ying-Long-Engine\Ying-Long Engine\CodeFile\ECS\System\MeshRendererSystem.cpp(233,29): warning C4996: 'YingLong::Drawable::Draw': Use DX12Drawable instead
E:\Projects\Ying-Long-Engine\Ying-Long Engine\CodeFile\Graphics\Bindable\ConstantBuffers.h(130,4): warning C4996: 'YingLong::Graphics': Use DX12Renderer instead
  (编译源文件“CodeFile/ECS/Entity/Entity.cpp”)
      E:\Projects\Ying-Long-Engine\Ying-Long Engine\CodeFile\Graphics\Bindable\ConstantBuffers.h(130,4):
      模板实例化上下文(最早的实例化上下文)为
          E:\Projects\Ying-Long-Engine\Ying-Long Engine\CodeFile\Graphics\Drawable\Mesh.h(75,33):
          查看对正在编译的 类 模板 实例化“YingLong::PixelConstantBuffer<YingLong::MaterialCBufferData>”的引用
          E:\Projects\Ying-Long-Engine\Ying-Long Engine\CodeFile\Graphics\Bindable\ConstantBuffers.h(180,37):
          查看对正在编译的 类 模板 实例化“YingLong::ConstantBuffer<C>”的引用
          with
          [
              C=YingLong::MaterialCBufferData
          ]
          E:\Projects\Ying-Long-Engine\Ying-Long Engine\CodeFile\Graphics\Bindable\ConstantBuffers.h(116,3):
          在编译 类 模板 成员函数“YingLong::ConstantBuffer<C>::ConstantBuffer(YingLong::Graphics &,UINT)”时
          with
          [
              C=YingLong::MaterialCBufferData
          ]
              E:\Projects\Ying-Long-Engine\Ying-Long Engine\CodeFile\Graphics\Bindable\ConstantBuffers.h(185,3):
              请参阅 "YingLong::PixelConstantBuffer<YingLong::MaterialCBufferData>::PixelConstantBuffer" 中对 "YingLong::ConstantBuffer<C>::ConstantBuffer" 的第一个引用
          with
          [
              C=YingLong::MaterialCBufferData
          ]
  
E:\Projects\Ying-Long-Engine\Ying-Long Engine\CodeFile\Graphics\Bindable\ConstantBuffers.h(117,3): warning C4996: 'YingLong::Bindable::~Bindable': Use BindableDX12 instead
  (编译源文件“CodeFile/ECS/Entity/Entity.cpp”)
  
E:\Projects\Ying-Long-Engine\Ying-Long Engine\CodeFile\Graphics\Bindable\ConstantBuffers.h(130,4): warning C4996: 'YingLong::Bindable::GetDevice': Use BindableDX12 instead
  (编译源文件“CodeFile/ECS/Entity/Entity.cpp”)
  
E:\Projects\Ying-Long-Engine\Ying-Long Engine\CodeFile\Graphics\Bindable\ConstantBuffers.h(196,14): warning C4996: 'YingLong::Bindable::GetDevicContext': Use BindableDX12 instead
  (编译源文件“CodeFile/ECS/Entity/Entity.cpp”)
      E:\Projects\Ying-Long-Engine\Ying-Long Engine\CodeFile\Graphics\Bindable\ConstantBuffers.h(196,14):
      模板实例化上下文(最早的实例化上下文)为
          E:\Projects\Ying-Long-Engine\Ying-Long Engine\CodeFile\Graphics\Bindable\ConstantBuffers.h(194,8):
          在编译 类 模板 成员函数“void YingLong::PixelConstantBuffer<YingLong::MaterialCBufferData>::Bind(YingLong::Graphics &) noexcept”时
  
E:\Projects\Ying-Long-Engine\Ying-Long Engine\CodeFile\Graphics\Bindable\ConstantBuffers.h(130,4): warning C4996: 'YingLong::Graphics': Use DX12Renderer instead
  (编译源文件“CodeFile/ECS/Scene/Scene.cpp”)
      E:\Projects\Ying-Long-Engine\Ying-Long Engine\CodeFile\Graphics\Bindable\ConstantBuffers.h(130,4):
      模板实例化上下文(最早的实例化上下文)为
          E:\Projects\Ying-Long-Engine\Ying-Long Engine\CodeFile\Graphics\Drawable\Mesh.h(75,33):
          查看对正在编译的 类 模板 实例化“YingLong::PixelConstantBuffer<YingLong::MaterialCBufferData>”的引用
          E:\Projects\Ying-Long-Engine\Ying-Long Engine\CodeFile\Graphics\Bindable\ConstantBuffers.h(180,37):
          查看对正在编译的 类 模板 实例化“YingLong::ConstantBuffer<C>”的引用
          with
          [
              C=YingLong::MaterialCBufferData
          ]
          E:\Projects\Ying-Long-Engine\Ying-Long Engine\CodeFile\Graphics\Bindable\ConstantBuffers.h(116,3):
          在编译 类 模板 成员函数“YingLong::ConstantBuffer<C>::ConstantBuffer(YingLong::Graphics &,UINT)”时
          with
          [
              C=YingLong::MaterialCBufferData
          ]
              E:\Projects\Ying-Long-Engine\Ying-Long Engine\CodeFile\Graphics\Bindable\ConstantBuffers.h(185,3):
              请参阅 "YingLong::PixelConstantBuffer<YingLong::MaterialCBufferData>::PixelConstantBuffer" 中对 "YingLong::ConstantBuffer<C>::ConstantBuffer" 的第一个引用
          with
          [
              C=YingLong::MaterialCBufferData
          ]
  
E:\Projects\Ying-Long-Engine\Ying-Long Engine\CodeFile\Graphics\Bindable\ConstantBuffers.h(117,3): warning C4996: 'YingLong::Bindable::~Bindable': Use BindableDX12 instead
  (编译源文件“CodeFile/ECS/Scene/Scene.cpp”)
  
E:\Projects\Ying-Long-Engine\Ying-Long Engine\CodeFile\Graphics\Bindable\ConstantBuffers.h(130,4): warning C4996: 'YingLong::Bindable::GetDevice': Use BindableDX12 instead
  (编译源文件“CodeFile/ECS/Scene/Scene.cpp”)
  
E:\Projects\Ying-Long-Engine\Ying-Long Engine\CodeFile\Graphics\Bindable\ConstantBuffers.h(196,14): warning C4996: 'YingLong::Bindable::GetDevicContext': Use BindableDX12 instead
  (编译源文件“CodeFile/ECS/Scene/Scene.cpp”)
      E:\Projects\Ying-Long-Engine\Ying-Long Engine\CodeFile\Graphics\Bindable\ConstantBuffers.h(196,14):
      模板实例化上下文(最早的实例化上下文)为
          E:\Projects\Ying-Long-Engine\Ying-Long Engine\CodeFile\Graphics\Bindable\ConstantBuffers.h(194,8):
          在编译 类 模板 成员函数“void YingLong::PixelConstantBuffer<YingLong::MaterialCBufferData>::Bind(YingLong::Graphics &) noexcept”时
  
E:\Projects\Ying-Long-Engine\Ying-Long Engine\CodeFile\Graphics\Bindable\ConstantBuffers.h(130,4): warning C4996: 'YingLong::Graphics': Use DX12Renderer instead
  (编译源文件“CodeFile/EntryPoint/EntryPoint.cpp”)
      E:\Projects\Ying-Long-Engine\Ying-Long Engine\CodeFile\Graphics\Bindable\ConstantBuffers.h(130,4):
      模板实例化上下文(最早的实例化上下文)为
          E:\Projects\Ying-Long-Engine\Ying-Long Engine\CodeFile\Graphics\Drawable\Mesh.h(75,33):
          查看对正在编译的 类 模板 实例化“YingLong::PixelConstantBuffer<YingLong::MaterialCBufferData>”的引用
          E:\Projects\Ying-Long-Engine\Ying-Long Engine\CodeFile\Graphics\Bindable\ConstantBuffers.h(180,37):
          查看对正在编译的 类 模板 实例化“YingLong::ConstantBuffer<C>”的引用
          with
          [
              C=YingLong::MaterialCBufferData
          ]
          E:\Projects\Ying-Long-Engine\Ying-Long Engine\CodeFile\Graphics\Bindable\ConstantBuffers.h(116,3):
          在编译 类 模板 成员函数“YingLong::ConstantBuffer<C>::ConstantBuffer(YingLong::Graphics &,UINT)”时
          with
          [
              C=YingLong::MaterialCBufferData
          ]
              E:\Projects\Ying-Long-Engine\Ying-Long Engine\CodeFile\Graphics\Bindable\ConstantBuffers.h(185,3):
              请参阅 "YingLong::PixelConstantBuffer<YingLong::MaterialCBufferData>::PixelConstantBuffer" 中对 "YingLong::ConstantBuffer<C>::ConstantBuffer" 的第一个引用
          with
          [
              C=YingLong::MaterialCBufferData
          ]
  
E:\Projects\Ying-Long-Engine\Ying-Long Engine\CodeFile\Graphics\Bindable\ConstantBuffers.h(117,3): warning C4996: 'YingLong::Bindable::~Bindable': Use BindableDX12 instead
  (编译源文件“CodeFile/EntryPoint/EntryPoint.cpp”)
  
E:\Projects\Ying-Long-Engine\Ying-Long Engine\CodeFile\Graphics\Bindable\ConstantBuffers.h(130,4): warning C4996: 'YingLong::Bindable::GetDevice': Use BindableDX12 instead
  (编译源文件“CodeFile/EntryPoint/EntryPoint.cpp”)
  
E:\Projects\Ying-Long-Engine\Ying-Long Engine\CodeFile\Graphics\Bindable\ConstantBuffers.h(196,14): warning C4996: 'YingLong::Bindable::GetDevicContext': Use BindableDX12 instead
  (编译源文件“CodeFile/EntryPoint/EntryPoint.cpp”)
      E:\Projects\Ying-Long-Engine\Ying-Long Engine\CodeFile\Graphics\Bindable\ConstantBuffers.h(196,14):
      模板实例化上下文(最早的实例化上下文)为
          E:\Projects\Ying-Long-Engine\Ying-Long Engine\CodeFile\Graphics\Bindable\ConstantBuffers.h(194,8):
          在编译 类 模板 成员函数“void YingLong::PixelConstantBuffer<YingLong::MaterialCBufferData>::Bind(YingLong::Graphics &) noexcept”时
  
E:\Projects\Ying-Long-Engine\Ying-Long Engine\CodeFile\Graphics\Drawable\SolidBoxDrawable.h(51,26): warning C4996: 'YingLong::Graphics': Use DX12Renderer instead
  (编译源文件“CodeFile/Application/Application.cpp”)
  
E:\Projects\Ying-Long-Engine\Ying-Long Engine\CodeFile\Graphics\Bindable\ConstantBuffers.h(130,4): warning C4996: 'YingLong::Graphics': Use DX12Renderer instead
  (编译源文件“CodeFile/ECS/System/PhysicsSystem.cpp”)
      E:\Projects\Ying-Long-Engine\Ying-Long Engine\CodeFile\Graphics\Bindable\ConstantBuffers.h(130,4):
      模板实例化上下文(最早的实例化上下文)为
          E:\Projects\Ying-Long-Engine\Ying-Long Engine\CodeFile\Graphics\Drawable\Mesh.h(75,33):
          查看对正在编译的 类 模板 实例化“YingLong::PixelConstantBuffer<YingLong::MaterialCBufferData>”的引用
          E:\Projects\Ying-Long-Engine\Ying-Long Engine\CodeFile\Graphics\Bindable\ConstantBuffers.h(180,37):
          查看对正在编译的 类 模板 实例化“YingLong::ConstantBuffer<C>”的引用
          with
          [
              C=YingLong::MaterialCBufferData
          ]
          E:\Projects\Ying-Long-Engine\Ying-Long Engine\CodeFile\Graphics\Bindable\ConstantBuffers.h(116,3):
          在编译 类 模板 成员函数“YingLong::ConstantBuffer<C>::ConstantBuffer(YingLong::Graphics &,UINT)”时
          with
          [
              C=YingLong::MaterialCBufferData
          ]
              E:\Projects\Ying-Long-Engine\Ying-Long Engine\CodeFile\Graphics\Bindable\ConstantBuffers.h(185,3):
              请参阅 "YingLong::PixelConstantBuffer<YingLong::MaterialCBufferData>::PixelConstantBuffer" 中对 "YingLong::ConstantBuffer<C>::ConstantBuffer" 的第一个引用
          with
          [
              C=YingLong::MaterialCBufferData
          ]
  
E:\Projects\Ying-Long-Engine\Ying-Long Engine\CodeFile\Graphics\Bindable\ConstantBuffers.h(117,3): warning C4996: 'YingLong::Bindable::~Bindable': Use BindableDX12 instead
  (编译源文件“CodeFile/ECS/System/PhysicsSystem.cpp”)
  
E:\Projects\Ying-Long-Engine\Ying-Long Engine\CodeFile\Graphics\Bindable\ConstantBuffers.h(130,4): warning C4996: 'YingLong::Bindable::GetDevice': Use BindableDX12 instead
  (编译源文件“CodeFile/ECS/System/PhysicsSystem.cpp”)
  
E:\Projects\Ying-Long-Engine\Ying-Long Engine\CodeFile\ECS\System\MeshRendererSystem.h(109,39): warning C4996: 'YingLong::Graphics': Use DX12Renderer instead
  (编译源文件“CodeFile/Application/Application.cpp”)
  
E:\Projects\Ying-Long-Engine\Ying-Long Engine\CodeFile\Graphics\Bindable\ConstantBuffers.h(196,14): warning C4996: 'YingLong::Bindable::GetDevicContext': Use BindableDX12 instead
  (编译源文件“CodeFile/ECS/System/PhysicsSystem.cpp”)
      E:\Projects\Ying-Long-Engine\Ying-Long Engine\CodeFile\Graphics\Bindable\ConstantBuffers.h(196,14):
      模板实例化上下文(最早的实例化上下文)为
          E:\Projects\Ying-Long-Engine\Ying-Long Engine\CodeFile\Graphics\Bindable\ConstantBuffers.h(194,8):
          在编译 类 模板 成员函数“void YingLong::PixelConstantBuffer<YingLong::MaterialCBufferData>::Bind(YingLong::Graphics &) noexcept”时
  
E:\Projects\Ying-Long-Engine\Ying-Long Engine\CodeFile\Application\Window\Window.cpp(147,34): warning C4996: 'YingLong::Graphics': Use DX12Renderer instead
E:\Projects\Ying-Long-Engine\Ying-Long Engine\CodeFile\Application\Window\Window.cpp(194,2): warning C4996: 'YingLong::Graphics': Use DX12Renderer instead
E:\Projects\Ying-Long-Engine\Ying-Long Engine\CodeFile\Application\Window\Window.cpp(451,24): warning C4996: 'YingLong::Graphics::UpdateGUIGraphicsResolution': Use DX12Renderer instead
E:\Projects\Ying-Long-Engine\Ying-Long Engine\CodeFile\Graphics\Bindable\ConstantBuffers.h(130,4): warning C4996: 'YingLong::Graphics': Use DX12Renderer instead
  (编译源文件“CodeFile/ECS/System/MeshRendererSystem.cpp”)
      E:\Projects\Ying-Long-Engine\Ying-Long Engine\CodeFile\Graphics\Bindable\ConstantBuffers.h(130,4):
      模板实例化上下文(最早的实例化上下文)为
          E:\Projects\Ying-Long-Engine\Ying-Long Engine\CodeFile\Graphics\Drawable\Mesh.h(75,33):
          查看对正在编译的 类 模板 实例化“YingLong::PixelConstantBuffer<YingLong::MaterialCBufferData>”的引用
          E:\Projects\Ying-Long-Engine\Ying-Long Engine\CodeFile\Graphics\Bindable\ConstantBuffers.h(180,37):
          查看对正在编译的 类 模板 实例化“YingLong::ConstantBuffer<C>”的引用
          with
          [
              C=YingLong::MaterialCBufferData
          ]
          E:\Projects\Ying-Long-Engine\Ying-Long Engine\CodeFile\Graphics\Bindable\ConstantBuffers.h(116,3):
          在编译 类 模板 成员函数“YingLong::ConstantBuffer<C>::ConstantBuffer(YingLong::Graphics &,UINT)”时
          with
          [
              C=YingLong::MaterialCBufferData
          ]
              E:\Projects\Ying-Long-Engine\Ying-Long Engine\CodeFile\Graphics\Bindable\ConstantBuffers.h(185,3):
              请参阅 "YingLong::PixelConstantBuffer<YingLong::MaterialCBufferData>::PixelConstantBuffer" 中对 "YingLong::ConstantBuffer<C>::ConstantBuffer" 的第一个引用
          with
          [
              C=YingLong::MaterialCBufferData
          ]
  
E:\Projects\Ying-Long-Engine\Ying-Long Engine\CodeFile\Graphics\Bindable\ConstantBuffers.h(117,3): warning C4996: 'YingLong::Bindable::~Bindable': Use BindableDX12 instead
  (编译源文件“CodeFile/ECS/System/MeshRendererSystem.cpp”)
  
E:\Projects\Ying-Long-Engine\Ying-Long Engine\CodeFile\Graphics\Bindable\ConstantBuffers.h(130,4): warning C4996: 'YingLong::Bindable::GetDevice': Use BindableDX12 instead
  (编译源文件“CodeFile/ECS/System/MeshRendererSystem.cpp”)
  
E:\Projects\Ying-Long-Engine\Ying-Long Engine\CodeFile\Graphics\Bindable\ConstantBuffers.h(196,14): warning C4996: 'YingLong::Bindable::GetDevicContext': Use BindableDX12 instead
  (编译源文件“CodeFile/ECS/System/MeshRendererSystem.cpp”)
      E:\Projects\Ying-Long-Engine\Ying-Long Engine\CodeFile\Graphics\Bindable\ConstantBuffers.h(196,14):
      模板实例化上下文(最早的实例化上下文)为
          E:\Projects\Ying-Long-Engine\Ying-Long Engine\CodeFile\Graphics\Bindable\ConstantBuffers.h(194,8):
          在编译 类 模板 成员函数“void YingLong::PixelConstantBuffer<YingLong::MaterialCBufferData>::Bind(YingLong::Graphics &) noexcept”时
  
  WARNING: Bindable.h is deprecated. Use BindableDX12 instead.
E:\Projects\Ying-Long-Engine\Ying-Long Engine\CodeFile\Application\Application.cpp(143,34): warning C4996: 'YingLong::Graphics::ImportBackgroundColor': Use DX12Renderer instead
E:\Projects\Ying-Long-Engine\Ying-Long Engine\CodeFile\Application\Application.cpp(390,14): warning C4267: “初始化”: 从“size_t”转换到“int”，可能丢失数据
E:\Projects\Ying-Long-Engine\Ying-Long Engine\CodeFile\Application\Application.cpp(395,18): warning C4244: “*=”: 从“double”转换到“int”，可能丢失数据
E:\Projects\Ying-Long-Engine\Ying-Long Engine\CodeFile\Application\Application.cpp(477,31): warning C4996: 'YingLong::Graphics::color': Use DX12Renderer instead
E:\Projects\Ying-Long-Engine\Ying-Long Engine\CodeFile\Application\Application.cpp(478,31): warning C4996: 'YingLong::Graphics::color': Use DX12Renderer instead
E:\Projects\Ying-Long-Engine\Ying-Long Engine\CodeFile\Application\Application.cpp(479,31): warning C4996: 'YingLong::Graphics::color': Use DX12Renderer instead
E:\Projects\Ying-Long-Engine\Ying-Long Engine\CodeFile\Graphics\Bindable\Texture.h(25,25): warning C4996: 'YingLong::Bindable': Use BindableDX12 instead
  (编译源文件“CodeFile/Graphics/Bindable/Texture.cpp”)
  
E:\Projects\Ying-Long-Engine\Ying-Long Engine\CodeFile\Application\Application.cpp(603,56): warning C4996: 'YingLong::Graphics::SceneRenderTarget': Use DX12Renderer instead
E:\Projects\Ying-Long-Engine\Ying-Long Engine\CodeFile\Graphics\Bindable\Texture.cpp(14,2): warning C4996: 'YingLong::Bindable::~Bindable': Use BindableDX12 instead
E:\Projects\Ying-Long-Engine\Ying-Long Engine\CodeFile\Graphics\Bindable\Texture.cpp(19,2): warning C4996: 'YingLong::Bindable::~Bindable': Use BindableDX12 instead
E:\Projects\Ying-Long-Engine\Ying-Long Engine\CodeFile\Application\Application.cpp(476,31): warning C4996: 'YingLong::Graphics::ClearBuffer': Use DX12Renderer instead
E:\Projects\Ying-Long-Engine\Ying-Long Engine\CodeFile\Application\Application.cpp(480,31): warning C4996: 'YingLong::Graphics::ColorEditor': Use DX12Renderer instead
E:\Projects\Ying-Long-Engine\Ying-Long Engine\CodeFile\Application\Application.cpp(495,33): warning C4996: 'YingLong::Graphics::SetCamera': Use DX12Renderer instead
E:\Projects\Ying-Long-Engine\Ying-Long Engine\CodeFile\Application\Application.cpp(523,31): warning C4996: 'YingLong::Graphics::SaveBackgroundColor': Use DX12Renderer instead
E:\Projects\Ying-Long-Engine\Ying-Long Engine\CodeFile\Application\Application.cpp(541,7): warning C4996: 'YingLong::Drawable::Draw': Use DX12Drawable instead
E:\Projects\Ying-Long-Engine\Ying-Long Engine\CodeFile\Application\Application.cpp(547,7): warning C4996: 'YingLong::Drawable::Draw': Use DX12Drawable instead
E:\Projects\Ying-Long-Engine\Ying-Long Engine\CodeFile\Application\Application.cpp(596,32): warning C4996: 'YingLong::Graphics::UpdateSceneGraphicsResolution': Use DX12Renderer instead
E:\Projects\Ying-Long-Engine\Ying-Long Engine\CodeFile\Application\Application.cpp(603,76): warning C4996: 'YingLong::RenderTarget::GetRenderTargetResource': Use RenderTargetDX12 instead
E:\Projects\Ying-Long-Engine\Ying-Long Engine\CodeFile\Application\Application.cpp(651,31): warning C4996: 'YingLong::Graphics::EndFrame': Use DX12Renderer instead
E:\Projects\Ying-Long-Engine\Ying-Long Engine\CodeFile\Graphics\Bindable\Texture.cpp(71,16): warning C4996: 'YingLong::Bindable::GetDevice': Use BindableDX12 instead
E:\Projects\Ying-Long-Engine\Ying-Long Engine\CodeFile\Application\Application.cpp(714,1): warning C4819: 该文件包含不能在当前代码页(936)中表示的字符。请将该文件保存为 Unicode 格式以防止数据丢失
E:\Projects\Ying-Long-Engine\Ying-Long Engine\CodeFile\Graphics\Bindable\Texture.cpp(99,8): warning C4996: 'YingLong::Bindable::GetDevice': Use BindableDX12 instead
E:\Projects\Ying-Long-Engine\Ying-Long Engine\CodeFile\Graphics\Bindable\Texture.cpp(112,3): warning C4996: 'YingLong::Bindable::GetDevicContext': Use BindableDX12 instead
E:\Projects\Ying-Long-Engine\Ying-Long Engine\CodeFile\Application\Application.cpp(737,27): warning C4996: 'YingLong::Graphics::ReInitImGui': Use DX12Renderer instead
C:\Program Files\Microsoft Visual Studio\2022\Community\VC\Tools\MSVC\14.44.35207\include\memory(3630,35): warning C4996: 'YingLong::Graphics::Graphics': Use DX12Renderer instead
  (编译源文件“CodeFile/Application/Window/Window.cpp”)
      C:\Program Files\Microsoft Visual Studio\2022\Community\VC\Tools\MSVC\14.44.35207\include\memory(3630,35):
      模板实例化上下文(最早的实例化上下文)为
          E:\Projects\Ying-Long-Engine\Ying-Long Engine\CodeFile\Application\Window\Window.cpp(147,21):
          查看对正在编译的函数 模板 实例化“std::unique_ptr<YingLong::Graphics,std::default_delete<YingLong::Graphics>> std::make_unique<YingLong::Graphics,HWND&,0>(HWND &)”的引用
  
E:\Projects\Ying-Long-Engine\Ying-Long Engine\CodeFile\Graphics\Bindable\ConstantBuffers.h(130,4): warning C4996: 'YingLong::Graphics': Use DX12Renderer instead
  (编译源文件“CodeFile/Application/Window/Window.cpp”)
      E:\Projects\Ying-Long-Engine\Ying-Long Engine\CodeFile\Graphics\Bindable\ConstantBuffers.h(130,4):
      模板实例化上下文(最早的实例化上下文)为
          E:\Projects\Ying-Long-Engine\Ying-Long Engine\CodeFile\Graphics\Drawable\Mesh.h(75,33):
          查看对正在编译的 类 模板 实例化“YingLong::PixelConstantBuffer<YingLong::MaterialCBufferData>”的引用
          E:\Projects\Ying-Long-Engine\Ying-Long Engine\CodeFile\Graphics\Bindable\ConstantBuffers.h(180,37):
          查看对正在编译的 类 模板 实例化“YingLong::ConstantBuffer<C>”的引用
          with
          [
              C=YingLong::MaterialCBufferData
          ]
          E:\Projects\Ying-Long-Engine\Ying-Long Engine\CodeFile\Graphics\Bindable\ConstantBuffers.h(116,3):
          在编译 类 模板 成员函数“YingLong::ConstantBuffer<C>::ConstantBuffer(YingLong::Graphics &,UINT)”时
          with
          [
              C=YingLong::MaterialCBufferData
          ]
              E:\Projects\Ying-Long-Engine\Ying-Long Engine\CodeFile\Graphics\Bindable\ConstantBuffers.h(185,3):
              请参阅 "YingLong::PixelConstantBuffer<YingLong::MaterialCBufferData>::PixelConstantBuffer" 中对 "YingLong::ConstantBuffer<C>::ConstantBuffer" 的第一个引用
          with
          [
              C=YingLong::MaterialCBufferData
          ]
  
E:\Projects\Ying-Long-Engine\Ying-Long Engine\CodeFile\Graphics\Bindable\ConstantBuffers.h(117,3): warning C4996: 'YingLong::Bindable::~Bindable': Use BindableDX12 instead
  (编译源文件“CodeFile/Application/Window/Window.cpp”)
  
E:\Projects\Ying-Long-Engine\Ying-Long Engine\CodeFile\Graphics\Bindable\ConstantBuffers.h(130,4): warning C4996: 'YingLong::Bindable::GetDevice': Use BindableDX12 instead
  (编译源文件“CodeFile/Application/Window/Window.cpp”)
  
E:\Projects\Ying-Long-Engine\Ying-Long Engine\CodeFile\Graphics\Bindable\ConstantBuffers.h(196,14): warning C4996: 'YingLong::Bindable::GetDevicContext': Use BindableDX12 instead
  (编译源文件“CodeFile/Application/Window/Window.cpp”)
      E:\Projects\Ying-Long-Engine\Ying-Long Engine\CodeFile\Graphics\Bindable\ConstantBuffers.h(196,14):
      模板实例化上下文(最早的实例化上下文)为
          E:\Projects\Ying-Long-Engine\Ying-Long Engine\CodeFile\Graphics\Bindable\ConstantBuffers.h(194,8):
          在编译 类 模板 成员函数“void YingLong::PixelConstantBuffer<YingLong::MaterialCBufferData>::Bind(YingLong::Graphics &) noexcept”时
  
E:\Projects\Ying-Long-Engine\Ying-Long Engine\CodeFile\Graphics\Bindable\VertexShader.h(31,30): warning C4996: 'YingLong::Bindable': Use BindableDX12 instead
  (编译源文件“CodeFile/Graphics/Bindable/VertexShader.cpp”)
  
E:\Projects\Ying-Long-Engine\Ying-Long Engine\CodeFile\Graphics\Bindable\VertexShader.cpp(16,2): warning C4996: 'YingLong::Bindable::~Bindable': Use BindableDX12 instead
E:\Projects\Ying-Long-Engine\Ying-Long Engine\CodeFile\Graphics\Bindable\VertexShader.h(52,4): warning C4996: 'YingLong::Bindable::~Bindable': Use BindableDX12 instead
  (编译源文件“CodeFile/Graphics/Bindable/VertexShader.cpp”)
      E:\Projects\Ying-Long-Engine\Ying-Long Engine\CodeFile\Graphics\Bindable\VertexShader.cpp(16,2):
      参见对函数 "YingLong::VertexShader::~VertexShader(void)" 的引用
  
E:\Projects\Ying-Long-Engine\Ying-Long Engine\CodeFile\Graphics\Bindable\VertexShader.cpp(47,8): warning C4996: 'YingLong::Bindable::GetDevice': Use BindableDX12 instead
E:\Projects\Ying-Long-Engine\Ying-Long Engine\CodeFile\Graphics\Bindable\VertexShader.cpp(66,3): warning C4996: 'YingLong::Bindable::GetDevicContext': Use BindableDX12 instead
  WARNING: DepthStencil.h is deprecated. Use DepthStencilDX12 instead.
  WARNING: RenderTarget.h is deprecated. Use RenderTargetDX12 instead.
E:\Projects\Ying-Long-Engine\Ying-Long Engine\CodeFile\Graphics\Graphics.h(238,19): warning C4996: 'YingLong::RenderTarget': Use RenderTargetDX12 instead
  (编译源文件“CodeFile/Graphics/Bindable/SolidColorConstantBuffer.cpp”)
  
E:\Projects\Ying-Long-Engine\Ying-Long Engine\CodeFile\Graphics\Graphics.h(239,19): warning C4996: 'YingLong::RenderTarget': Use RenderTargetDX12 instead
  (编译源文件“CodeFile/Graphics/Bindable/SolidColorConstantBuffer.cpp”)
  
E:\Projects\Ying-Long-Engine\Ying-Long Engine\CodeFile\Graphics\Graphics.h(240,19): warning C4996: 'YingLong::DepthStencil': Use DepthStencilDX12 instead
  (编译源文件“CodeFile/Graphics/Bindable/SolidColorConstantBuffer.cpp”)
  
E:\Projects\Ying-Long-Engine\Ying-Long Engine\CodeFile\Graphics\Bindable\ConstantBuffers.h(49,15): warning C4996: 'YingLong::Graphics': Use DX12Renderer instead
  (编译源文件“CodeFile/Graphics/Bindable/SolidColorConstantBuffer.cpp”)
      E:\Projects\Ying-Long-Engine\Ying-Long Engine\CodeFile\Graphics\Bindable\ConstantBuffers.h(49,15):
      模板实例化上下文(最早的实例化上下文)为
          E:\Projects\Ying-Long-Engine\Ying-Long Engine\CodeFile\Graphics\Bindable\ConstantBuffers.h(26,9):
          在编译类模板“YingLong::ConstantBuffer”时
  
E:\Projects\Ying-Long-Engine\Ying-Long Engine\CodeFile\Graphics\Bindable\ConstantBuffers.h(82,18): warning C4996: 'YingLong::Graphics': Use DX12Renderer instead
  (编译源文件“CodeFile/Graphics/Bindable/SolidColorConstantBuffer.cpp”)
  
E:\Projects\Ying-Long-Engine\Ying-Long Engine\CodeFile\Graphics\Bindable\ConstantBuffers.h(116,18): warning C4996: 'YingLong::Graphics': Use DX12Renderer instead
  (编译源文件“CodeFile/Graphics/Bindable/SolidColorConstantBuffer.cpp”)
  
E:\Projects\Ying-Long-Engine\Ying-Long Engine\CodeFile\Graphics\Bindable\ConstantBuffers.h(164,13): warning C4996: 'YingLong::Graphics': Use DX12Renderer instead
  (编译源文件“CodeFile/Graphics/Bindable/SolidColorConstantBuffer.cpp”)
      E:\Projects\Ying-Long-Engine\Ying-Long Engine\CodeFile\Graphics\Bindable\ConstantBuffers.h(164,13):
      模板实例化上下文(最早的实例化上下文)为
          E:\Projects\Ying-Long-Engine\Ying-Long Engine\CodeFile\Graphics\Bindable\ConstantBuffers.h(149,8):
          在编译类模板“YingLong::VertexConstantBuffer”时
  
E:\Projects\Ying-Long-Engine\Ying-Long Engine\CodeFile\Graphics\Bindable\ConstantBuffers.h(194,13): warning C4996: 'YingLong::Graphics': Use DX12Renderer instead
  (编译源文件“CodeFile/Graphics/Bindable/SolidColorConstantBuffer.cpp”)
      E:\Projects\Ying-Long-Engine\Ying-Long Engine\CodeFile\Graphics\Bindable\ConstantBuffers.h(194,13):
      模板实例化上下文(最早的实例化上下文)为
          E:\Projects\Ying-Long-Engine\Ying-Long Engine\CodeFile\Graphics\Bindable\ConstantBuffers.h(180,8):
          在编译类模板“YingLong::PixelConstantBuffer”时
  
E:\Projects\Ying-Long-Engine\Ying-Long Engine\CodeFile\Graphics\Bindable\SolidColorConstantBuffer.h(40,42): warning C4996: 'YingLong::Bindable': Use BindableDX12 instead
  (编译源文件“CodeFile/Graphics/Bindable/SolidColorConstantBuffer.cpp”)
  
E:\Projects\Ying-Long-Engine\Ying-Long Engine\CodeFile\Graphics\Bindable\SolidColorConstantBuffer.h(51,28): warning C4996: 'YingLong::Graphics': Use DX12Renderer instead
  (编译源文件“CodeFile/Graphics/Bindable/SolidColorConstantBuffer.cpp”)
  
E:\Projects\Ying-Long-Engine\Ying-Long Engine\CodeFile\Graphics\Bindable\SolidColorConstantBuffer.h(60,13): warning C4996: 'YingLong::Graphics': Use DX12Renderer instead
  (编译源文件“CodeFile/Graphics/Bindable/SolidColorConstantBuffer.cpp”)
  
E:\Projects\Ying-Long-Engine\Ying-Long Engine\CodeFile\Graphics\Bindable\SolidColorConstantBuffer.cpp(13,53): warning C4996: 'YingLong::Graphics': Use DX12Renderer instead
E:\Projects\Ying-Long-Engine\Ying-Long Engine\CodeFile\Graphics\Bindable\SolidColorConstantBuffer.cpp(15,2): warning C4996: 'YingLong::Bindable::~Bindable': Use BindableDX12 instead
E:\Projects\Ying-Long-Engine\Ying-Long Engine\CodeFile\Graphics\Bindable\SolidColorConstantBuffer.cpp(21,38): warning C4996: 'YingLong::Graphics': Use DX12Renderer instead
C:\Program Files\Microsoft Visual Studio\2022\Community\VC\Tools\MSVC\14.44.35207\include\memory(3309,9): warning C4996: 'YingLong::Bindable::~Bindable': Use BindableDX12 instead
  (编译源文件“CodeFile/ECS/System/System.cpp”)
      C:\Program Files\Microsoft Visual Studio\2022\Community\VC\Tools\MSVC\14.44.35207\include\memory(3309,9):
      模板实例化上下文(最早的实例化上下文)为
          E:\Projects\Ying-Long-Engine\Ying-Long Engine\CodeFile\Graphics\Drawable\DrawableBase.h(34,8):
          在编译类模板“YingLong::DrawableBase”时
          E:\Projects\Ying-Long-Engine\Ying-Long Engine\CodeFile\Graphics\Drawable\DrawableBase.h(63,4):
          查看对正在编译的 类 模板 实例化“std::unique_ptr<YingLong::Bindable,std::default_delete<YingLong::Bindable>>”的引用
          C:\Program Files\Microsoft Visual Studio\2022\Community\VC\Tools\MSVC\14.44.35207\include\memory(3352,92):
          查看对正在编译的 类 模板 实例化“std::default_delete<YingLong::Bindable>”的引用
          C:\Program Files\Microsoft Visual Studio\2022\Community\VC\Tools\MSVC\14.44.35207\include\memory(3307,23):
          在编译 类 模板 成员函数“void std::default_delete<YingLong::Bindable>::operator ()(_Ty *) noexcept const”时
          with
          [
              _Ty=YingLong::Bindable
          ]
              C:\Program Files\Microsoft Visual Studio\2022\Community\VC\Tools\MSVC\14.44.35207\include\memory(3427,33):
              请参阅 "std::unique_ptr<YingLong::Bindable,std::default_delete<YingLong::Bindable>>::~unique_ptr" 中对 "std::default_delete<YingLong::Bindable>::operator ()" 的第一个引用
              C:\Program Files\Microsoft Visual Studio\2022\Community\VC\Tools\MSVC\14.44.35207\include\memory(3483,1):
              请参阅 "std::unique_ptr<YingLong::Bindable,std::default_delete<YingLong::Bindable>>::~unique_ptr" 中对 "std::unique_ptr<YingLong::Bindable,std::default_delete<YingLong::Bindable>>::~unique_ptr" 的第一个引用
  
  WARNING: DepthStencil.h is deprecated. Use DepthStencilDX12 instead.
  WARNING: RenderTarget.h is deprecated. Use RenderTargetDX12 instead.
E:\Projects\Ying-Long-Engine\Ying-Long Engine\CodeFile\Graphics\Graphics.h(238,19): warning C4996: 'YingLong::RenderTarget': Use RenderTargetDX12 instead
  (编译源文件“CodeFile/Graphics/Bindable/TransformConstantBuffer.cpp”)
  
E:\Projects\Ying-Long-Engine\Ying-Long Engine\CodeFile\Graphics\Graphics.h(239,19): warning C4996: 'YingLong::RenderTarget': Use RenderTargetDX12 instead
  (编译源文件“CodeFile/Graphics/Bindable/TransformConstantBuffer.cpp”)
  
E:\Projects\Ying-Long-Engine\Ying-Long Engine\CodeFile\Graphics\Graphics.h(240,19): warning C4996: 'YingLong::DepthStencil': Use DepthStencilDX12 instead
  (编译源文件“CodeFile/Graphics/Bindable/TransformConstantBuffer.cpp”)
  
E:\Projects\Ying-Long-Engine\Ying-Long Engine\CodeFile\Graphics\Bindable\ConstantBuffers.h(49,15): warning C4996: 'YingLong::Graphics': Use DX12Renderer instead
  (编译源文件“CodeFile/Graphics/Bindable/TransformConstantBuffer.cpp”)
      E:\Projects\Ying-Long-Engine\Ying-Long Engine\CodeFile\Graphics\Bindable\ConstantBuffers.h(49,15):
      模板实例化上下文(最早的实例化上下文)为
          E:\Projects\Ying-Long-Engine\Ying-Long Engine\CodeFile\Graphics\Bindable\ConstantBuffers.h(26,9):
          在编译类模板“YingLong::ConstantBuffer”时
  
E:\Projects\Ying-Long-Engine\Ying-Long Engine\CodeFile\Graphics\Bindable\ConstantBuffers.h(82,18): warning C4996: 'YingLong::Graphics': Use DX12Renderer instead
  (编译源文件“CodeFile/Graphics/Bindable/TransformConstantBuffer.cpp”)
  
E:\Projects\Ying-Long-Engine\Ying-Long Engine\CodeFile\Graphics\Bindable\ConstantBuffers.h(116,18): warning C4996: 'YingLong::Graphics': Use DX12Renderer instead
  (编译源文件“CodeFile/Graphics/Bindable/TransformConstantBuffer.cpp”)
  
E:\Projects\Ying-Long-Engine\Ying-Long Engine\CodeFile\Graphics\Bindable\ConstantBuffers.h(164,13): warning C4996: 'YingLong::Graphics': Use DX12Renderer instead
  (编译源文件“CodeFile/Graphics/Bindable/TransformConstantBuffer.cpp”)
      E:\Projects\Ying-Long-Engine\Ying-Long Engine\CodeFile\Graphics\Bindable\ConstantBuffers.h(164,13):
      模板实例化上下文(最早的实例化上下文)为
          E:\Projects\Ying-Long-Engine\Ying-Long Engine\CodeFile\Graphics\Bindable\ConstantBuffers.h(149,8):
          在编译类模板“YingLong::VertexConstantBuffer”时
  
E:\Projects\Ying-Long-Engine\Ying-Long Engine\CodeFile\Graphics\Bindable\ConstantBuffers.h(194,13): warning C4996: 'YingLong::Graphics': Use DX12Renderer instead
  (编译源文件“CodeFile/Graphics/Bindable/TransformConstantBuffer.cpp”)
      E:\Projects\Ying-Long-Engine\Ying-Long Engine\CodeFile\Graphics\Bindable\ConstantBuffers.h(194,13):
      模板实例化上下文(最早的实例化上下文)为
          E:\Projects\Ying-Long-Engine\Ying-Long Engine\CodeFile\Graphics\Bindable\ConstantBuffers.h(180,8):
          在编译类模板“YingLong::PixelConstantBuffer”时
  
  WARNING: Drawable.h is deprecated. Use DX12Drawable instead.
E:\Projects\Ying-Long-Engine\Ying-Long Engine\CodeFile\Graphics\Bindable\IndexBuffer.h(23,29): warning C4996: 'YingLong::Bindable': Use BindableDX12 instead
  (编译源文件“CodeFile/Graphics/Bindable/TransformConstantBuffer.cpp”)
  
E:\Projects\Ying-Long-Engine\Ying-Long Engine\CodeFile\Graphics\Bindable\IndexBuffer.h(34,15): warning C4996: 'YingLong::Graphics': Use DX12Renderer instead
  (编译源文件“CodeFile/Graphics/Bindable/TransformConstantBuffer.cpp”)
  
E:\Projects\Ying-Long-Engine\Ying-Long Engine\CodeFile\Graphics\Bindable\IndexBuffer.h(44,15): warning C4996: 'YingLong::Graphics': Use DX12Renderer instead
  (编译源文件“CodeFile/Graphics/Bindable/TransformConstantBuffer.cpp”)
  
E:\Projects\Ying-Long-Engine\Ying-Long Engine\CodeFile\Graphics\Bindable\IndexBuffer.h(53,13): warning C4996: 'YingLong::Graphics': Use DX12Renderer instead
  (编译源文件“CodeFile/Graphics/Bindable/TransformConstantBuffer.cpp”)
  
E:\Projects\Ying-Long-Engine\Ying-Long Engine\CodeFile\Graphics\Drawable\Drawable.h(92,13): warning C4996: 'YingLong::Graphics': Use DX12Renderer instead
  (编译源文件“CodeFile/Graphics/Bindable/TransformConstantBuffer.cpp”)
  
E:\Projects\Ying-Long-Engine\Ying-Long Engine\CodeFile\Graphics\Drawable\Drawable.h(116,32): warning C4996: 'YingLong::Bindable': Use BindableDX12 instead
  (编译源文件“CodeFile/Graphics/Bindable/TransformConstantBuffer.cpp”)
  
E:\Projects\Ying-Long-Engine\Ying-Long Engine\CodeFile\Graphics\Drawable\Drawable.h(144,45): warning C4996: 'YingLong::Bindable': Use BindableDX12 instead
  (编译源文件“CodeFile/Graphics/Bindable/TransformConstantBuffer.cpp”)
  
E:\Projects\Ying-Long-Engine\Ying-Long Engine\CodeFile\Graphics\Drawable\Drawable.h(148,31): warning C4996: 'YingLong::Bindable': Use BindableDX12 instead
  (编译源文件“CodeFile/Graphics/Bindable/TransformConstantBuffer.cpp”)
  
E:\Projects\Ying-Long-Engine\Ying-Long Engine\CodeFile\Graphics\Bindable\TransformConstantBuffer.h(30,41): warning C4996: 'YingLong::Bindable': Use BindableDX12 instead
  (编译源文件“CodeFile/Graphics/Bindable/TransformConstantBuffer.cpp”)
  
E:\Projects\Ying-Long-Engine\Ying-Long Engine\CodeFile\Graphics\Bindable\TransformConstantBuffer.h(42,27): warning C4996: 'YingLong::Graphics': Use DX12Renderer instead
  (编译源文件“CodeFile/Graphics/Bindable/TransformConstantBuffer.cpp”)
  
E:\Projects\Ying-Long-Engine\Ying-Long Engine\CodeFile\Graphics\Bindable\TransformConstantBuffer.h(42,53): warning C4996: 'YingLong::Drawable': Use DX12Drawable instead
  (编译源文件“CodeFile/Graphics/Bindable/TransformConstantBuffer.cpp”)
  
E:\Projects\Ying-Long-Engine\Ying-Long Engine\CodeFile\Graphics\Bindable\TransformConstantBuffer.h(54,13): warning C4996: 'YingLong::Graphics': Use DX12Renderer instead
  (编译源文件“CodeFile/Graphics/Bindable/TransformConstantBuffer.cpp”)
  
E:\Projects\Ying-Long-Engine\Ying-Long Engine\CodeFile\Graphics\Bindable\TransformConstantBuffer.h(70,9): warning C4996: 'YingLong::Drawable': Use DX12Drawable instead
  (编译源文件“CodeFile/Graphics/Bindable/TransformConstantBuffer.cpp”)
  
E:\Projects\Ying-Long-Engine\Ying-Long Engine\CodeFile\Graphics\Bindable\TransformConstantBuffer.cpp(14,51): warning C4996: 'YingLong::Graphics': Use DX12Renderer instead
E:\Projects\Ying-Long-Engine\Ying-Long Engine\CodeFile\Graphics\Bindable\TransformConstantBuffer.cpp(15,9): warning C4996: 'YingLong::Drawable': Use DX12Drawable instead
E:\Projects\Ying-Long-Engine\Ying-Long Engine\CodeFile\Graphics\Bindable\TransformConstantBuffer.cpp(16,2): warning C4996: 'YingLong::Bindable::~Bindable': Use BindableDX12 instead
E:\Projects\Ying-Long-Engine\Ying-Long Engine\CodeFile\Graphics\Bindable\TransformConstantBuffer.cpp(25,37): warning C4996: 'YingLong::Graphics': Use DX12Renderer instead
E:\Projects\Ying-Long-Engine\Ying-Long Engine\CodeFile\Graphics\Bindable\TransformConstantBuffer.cpp(29,29): warning C4996: 'YingLong::Drawable::GetTransformXM': Use DX12Drawable instead
E:\Projects\Ying-Long-Engine\Ying-Long Engine\CodeFile\Graphics\Bindable\TransformConstantBuffer.cpp(39,48): warning C4996: 'YingLong::Graphics::GetCamera': Use DX12Renderer instead
E:\Projects\Ying-Long-Engine\Ying-Long Engine\CodeFile\Graphics\Bindable\ConstantBuffers.h(130,4): warning C4996: 'YingLong::Graphics': Use DX12Renderer instead
  (编译源文件“CodeFile/Application/Application.cpp”)
      E:\Projects\Ying-Long-Engine\Ying-Long Engine\CodeFile\Graphics\Bindable\ConstantBuffers.h(130,4):
      模板实例化上下文(最早的实例化上下文)为
          E:\Projects\Ying-Long-Engine\Ying-Long Engine\CodeFile\Graphics\Drawable\Mesh.h(75,33):
          查看对正在编译的 类 模板 实例化“YingLong::PixelConstantBuffer<YingLong::MaterialCBufferData>”的引用
          E:\Projects\Ying-Long-Engine\Ying-Long Engine\CodeFile\Graphics\Bindable\ConstantBuffers.h(180,37):
          查看对正在编译的 类 模板 实例化“YingLong::ConstantBuffer<C>”的引用
          with
          [
              C=YingLong::MaterialCBufferData
          ]
          E:\Projects\Ying-Long-Engine\Ying-Long Engine\CodeFile\Graphics\Bindable\ConstantBuffers.h(116,3):
          在编译 类 模板 成员函数“YingLong::ConstantBuffer<C>::ConstantBuffer(YingLong::Graphics &,UINT)”时
          with
          [
              C=YingLong::MaterialCBufferData
          ]
              E:\Projects\Ying-Long-Engine\Ying-Long Engine\CodeFile\Graphics\Bindable\ConstantBuffers.h(185,3):
              请参阅 "YingLong::PixelConstantBuffer<YingLong::MaterialCBufferData>::PixelConstantBuffer" 中对 "YingLong::ConstantBuffer<C>::ConstantBuffer" 的第一个引用
          with
          [
              C=YingLong::MaterialCBufferData
          ]
  
E:\Projects\Ying-Long-Engine\Ying-Long Engine\CodeFile\Graphics\Bindable\ConstantBuffers.h(117,3): warning C4996: 'YingLong::Bindable::~Bindable': Use BindableDX12 instead
  (编译源文件“CodeFile/Application/Application.cpp”)
  
E:\Projects\Ying-Long-Engine\Ying-Long Engine\CodeFile\Graphics\Bindable\ConstantBuffers.h(130,4): warning C4996: 'YingLong::Bindable::GetDevice': Use BindableDX12 instead
  (编译源文件“CodeFile/Application/Application.cpp”)
  
E:\Projects\Ying-Long-Engine\Ying-Long Engine\CodeFile\Graphics\Bindable\ConstantBuffers.h(196,14): warning C4996: 'YingLong::Bindable::GetDevicContext': Use BindableDX12 instead
  (编译源文件“CodeFile/Application/Application.cpp”)
      E:\Projects\Ying-Long-Engine\Ying-Long Engine\CodeFile\Graphics\Bindable\ConstantBuffers.h(196,14):
      模板实例化上下文(最早的实例化上下文)为
          E:\Projects\Ying-Long-Engine\Ying-Long Engine\CodeFile\Graphics\Bindable\ConstantBuffers.h(194,8):
          在编译 类 模板 成员函数“void YingLong::PixelConstantBuffer<YingLong::MaterialCBufferData>::Bind(YingLong::Graphics &) noexcept”时
  
E:\Projects\Ying-Long-Engine\Ying-Long Engine\CodeFile\Graphics\Bindable\ConstantBuffers.h(59,4): warning C4996: 'YingLong::Graphics': Use DX12Renderer instead
  (编译源文件“CodeFile/Graphics/Bindable/SolidColorConstantBuffer.cpp”)
      E:\Projects\Ying-Long-Engine\Ying-Long Engine\CodeFile\Graphics\Bindable\ConstantBuffers.h(59,4):
      模板实例化上下文(最早的实例化上下文)为
          E:\Projects\Ying-Long-Engine\Ying-Long Engine\CodeFile\Graphics\Bindable\SolidColorConstantBuffer.cpp(25,3):
          查看对正在编译的 类 模板 实例化“YingLong::PixelConstantBuffer<YingLong::SolidColorConstantBufferData>”的引用
          E:\Projects\Ying-Long-Engine\Ying-Long Engine\CodeFile\Graphics\Bindable\ConstantBuffers.h(180,37):
          查看对正在编译的 类 模板 实例化“YingLong::ConstantBuffer<C>”的引用
          with
          [
              C=YingLong::SolidColorConstantBufferData
          ]
          E:\Projects\Ying-Long-Engine\Ying-Long Engine\CodeFile\Graphics\Bindable\ConstantBuffers.h(49,8):
          在编译 类 模板 成员函数“void YingLong::ConstantBuffer<C>::Update(YingLong::Graphics &,const C &)”时
          with
          [
              C=YingLong::SolidColorConstantBufferData
          ]
              E:\Projects\Ying-Long-Engine\Ying-Long Engine\CodeFile\Graphics\Bindable\SolidColorConstantBuffer.cpp(25,26):
              请参阅 "YingLong::SolidColorConstantBuffer::Bind" 中对 "YingLong::ConstantBuffer<C>::Update" 的第一个引用
          with
          [
              C=YingLong::SolidColorConstantBufferData
          ]
  
E:\Projects\Ying-Long-Engine\Ying-Long Engine\CodeFile\Graphics\Bindable\ConstantBuffers.h(59,4): warning C4996: 'YingLong::Bindable::GetDevicContext': Use BindableDX12 instead
  (编译源文件“CodeFile/Graphics/Bindable/SolidColorConstantBuffer.cpp”)
  
E:\Projects\Ying-Long-Engine\Ying-Long Engine\CodeFile\Graphics\Bindable\ConstantBuffers.h(70,4): warning C4996: 'YingLong::Bindable::GetDevicContext': Use BindableDX12 instead
  (编译源文件“CodeFile/Graphics/Bindable/SolidColorConstantBuffer.cpp”)
  
E:\Projects\Ying-Long-Engine\Ying-Long Engine\CodeFile\Graphics\Bindable\ConstantBuffers.h(196,14): warning C4996: 'YingLong::Bindable::GetDevicContext': Use BindableDX12 instead
  (编译源文件“CodeFile/Graphics/Bindable/SolidColorConstantBuffer.cpp”)
      E:\Projects\Ying-Long-Engine\Ying-Long Engine\CodeFile\Graphics\Bindable\ConstantBuffers.h(196,14):
      模板实例化上下文(最早的实例化上下文)为
          E:\Projects\Ying-Long-Engine\Ying-Long Engine\CodeFile\Graphics\Bindable\ConstantBuffers.h(194,8):
          在编译 类 模板 成员函数“void YingLong::PixelConstantBuffer<YingLong::SolidColorConstantBufferData>::Bind(YingLong::Graphics &) noexcept”时
              E:\Projects\Ying-Long-Engine\Ying-Long Engine\CodeFile\Graphics\Bindable\SolidColorConstantBuffer.cpp(26,24):
              请参阅 "YingLong::SolidColorConstantBuffer::Bind" 中对 "YingLong::PixelConstantBuffer<YingLong::SolidColorConstantBufferData>::Bind" 的第一个引用
  
  DX12Drawable.cpp
C:\Program Files\Microsoft Visual Studio\2022\Community\VC\Tools\MSVC\14.44.35207\include\memory(3309,9): warning C4996: 'YingLong::Bindable::~Bindable': Use BindableDX12 instead
  (编译源文件“CodeFile/EntryPoint/EntryPoint.cpp”)
      C:\Program Files\Microsoft Visual Studio\2022\Community\VC\Tools\MSVC\14.44.35207\include\memory(3309,9):
      模板实例化上下文(最早的实例化上下文)为
          E:\Projects\Ying-Long-Engine\Ying-Long Engine\CodeFile\Graphics\Drawable\DrawableBase.h(34,8):
          在编译类模板“YingLong::DrawableBase”时
          E:\Projects\Ying-Long-Engine\Ying-Long Engine\CodeFile\Graphics\Drawable\DrawableBase.h(63,4):
          查看对正在编译的 类 模板 实例化“std::unique_ptr<YingLong::Bindable,std::default_delete<YingLong::Bindable>>”的引用
          C:\Program Files\Microsoft Visual Studio\2022\Community\VC\Tools\MSVC\14.44.35207\include\memory(3352,92):
          查看对正在编译的 类 模板 实例化“std::default_delete<YingLong::Bindable>”的引用
          C:\Program Files\Microsoft Visual Studio\2022\Community\VC\Tools\MSVC\14.44.35207\include\memory(3307,23):
          在编译 类 模板 成员函数“void std::default_delete<YingLong::Bindable>::operator ()(_Ty *) noexcept const”时
          with
          [
              _Ty=YingLong::Bindable
          ]
              C:\Program Files\Microsoft Visual Studio\2022\Community\VC\Tools\MSVC\14.44.35207\include\memory(3427,33):
              请参阅 "std::unique_ptr<YingLong::Bindable,std::default_delete<YingLong::Bindable>>::~unique_ptr" 中对 "std::default_delete<YingLong::Bindable>::operator ()" 的第一个引用
              C:\Program Files\Microsoft Visual Studio\2022\Community\VC\Tools\MSVC\14.44.35207\include\memory(3483,1):
              请参阅 "std::unique_ptr<YingLong::Bindable,std::default_delete<YingLong::Bindable>>::~unique_ptr" 中对 "std::unique_ptr<YingLong::Bindable,std::default_delete<YingLong::Bindable>>::~unique_ptr" 的第一个引用
  
C:\Program Files\Microsoft Visual Studio\2022\Community\VC\Tools\MSVC\14.44.35207\include\memory(3309,9): warning C4996: 'YingLong::Graphics::~Graphics': Use DX12Renderer instead
  (编译源文件“CodeFile/Application/Window/Window.cpp”)
      C:\Program Files\Microsoft Visual Studio\2022\Community\VC\Tools\MSVC\14.44.35207\include\memory(3309,9):
      模板实例化上下文(最早的实例化上下文)为
          E:\Projects\Ying-Long-Engine\Ying-Long Engine\CodeFile\Application\Window\Window.h(244,29):
          查看对正在编译的 类 模板 实例化“std::unique_ptr<YingLong::Graphics,std::default_delete<YingLong::Graphics>>”的引用
          C:\Program Files\Microsoft Visual Studio\2022\Community\VC\Tools\MSVC\14.44.35207\include\memory(3352,92):
          查看对正在编译的 类 模板 实例化“std::default_delete<YingLong::Graphics>”的引用
          C:\Program Files\Microsoft Visual Studio\2022\Community\VC\Tools\MSVC\14.44.35207\include\memory(3307,23):
          在编译 类 模板 成员函数“void std::default_delete<YingLong::Graphics>::operator ()(_Ty *) noexcept const”时
          with
          [
              _Ty=YingLong::Graphics
          ]
              C:\Program Files\Microsoft Visual Studio\2022\Community\VC\Tools\MSVC\14.44.35207\include\memory(3427,33):
              请参阅 "std::unique_ptr<YingLong::Graphics,std::default_delete<YingLong::Graphics>>::~unique_ptr" 中对 "std::default_delete<YingLong::Graphics>::operator ()" 的第一个引用
              E:\Projects\Ying-Long-Engine\Ying-Long Engine\CodeFile\Application\Window\Window.cpp(95,2):
              请参阅 "YingLong::Window::Window" 中对 "std::unique_ptr<YingLong::Graphics,std::default_delete<YingLong::Graphics>>::~unique_ptr" 的第一个引用
  
E:\Projects\Ying-Long-Engine\Ying-Long Engine\CodeFile\Graphics\Bindable\ConstantBuffers.h(59,4): warning C4996: 'YingLong::Graphics': Use DX12Renderer instead
  (编译源文件“CodeFile/Graphics/Bindable/TransformConstantBuffer.cpp”)
      E:\Projects\Ying-Long-Engine\Ying-Long Engine\CodeFile\Graphics\Bindable\ConstantBuffers.h(59,4):
      模板实例化上下文(最早的实例化上下文)为
          E:\Projects\Ying-Long-Engine\Ying-Long Engine\CodeFile\Graphics\Bindable\TransformConstantBuffer.cpp(19,8):
          查看对正在编译的 类 模板 实例化“YingLong::VertexConstantBuffer<YingLong::TransformConstantBuffer::Transforms>”的引用
          E:\Projects\Ying-Long-Engine\Ying-Long Engine\CodeFile\Graphics\Bindable\ConstantBuffers.h(149,38):
          查看对正在编译的 类 模板 实例化“YingLong::ConstantBuffer<C>”的引用
          with
          [
              C=YingLong::TransformConstantBuffer::Transforms
          ]
          E:\Projects\Ying-Long-Engine\Ying-Long Engine\CodeFile\Graphics\Bindable\ConstantBuffers.h(49,8):
          在编译 类 模板 成员函数“void YingLong::ConstantBuffer<C>::Update(YingLong::Graphics &,const C &)”时
          with
          [
              C=YingLong::TransformConstantBuffer::Transforms
          ]
              E:\Projects\Ying-Long-Engine\Ying-Long Engine\CodeFile\Graphics\Bindable\TransformConstantBuffer.cpp(43,32):
              请参阅 "YingLong::TransformConstantBuffer::Bind" 中对 "YingLong::ConstantBuffer<C>::Update" 的第一个引用
          with
          [
              C=YingLong::TransformConstantBuffer::Transforms
          ]
  
E:\Projects\Ying-Long-Engine\Ying-Long Engine\CodeFile\Graphics\Bindable\ConstantBuffers.h(59,4): warning C4996: 'YingLong::Bindable::GetDevicContext': Use BindableDX12 instead
  (编译源文件“CodeFile/Graphics/Bindable/TransformConstantBuffer.cpp”)
  
E:\Projects\Ying-Long-Engine\Ying-Long Engine\CodeFile\Graphics\Bindable\ConstantBuffers.h(70,4): warning C4996: 'YingLong::Bindable::GetDevicContext': Use BindableDX12 instead
  (编译源文件“CodeFile/Graphics/Bindable/TransformConstantBuffer.cpp”)
  
E:\Projects\Ying-Long-Engine\Ying-Long Engine\CodeFile\Graphics\Bindable\ConstantBuffers.h(166,14): warning C4996: 'YingLong::Bindable::GetDevicContext': Use BindableDX12 instead
  (编译源文件“CodeFile/Graphics/Bindable/TransformConstantBuffer.cpp”)
      E:\Projects\Ying-Long-Engine\Ying-Long Engine\CodeFile\Graphics\Bindable\ConstantBuffers.h(166,14):
      模板实例化上下文(最早的实例化上下文)为
          E:\Projects\Ying-Long-Engine\Ying-Long Engine\CodeFile\Graphics\Bindable\ConstantBuffers.h(164,8):
          在编译 类 模板 成员函数“void YingLong::VertexConstantBuffer<YingLong::TransformConstantBuffer::Transforms>::Bind(YingLong::Graphics &) noexcept”时
              E:\Projects\Ying-Long-Engine\Ying-Long Engine\CodeFile\Graphics\Bindable\TransformConstantBuffer.cpp(44,30):
              请参阅 "YingLong::TransformConstantBuffer::Bind" 中对 "YingLong::VertexConstantBuffer<YingLong::TransformConstantBuffer::Transforms>::Bind" 的第一个引用
  
  DX12Fence.cpp
  DX12PipelineState.cpp
  DX12Primitives.cpp
  DX12Renderer.cpp
C:\Program Files\Microsoft Visual Studio\2022\Community\VC\Tools\MSVC\14.44.35207\include\memory(3309,9): warning C4996: 'YingLong::Bindable::~Bindable': Use BindableDX12 instead
  (编译源文件“CodeFile/ECS/Entity/Entity.cpp”)
      C:\Program Files\Microsoft Visual Studio\2022\Community\VC\Tools\MSVC\14.44.35207\include\memory(3309,9):
      模板实例化上下文(最早的实例化上下文)为
          E:\Projects\Ying-Long-Engine\Ying-Long Engine\CodeFile\Graphics\Drawable\DrawableBase.h(34,8):
          在编译类模板“YingLong::DrawableBase”时
          E:\Projects\Ying-Long-Engine\Ying-Long Engine\CodeFile\Graphics\Drawable\DrawableBase.h(63,4):
          查看对正在编译的 类 模板 实例化“std::unique_ptr<YingLong::Bindable,std::default_delete<YingLong::Bindable>>”的引用
          C:\Program Files\Microsoft Visual Studio\2022\Community\VC\Tools\MSVC\14.44.35207\include\memory(3352,92):
          查看对正在编译的 类 模板 实例化“std::default_delete<YingLong::Bindable>”的引用
          C:\Program Files\Microsoft Visual Studio\2022\Community\VC\Tools\MSVC\14.44.35207\include\memory(3307,23):
          在编译 类 模板 成员函数“void std::default_delete<YingLong::Bindable>::operator ()(_Ty *) noexcept const”时
          with
          [
              _Ty=YingLong::Bindable
          ]
              C:\Program Files\Microsoft Visual Studio\2022\Community\VC\Tools\MSVC\14.44.35207\include\memory(3427,33):
              请参阅 "std::unique_ptr<YingLong::Bindable,std::default_delete<YingLong::Bindable>>::~unique_ptr" 中对 "std::default_delete<YingLong::Bindable>::operator ()" 的第一个引用
              C:\Program Files\Microsoft Visual Studio\2022\Community\VC\Tools\MSVC\14.44.35207\include\memory(3483,1):
              请参阅 "std::unique_ptr<YingLong::Bindable,std::default_delete<YingLong::Bindable>>::~unique_ptr" 中对 "std::unique_ptr<YingLong::Bindable,std::default_delete<YingLong::Bindable>>::~unique_ptr" 的第一个引用
  
E:\Projects\Ying-Long-Engine\Ying-Long Engine\CodeFile\Graphics\Bindable\ConstantBuffers.h(130,4): warning C4996: 'YingLong::Graphics': Use DX12Renderer instead
  (编译源文件“CodeFile/Graphics/Bindable/TransformConstantBuffer.cpp”)
      E:\Projects\Ying-Long-Engine\Ying-Long Engine\CodeFile\Graphics\Bindable\ConstantBuffers.h(130,4):
      模板实例化上下文(最早的实例化上下文)为
          E:\Projects\Ying-Long-Engine\Ying-Long Engine\CodeFile\Graphics\Bindable\ConstantBuffers.h(116,3):
          在编译 类 模板 成员函数“YingLong::ConstantBuffer<C>::ConstantBuffer(YingLong::Graphics &,UINT)”时
          with
          [
              C=YingLong::TransformConstantBuffer::Transforms
          ]
              E:\Projects\Ying-Long-Engine\Ying-Long Engine\CodeFile\Graphics\Bindable\ConstantBuffers.h(155,3):
              请参阅 "YingLong::VertexConstantBuffer<YingLong::TransformConstantBuffer::Transforms>::VertexConstantBuffer" 中对 "YingLong::ConstantBuffer<C>::ConstantBuffer" 的第一个引用
          with
          [
              C=YingLong::TransformConstantBuffer::Transforms
          ]
  
E:\Projects\Ying-Long-Engine\Ying-Long Engine\CodeFile\Graphics\Bindable\ConstantBuffers.h(117,3): warning C4996: 'YingLong::Bindable::~Bindable': Use BindableDX12 instead
  (编译源文件“CodeFile/Graphics/Bindable/TransformConstantBuffer.cpp”)
  
E:\Projects\Ying-Long-Engine\Ying-Long Engine\CodeFile\Graphics\Bindable\ConstantBuffers.h(130,4): warning C4996: 'YingLong::Bindable::GetDevice': Use BindableDX12 instead
  (编译源文件“CodeFile/Graphics/Bindable/TransformConstantBuffer.cpp”)
  
C:\Program Files\Microsoft Visual Studio\2022\Community\VC\Tools\MSVC\14.44.35207\include\memory(3309,9): warning C4996: 'YingLong::Bindable::~Bindable': Use BindableDX12 instead
  (编译源文件“CodeFile/ECS/System/PhysicsSystem.cpp”)
      C:\Program Files\Microsoft Visual Studio\2022\Community\VC\Tools\MSVC\14.44.35207\include\memory(3309,9):
      模板实例化上下文(最早的实例化上下文)为
          E:\Projects\Ying-Long-Engine\Ying-Long Engine\CodeFile\Graphics\Drawable\DrawableBase.h(34,8):
          在编译类模板“YingLong::DrawableBase”时
          E:\Projects\Ying-Long-Engine\Ying-Long Engine\CodeFile\Graphics\Drawable\DrawableBase.h(63,4):
          查看对正在编译的 类 模板 实例化“std::unique_ptr<YingLong::Bindable,std::default_delete<YingLong::Bindable>>”的引用
          C:\Program Files\Microsoft Visual Studio\2022\Community\VC\Tools\MSVC\14.44.35207\include\memory(3352,92):
          查看对正在编译的 类 模板 实例化“std::default_delete<YingLong::Bindable>”的引用
          C:\Program Files\Microsoft Visual Studio\2022\Community\VC\Tools\MSVC\14.44.35207\include\memory(3307,23):
          在编译 类 模板 成员函数“void std::default_delete<YingLong::Bindable>::operator ()(_Ty *) noexcept const”时
          with
          [
              _Ty=YingLong::Bindable
          ]
              C:\Program Files\Microsoft Visual Studio\2022\Community\VC\Tools\MSVC\14.44.35207\include\memory(3427,33):
              请参阅 "std::unique_ptr<YingLong::Bindable,std::default_delete<YingLong::Bindable>>::~unique_ptr" 中对 "std::default_delete<YingLong::Bindable>::operator ()" 的第一个引用
              C:\Program Files\Microsoft Visual Studio\2022\Community\VC\Tools\MSVC\14.44.35207\include\memory(3483,1):
              请参阅 "std::unique_ptr<YingLong::Bindable,std::default_delete<YingLong::Bindable>>::~unique_ptr" 中对 "std::unique_ptr<YingLong::Bindable,std::default_delete<YingLong::Bindable>>::~unique_ptr" 的第一个引用
  
C:\Program Files\Microsoft Visual Studio\2022\Community\VC\Tools\MSVC\14.44.35207\include\memory(3309,9): warning C4996: 'YingLong::Bindable::~Bindable': Use BindableDX12 instead
  (编译源文件“CodeFile/ECS/System/MeshRendererSystem.cpp”)
      C:\Program Files\Microsoft Visual Studio\2022\Community\VC\Tools\MSVC\14.44.35207\include\memory(3309,9):
      模板实例化上下文(最早的实例化上下文)为
          E:\Projects\Ying-Long-Engine\Ying-Long Engine\CodeFile\Graphics\Drawable\DrawableBase.h(34,8):
          在编译类模板“YingLong::DrawableBase”时
          E:\Projects\Ying-Long-Engine\Ying-Long Engine\CodeFile\Graphics\Drawable\DrawableBase.h(63,4):
          查看对正在编译的 类 模板 实例化“std::unique_ptr<YingLong::Bindable,std::default_delete<YingLong::Bindable>>”的引用
          C:\Program Files\Microsoft Visual Studio\2022\Community\VC\Tools\MSVC\14.44.35207\include\memory(3352,92):
          查看对正在编译的 类 模板 实例化“std::default_delete<YingLong::Bindable>”的引用
          C:\Program Files\Microsoft Visual Studio\2022\Community\VC\Tools\MSVC\14.44.35207\include\memory(3307,23):
          在编译 类 模板 成员函数“void std::default_delete<YingLong::Bindable>::operator ()(_Ty *) noexcept const”时
          with
          [
              _Ty=YingLong::Bindable
          ]
              C:\Program Files\Microsoft Visual Studio\2022\Community\VC\Tools\MSVC\14.44.35207\include\memory(3427,33):
              请参阅 "std::unique_ptr<YingLong::Bindable,std::default_delete<YingLong::Bindable>>::~unique_ptr" 中对 "std::default_delete<YingLong::Bindable>::operator ()" 的第一个引用
              C:\Program Files\Microsoft Visual Studio\2022\Community\VC\Tools\MSVC\14.44.35207\include\memory(3483,1):
              请参阅 "std::unique_ptr<YingLong::Bindable,std::default_delete<YingLong::Bindable>>::~unique_ptr" 中对 "std::unique_ptr<YingLong::Bindable,std::default_delete<YingLong::Bindable>>::~unique_ptr" 的第一个引用
  
E:\Projects\Ying-Long-Engine\Ying-Long Engine\CodeFile\Graphics\Bindable\ConstantBuffers.h(130,4): warning C4996: 'YingLong::Graphics': Use DX12Renderer instead
  (编译源文件“CodeFile/Graphics/Bindable/SolidColorConstantBuffer.cpp”)
      E:\Projects\Ying-Long-Engine\Ying-Long Engine\CodeFile\Graphics\Bindable\ConstantBuffers.h(130,4):
      模板实例化上下文(最早的实例化上下文)为
          E:\Projects\Ying-Long-Engine\Ying-Long Engine\CodeFile\Graphics\Bindable\ConstantBuffers.h(116,3):
          在编译 类 模板 成员函数“YingLong::ConstantBuffer<C>::ConstantBuffer(YingLong::Graphics &,UINT)”时
          with
          [
              C=YingLong::SolidColorConstantBufferData
          ]
              E:\Projects\Ying-Long-Engine\Ying-Long Engine\CodeFile\Graphics\Bindable\ConstantBuffers.h(185,3):
              请参阅 "YingLong::PixelConstantBuffer<YingLong::SolidColorConstantBufferData>::PixelConstantBuffer" 中对 "YingLong::ConstantBuffer<C>::ConstantBuffer" 的第一个引用
          with
          [
              C=YingLong::SolidColorConstantBufferData
          ]
  
E:\Projects\Ying-Long-Engine\Ying-Long Engine\CodeFile\Graphics\Bindable\ConstantBuffers.h(117,3): warning C4996: 'YingLong::Bindable::~Bindable': Use BindableDX12 instead
  (编译源文件“CodeFile/Graphics/Bindable/SolidColorConstantBuffer.cpp”)
  
E:\Projects\Ying-Long-Engine\Ying-Long Engine\CodeFile\Graphics\Bindable\ConstantBuffers.h(130,4): warning C4996: 'YingLong::Bindable::GetDevice': Use BindableDX12 instead
  (编译源文件“CodeFile/Graphics/Bindable/SolidColorConstantBuffer.cpp”)
  
C:\Program Files\Microsoft Visual Studio\2022\Community\VC\Tools\MSVC\14.44.35207\include\memory(3309,9): warning C4996: 'YingLong::Bindable::~Bindable': Use BindableDX12 instead
  (编译源文件“CodeFile/ECS/Scene/Scene.cpp”)
      C:\Program Files\Microsoft Visual Studio\2022\Community\VC\Tools\MSVC\14.44.35207\include\memory(3309,9):
      模板实例化上下文(最早的实例化上下文)为
          E:\Projects\Ying-Long-Engine\Ying-Long Engine\CodeFile\Graphics\Drawable\DrawableBase.h(34,8):
          在编译类模板“YingLong::DrawableBase”时
          E:\Projects\Ying-Long-Engine\Ying-Long Engine\CodeFile\Graphics\Drawable\DrawableBase.h(63,4):
          查看对正在编译的 类 模板 实例化“std::unique_ptr<YingLong::Bindable,std::default_delete<YingLong::Bindable>>”的引用
          C:\Program Files\Microsoft Visual Studio\2022\Community\VC\Tools\MSVC\14.44.35207\include\memory(3352,92):
          查看对正在编译的 类 模板 实例化“std::default_delete<YingLong::Bindable>”的引用
          C:\Program Files\Microsoft Visual Studio\2022\Community\VC\Tools\MSVC\14.44.35207\include\memory(3307,23):
          在编译 类 模板 成员函数“void std::default_delete<YingLong::Bindable>::operator ()(_Ty *) noexcept const”时
          with
          [
              _Ty=YingLong::Bindable
          ]
              C:\Program Files\Microsoft Visual Studio\2022\Community\VC\Tools\MSVC\14.44.35207\include\memory(3427,33):
              请参阅 "std::unique_ptr<YingLong::Bindable,std::default_delete<YingLong::Bindable>>::~unique_ptr" 中对 "std::default_delete<YingLong::Bindable>::operator ()" 的第一个引用
              C:\Program Files\Microsoft Visual Studio\2022\Community\VC\Tools\MSVC\14.44.35207\include\memory(3483,1):
              请参阅 "std::unique_ptr<YingLong::Bindable,std::default_delete<YingLong::Bindable>>::~unique_ptr" 中对 "std::unique_ptr<YingLong::Bindable,std::default_delete<YingLong::Bindable>>::~unique_ptr" 的第一个引用
  
  DX12RootSignature.cpp
  DX12UploadBuffer.cpp
  DepthStencilDX12.cpp
  ImGuiDX12.cpp
C:\Program Files\Microsoft Visual Studio\2022\Community\VC\Tools\MSVC\14.44.35207\include\xutility(4813,18): warning C4244: “=”: 从“const wchar_t”转换到“char”，可能丢失数据
  (编译源文件“CodeFile/Graphics/DX12/DX12Core.cpp”)
      C:\Program Files\Microsoft Visual Studio\2022\Community\VC\Tools\MSVC\14.44.35207\include\xutility(4813,18):
      模板实例化上下文(最早的实例化上下文)为
          E:\Projects\Ying-Long-Engine\Ying-Long Engine\CodeFile\Graphics\DX12\DX12ShaderCompiler.h(79,39):
          查看对正在编译的函数 模板 实例化“std::basic_string<char,std::char_traits<char>,std::allocator<char>>::basic_string<std::_String_const_iterator<std::_String_val<std::_Simple_types<_Elem>>>,0>(_Iter,_Iter,const _Alloc &)”的引用
          with
          [
              _Elem=wchar_t,
              _Iter=std::_String_const_iterator<std::_String_val<std::_Simple_types<wchar_t>>>,
              _Alloc=std::allocator<char>
          ]
              E:\Projects\Ying-Long-Engine\Ying-Long Engine\CodeFile\Graphics\DX12\DX12ShaderCompiler.h(79,39):
              请参阅 "YingLong::DX12ShaderCompiler::CompileShader" 中对 "std::basic_string<char,std::char_traits<char>,std::allocator<char>>::basic_string" 的第一个引用
          C:\Program Files\Microsoft Visual Studio\2022\Community\VC\Tools\MSVC\14.44.35207\include\xstring(812,17):
          查看对正在编译的函数 模板 实例化“void std::basic_string<char,std::char_traits<char>,std::allocator<char>>::_Construct_from_iter<const wchar_t*,const wchar_t*,_Size_type>(_Iter,const _Sent,_Size)”的引用
          with
          [
              _Size_type=unsigned __int64,
              _Iter=const wchar_t *,
              _Sent=const wchar_t *,
              _Size=unsigned __int64
          ]
          C:\Program Files\Microsoft Visual Studio\2022\Community\VC\Tools\MSVC\14.44.35207\include\xstring(968,18):
          查看对正在编译的函数 模板 实例化“_OutIt *std::_Copy_n_unchecked4<const wchar_t*,_Size,char*>(_InIt,_SizeTy,_OutIt)”的引用
          with
          [
              _OutIt=char *,
              _Size=unsigned __int64,
              _InIt=const wchar_t *,
              _SizeTy=unsigned __int64
          ]
  
  RenderTargetDX12.cpp
C:\Program Files\Microsoft Visual Studio\2022\Community\VC\Tools\MSVC\14.44.35207\include\xutility(4813,18): warning C4244: “=”: 从“wchar_t”转换到“char”，可能丢失数据
  (编译源文件“CodeFile/Graphics/DX12/DX12Core.cpp”)
      C:\Program Files\Microsoft Visual Studio\2022\Community\VC\Tools\MSVC\14.44.35207\include\xutility(4813,18):
      模板实例化上下文(最早的实例化上下文)为
          E:\Projects\Ying-Long-Engine\Ying-Long Engine\CodeFile\Graphics\DX12\DX12Core.cpp(957,33):
          查看对正在编译的函数 模板 实例化“std::basic_string<char,std::char_traits<char>,std::allocator<char>>::basic_string<std::_String_iterator<std::_String_val<std::_Simple_types<_Elem>>>,0>(_Iter,_Iter,const _Alloc &)”的引用
          with
          [
              _Elem=wchar_t,
              _Iter=std::_String_iterator<std::_String_val<std::_Simple_types<wchar_t>>>,
              _Alloc=std::allocator<char>
          ]
              E:\Projects\Ying-Long-Engine\Ying-Long Engine\CodeFile\Graphics\DX12\DX12Core.cpp(957,33):
              请参阅 "YingLong::DX12Core::CreatePipelineState" 中对 "std::basic_string<char,std::char_traits<char>,std::allocator<char>>::basic_string" 的第一个引用
          C:\Program Files\Microsoft Visual Studio\2022\Community\VC\Tools\MSVC\14.44.35207\include\xstring(812,17):
          查看对正在编译的函数 模板 实例化“void std::basic_string<char,std::char_traits<char>,std::allocator<char>>::_Construct_from_iter<wchar_t*,wchar_t*,_Size_type>(_Iter,const _Sent,_Size)”的引用
          with
          [
              _Size_type=unsigned __int64,
              _Iter=wchar_t *,
              _Sent=wchar_t *,
              _Size=unsigned __int64
          ]
          C:\Program Files\Microsoft Visual Studio\2022\Community\VC\Tools\MSVC\14.44.35207\include\xstring(968,18):
          查看对正在编译的函数 模板 实例化“_OutIt *std::_Copy_n_unchecked4<wchar_t*,_Size,char*>(_InIt,_SizeTy,_OutIt)”的引用
          with
          [
              _OutIt=char *,
              _Size=unsigned __int64,
              _InIt=wchar_t *,
              _SizeTy=unsigned __int64
          ]
  
  DepthStencil.cpp
  WARNING: DepthStencil.h is deprecated. Use DepthStencilDX12 instead.
  WARNING: RenderTarget.h is deprecated. Use RenderTargetDX12 instead.
  Box.cpp
E:\Projects\Ying-Long-Engine\Ying-Long Engine\CodeFile\Graphics\Drawable\Box.cpp(1,1): warning C4819: 该文件包含不能在当前代码页(936)中表示的字符。请将该文件保存为 Unicode 格式以防止数据丢失
C:\Program Files\Microsoft Visual Studio\2022\Community\VC\Tools\MSVC\14.44.35207\include\memory(3309,9): warning C4996: 'YingLong::Bindable::~Bindable': Use BindableDX12 instead
  (编译源文件“CodeFile/Application/Application.cpp”)
      C:\Program Files\Microsoft Visual Studio\2022\Community\VC\Tools\MSVC\14.44.35207\include\memory(3309,9):
      模板实例化上下文(最早的实例化上下文)为
          E:\Projects\Ying-Long-Engine\Ying-Long Engine\CodeFile\Graphics\Drawable\DrawableBase.h(34,8):
          在编译类模板“YingLong::DrawableBase”时
          E:\Projects\Ying-Long-Engine\Ying-Long Engine\CodeFile\Graphics\Drawable\DrawableBase.h(63,4):
          查看对正在编译的 类 模板 实例化“std::unique_ptr<YingLong::Bindable,std::default_delete<YingLong::Bindable>>”的引用
          C:\Program Files\Microsoft Visual Studio\2022\Community\VC\Tools\MSVC\14.44.35207\include\memory(3352,92):
          查看对正在编译的 类 模板 实例化“std::default_delete<YingLong::Bindable>”的引用
          C:\Program Files\Microsoft Visual Studio\2022\Community\VC\Tools\MSVC\14.44.35207\include\memory(3307,23):
          在编译 类 模板 成员函数“void std::default_delete<YingLong::Bindable>::operator ()(_Ty *) noexcept const”时
          with
          [
              _Ty=YingLong::Bindable
          ]
              C:\Program Files\Microsoft Visual Studio\2022\Community\VC\Tools\MSVC\14.44.35207\include\memory(3427,33):
              请参阅 "std::unique_ptr<YingLong::Bindable,std::default_delete<YingLong::Bindable>>::~unique_ptr" 中对 "std::default_delete<YingLong::Bindable>::operator ()" 的第一个引用
              C:\Program Files\Microsoft Visual Studio\2022\Community\VC\Tools\MSVC\14.44.35207\include\memory(3483,1):
              请参阅 "std::unique_ptr<YingLong::Bindable,std::default_delete<YingLong::Bindable>>::~unique_ptr" 中对 "std::unique_ptr<YingLong::Bindable,std::default_delete<YingLong::Bindable>>::~unique_ptr" 的第一个引用
  
  Capsule.cpp
E:\Projects\Ying-Long-Engine\Ying-Long Engine\CodeFile\Graphics\Drawable\Capsule.cpp(1,1): warning C4819: 该文件包含不能在当前代码页(936)中表示的字符。请将该文件保存为 Unicode 格式以防止数据丢失
  WARNING: Bindable.h is deprecated. Use BindableDX12 instead.
E:\Projects\Ying-Long-Engine\Ying-Long Engine\CodeFile\Graphics\Bindable\IndexBuffer.h(23,29): warning C4996: 'YingLong::Bindable': Use BindableDX12 instead
  (编译源文件“CodeFile/Graphics/DX12/DX12DemoScene.cpp”)
  
  WARNING: Drawable.h is deprecated. Use DX12Drawable instead.
E:\Projects\Ying-Long-Engine\Ying-Long Engine\CodeFile\Graphics\Drawable\Drawable.h(116,32): warning C4996: 'YingLong::Bindable': Use BindableDX12 instead
  (编译源文件“CodeFile/Graphics/DX12/DX12DemoScene.cpp”)
  
E:\Projects\Ying-Long-Engine\Ying-Long Engine\CodeFile\Graphics\Drawable\Drawable.h(144,45): warning C4996: 'YingLong::Bindable': Use BindableDX12 instead
  (编译源文件“CodeFile/Graphics/DX12/DX12DemoScene.cpp”)
  
E:\Projects\Ying-Long-Engine\Ying-Long Engine\CodeFile\Graphics\Drawable\Drawable.h(148,31): warning C4996: 'YingLong::Bindable': Use BindableDX12 instead
  (编译源文件“CodeFile/Graphics/DX12/DX12DemoScene.cpp”)
  
E:\Projects\Ying-Long-Engine\Ying-Long Engine\CodeFile\Graphics\Drawable\DrawableBase.h(59,38): warning C4996: 'YingLong::Bindable': Use BindableDX12 instead
  (编译源文件“CodeFile/Graphics/DX12/DX12DemoScene.cpp”)
      E:\Projects\Ying-Long-Engine\Ying-Long Engine\CodeFile\Graphics\Drawable\DrawableBase.h(59,38):
      模板实例化上下文(最早的实例化上下文)为
          E:\Projects\Ying-Long-Engine\Ying-Long Engine\CodeFile\Graphics\Drawable\DrawableBase.h(34,8):
          在编译类模板“YingLong::DrawableBase”时
  
E:\Projects\Ying-Long-Engine\Ying-Long Engine\CodeFile\Graphics\Drawable\DrawableBase.h(123,37): warning C4996: 'YingLong::Bindable': Use BindableDX12 instead
  (编译源文件“CodeFile/Graphics/DX12/DX12DemoScene.cpp”)
  
E:\Projects\Ying-Long-Engine\Ying-Long Engine\CodeFile\Graphics\Drawable\DrawableBase.h(128,38): warning C4996: 'YingLong::Bindable': Use BindableDX12 instead
  (编译源文件“CodeFile/Graphics/DX12/DX12DemoScene.cpp”)
  
E:\Projects\Ying-Long-Engine\Ying-Long Engine\CodeFile\Graphics\Drawable\DrawableBase.h(133,30): warning C4996: 'YingLong::Bindable': Use BindableDX12 instead
  (编译源文件“CodeFile/Graphics/DX12/DX12DemoScene.cpp”)
  
  WARNING: Graphics.h is deprecated. Use DX12Renderer instead.
  WARNING: DepthStencil.h is deprecated. Use DepthStencilDX12 instead.
  WARNING: RenderTarget.h is deprecated. Use RenderTargetDX12 instead.
E:\Projects\Ying-Long-Engine\Ying-Long Engine\CodeFile\Graphics\Graphics.h(238,19): warning C4996: 'YingLong::RenderTarget': Use RenderTargetDX12 instead
  (编译源文件“CodeFile/Graphics/DX12/DX12DemoScene.cpp”)
  
E:\Projects\Ying-Long-Engine\Ying-Long Engine\CodeFile\Graphics\Graphics.h(239,19): warning C4996: 'YingLong::RenderTarget': Use RenderTargetDX12 instead
  (编译源文件“CodeFile/Graphics/DX12/DX12DemoScene.cpp”)
  
E:\Projects\Ying-Long-Engine\Ying-Long Engine\CodeFile\Graphics\Graphics.h(240,19): warning C4996: 'YingLong::DepthStencil': Use DepthStencilDX12 instead
  (编译源文件“CodeFile/Graphics/DX12/DX12DemoScene.cpp”)
  
E:\Projects\Ying-Long-Engine\Ying-Long Engine\CodeFile\Graphics\Bindable\ConstantBuffers.h(49,15): warning C4996: 'YingLong::Graphics': Use DX12Renderer instead
  (编译源文件“CodeFile/Graphics/DX12/DX12DemoScene.cpp”)
      E:\Projects\Ying-Long-Engine\Ying-Long Engine\CodeFile\Graphics\Bindable\ConstantBuffers.h(49,15):
      模板实例化上下文(最早的实例化上下文)为
          E:\Projects\Ying-Long-Engine\Ying-Long Engine\CodeFile\Graphics\Bindable\ConstantBuffers.h(26,9):
          在编译类模板“YingLong::ConstantBuffer”时
  
E:\Projects\Ying-Long-Engine\Ying-Long Engine\CodeFile\Graphics\Bindable\ConstantBuffers.h(82,18): warning C4996: 'YingLong::Graphics': Use DX12Renderer instead
  (编译源文件“CodeFile/Graphics/DX12/DX12DemoScene.cpp”)
  
E:\Projects\Ying-Long-Engine\Ying-Long Engine\CodeFile\Graphics\Bindable\ConstantBuffers.h(116,18): warning C4996: 'YingLong::Graphics': Use DX12Renderer instead
  (编译源文件“CodeFile/Graphics/DX12/DX12DemoScene.cpp”)
  
E:\Projects\Ying-Long-Engine\Ying-Long Engine\CodeFile\Graphics\Bindable\ConstantBuffers.h(164,13): warning C4996: 'YingLong::Graphics': Use DX12Renderer instead
  (编译源文件“CodeFile/Graphics/DX12/DX12DemoScene.cpp”)
      E:\Projects\Ying-Long-Engine\Ying-Long Engine\CodeFile\Graphics\Bindable\ConstantBuffers.h(164,13):
      模板实例化上下文(最早的实例化上下文)为
          E:\Projects\Ying-Long-Engine\Ying-Long Engine\CodeFile\Graphics\Bindable\ConstantBuffers.h(149,8):
          在编译类模板“YingLong::VertexConstantBuffer”时
  
E:\Projects\Ying-Long-Engine\Ying-Long Engine\CodeFile\Graphics\Bindable\ConstantBuffers.h(194,13): warning C4996: 'YingLong::Graphics': Use DX12Renderer instead
  (编译源文件“CodeFile/Graphics/DX12/DX12DemoScene.cpp”)
      E:\Projects\Ying-Long-Engine\Ying-Long Engine\CodeFile\Graphics\Bindable\ConstantBuffers.h(194,13):
      模板实例化上下文(最早的实例化上下文)为
          E:\Projects\Ying-Long-Engine\Ying-Long Engine\CodeFile\Graphics\Bindable\ConstantBuffers.h(180,8):
          在编译类模板“YingLong::PixelConstantBuffer”时
  
E:\Projects\Ying-Long-Engine\Ying-Long Engine\CodeFile\Graphics\Bindable\TransformConstantBuffer.h(30,41): warning C4996: 'YingLong::Bindable': Use BindableDX12 instead
  (编译源文件“CodeFile/Graphics/DX12/DX12DemoScene.cpp”)
  
E:\Projects\Ying-Long-Engine\Ying-Long Engine\CodeFile\Graphics\Bindable\TransformConstantBuffer.h(42,27): warning C4996: 'YingLong::Graphics': Use DX12Renderer instead
  (编译源文件“CodeFile/Graphics/DX12/DX12DemoScene.cpp”)
  
E:\Projects\Ying-Long-Engine\Ying-Long Engine\CodeFile\Graphics\Bindable\TransformConstantBuffer.h(42,53): warning C4996: 'YingLong::Drawable': Use DX12Drawable instead
  (编译源文件“CodeFile/Graphics/DX12/DX12DemoScene.cpp”)
  
E:\Projects\Ying-Long-Engine\Ying-Long Engine\CodeFile\Graphics\Bindable\TransformConstantBuffer.h(54,13): warning C4996: 'YingLong::Graphics': Use DX12Renderer instead
  (编译源文件“CodeFile/Graphics/DX12/DX12DemoScene.cpp”)
  
E:\Projects\Ying-Long-Engine\Ying-Long Engine\CodeFile\Graphics\Bindable\TransformConstantBuffer.h(70,9): warning C4996: 'YingLong::Drawable': Use DX12Drawable instead
  (编译源文件“CodeFile/Graphics/DX12/DX12DemoScene.cpp”)
  
E:\Projects\Ying-Long-Engine\Ying-Long Engine\CodeFile\Graphics\Bindable\SolidColorConstantBuffer.h(40,42): warning C4996: 'YingLong::Bindable': Use BindableDX12 instead
  (编译源文件“CodeFile/Graphics/DX12/DX12DemoScene.cpp”)
  
E:\Projects\Ying-Long-Engine\Ying-Long Engine\CodeFile\Graphics\Bindable\SolidColorConstantBuffer.h(51,28): warning C4996: 'YingLong::Graphics': Use DX12Renderer instead
  (编译源文件“CodeFile/Graphics/DX12/DX12DemoScene.cpp”)
  
E:\Projects\Ying-Long-Engine\Ying-Long Engine\CodeFile\Graphics\Bindable\SolidColorConstantBuffer.h(60,13): warning C4996: 'YingLong::Graphics': Use DX12Renderer instead
  (编译源文件“CodeFile/Graphics/DX12/DX12DemoScene.cpp”)
  
E:\Projects\Ying-Long-Engine\Ying-Long Engine\CodeFile\Graphics\Drawable\Capsule.h(45,19): warning C4996: 'YingLong::Graphics': Use DX12Renderer instead
  (编译源文件“CodeFile/Graphics/DX12/DX12DemoScene.cpp”)
  
E:\Projects\Ying-Long-Engine\Ying-Long Engine\CodeFile\Graphics\Bindable\InputLayout.h(24,29): warning C4996: 'YingLong::Bindable': Use BindableDX12 instead
  (编译源文件“CodeFile/Graphics/DX12/DX12DemoScene.cpp”)
  
E:\Projects\Ying-Long-Engine\Ying-Long Engine\CodeFile\Graphics\Bindable\InputLayout.h(36,15): warning C4996: 'YingLong::Graphics': Use DX12Renderer instead
  (编译源文件“CodeFile/Graphics/DX12/DX12DemoScene.cpp”)
  
E:\Projects\Ying-Long-Engine\Ying-Long Engine\CodeFile\Graphics\Bindable\InputLayout.h(46,13): warning C4996: 'YingLong::Graphics': Use DX12Renderer instead
  (编译源文件“CodeFile/Graphics/DX12/DX12DemoScene.cpp”)
  
E:\Projects\Ying-Long-Engine\Ying-Long Engine\CodeFile\Graphics\Bindable\VertexShader.h(31,30): warning C4996: 'YingLong::Bindable': Use BindableDX12 instead
  (编译源文件“CodeFile/Graphics/DX12/DX12DemoScene.cpp”)
  
E:\Projects\Ying-Long-Engine\Ying-Long Engine\CodeFile\Graphics\Bindable\VertexShader.h(47,16): warning C4996: 'YingLong::Graphics': Use DX12Renderer instead
  (编译源文件“CodeFile/Graphics/DX12/DX12DemoScene.cpp”)
  
E:\Projects\Ying-Long-Engine\Ying-Long Engine\CodeFile\Graphics\Bindable\VertexShader.h(63,19): warning C4996: 'YingLong::Graphics': Use DX12Renderer instead
  (编译源文件“CodeFile/Graphics/DX12/DX12DemoScene.cpp”)
  
E:\Projects\Ying-Long-Engine\Ying-Long Engine\CodeFile\Graphics\Bindable\VertexShader.h(72,13): warning C4996: 'YingLong::Graphics': Use DX12Renderer instead
  (编译源文件“CodeFile/Graphics/DX12/DX12DemoScene.cpp”)
  
E:\Projects\Ying-Long-Engine\Ying-Long Engine\CodeFile\Graphics\Bindable\PixelShader.h(28,29): warning C4996: 'YingLong::Bindable': Use BindableDX12 instead
  (编译源文件“CodeFile/Graphics/DX12/DX12DemoScene.cpp”)
  
E:\Projects\Ying-Long-Engine\Ying-Long Engine\CodeFile\Graphics\Bindable\PixelShader.h(44,15): warning C4996: 'YingLong::Graphics': Use DX12Renderer instead
  (编译源文件“CodeFile/Graphics/DX12/DX12DemoScene.cpp”)
  
E:\Projects\Ying-Long-Engine\Ying-Long Engine\CodeFile\Graphics\Bindable\PixelShader.h(59,19): warning C4996: 'YingLong::Graphics': Use DX12Renderer instead
  (编译源文件“CodeFile/Graphics/DX12/DX12DemoScene.cpp”)
  
E:\Projects\Ying-Long-Engine\Ying-Long Engine\CodeFile\Graphics\Bindable\PixelShader.h(68,13): warning C4996: 'YingLong::Graphics': Use DX12Renderer instead
  (编译源文件“CodeFile/Graphics/DX12/DX12DemoScene.cpp”)
  
E:\Projects\Ying-Long-Engine\Ying-Long Engine\CodeFile\Graphics\Bindable\Topology.h(24,26): warning C4996: 'YingLong::Bindable': Use BindableDX12 instead
  (编译源文件“CodeFile/Graphics/DX12/DX12DemoScene.cpp”)
  
E:\Projects\Ying-Long-Engine\Ying-Long Engine\CodeFile\Graphics\Bindable\Topology.h(35,12): warning C4996: 'YingLong::Graphics': Use DX12Renderer instead
  (编译源文件“CodeFile/Graphics/DX12/DX12DemoScene.cpp”)
  
E:\Projects\Ying-Long-Engine\Ying-Long Engine\CodeFile\Graphics\Bindable\Topology.h(44,13): warning C4996: 'YingLong::Graphics': Use DX12Renderer instead
  (编译源文件“CodeFile/Graphics/DX12/DX12DemoScene.cpp”)
  
E:\Projects\Ying-Long-Engine\Ying-Long Engine\CodeFile\Graphics\Bindable\Texture.h(25,25): warning C4996: 'YingLong::Bindable': Use BindableDX12 instead
  (编译源文件“CodeFile/Graphics/DX12/DX12DemoScene.cpp”)
  
E:\Projects\Ying-Long-Engine\Ying-Long Engine\CodeFile\Graphics\Bindable\Texture.h(42,11): warning C4996: 'YingLong::Graphics': Use DX12Renderer instead
  (编译源文件“CodeFile/Graphics/DX12/DX12DemoScene.cpp”)
  
E:\Projects\Ying-Long-Engine\Ying-Long Engine\CodeFile\Graphics\Bindable\Texture.h(59,19): warning C4996: 'YingLong::Graphics': Use DX12Renderer instead
  (编译源文件“CodeFile/Graphics/DX12/DX12DemoScene.cpp”)
  
E:\Projects\Ying-Long-Engine\Ying-Long Engine\CodeFile\Graphics\Bindable\Texture.h(68,13): warning C4996: 'YingLong::Graphics': Use DX12Renderer instead
  (编译源文件“CodeFile/Graphics/DX12/DX12DemoScene.cpp”)
  
E:\Projects\Ying-Long-Engine\Ying-Long Engine\CodeFile\Graphics\Bindable\VertexBuffer.h(29,33): warning C4996: 'YingLong::Bindable': Use BindableDX12 instead
  (编译源文件“CodeFile/Graphics/DX12/DX12DemoScene.cpp”)
  
E:\Projects\Ying-Long-Engine\Ying-Long Engine\CodeFile\Graphics\Bindable\VertexBuffer.h(46,22): warning C4996: 'YingLong::Graphics': Use DX12Renderer instead
  (编译源文件“CodeFile/Graphics/DX12/DX12DemoScene.cpp”)
  
E:\Projects\Ying-Long-Engine\Ying-Long Engine\CodeFile\Graphics\Bindable\VertexBuffer.h(76,19): warning C4996: 'YingLong::Graphics': Use DX12Renderer instead
  (编译源文件“CodeFile/Graphics/DX12/DX12DemoScene.cpp”)
  
E:\Projects\Ying-Long-Engine\Ying-Long Engine\CodeFile\Graphics\Bindable\VertexBuffer.h(79,13): warning C4996: 'YingLong::Bindable::GetDevicContext': Use BindableDX12 instead
  (编译源文件“CodeFile/Graphics/DX12/DX12DemoScene.cpp”)
  
E:\Projects\Ying-Long-Engine\Ying-Long Engine\CodeFile\Graphics\Drawable\SolidSphere.h(49,23): warning C4996: 'YingLong::Graphics': Use DX12Renderer instead
  (编译源文件“CodeFile/Graphics/DX12/DX12DemoScene.cpp”)
  
E:\Projects\Ying-Long-Engine\Ying-Long Engine\CodeFile\Graphics\Light\PointLight.h(90,14): warning C4996: 'YingLong::Graphics': Use DX12Renderer instead
  (编译源文件“CodeFile/Graphics/DX12/DX12DemoScene.cpp”)
  
E:\Projects\Ying-Long-Engine\Ying-Long Engine\CodeFile\Graphics\Light\PointLight.h(102,13): warning C4996: 'YingLong::Graphics': Use DX12Renderer instead
  (编译源文件“CodeFile/Graphics/DX12/DX12DemoScene.cpp”)
  
E:\Projects\Ying-Long-Engine\Ying-Long Engine\CodeFile\Graphics\Drawable\Box.h(51,15): warning C4996: 'YingLong::Graphics': Use DX12Renderer instead
  (编译源文件“CodeFile/Graphics/DX12/DX12DemoScene.cpp”)
  
E:\Projects\Ying-Long-Engine\Ying-Long Engine\CodeFile\Application\Window\Window.h(176,3): warning C4996: 'YingLong::Graphics': Use DX12Renderer instead
  (编译源文件“CodeFile/Graphics/DX12/DX12DemoScene.cpp”)
  
E:\Projects\Ying-Long-Engine\Ying-Long Engine\CodeFile\Application\Window\Window.h(244,19): warning C4996: 'YingLong::Graphics': Use DX12Renderer instead
  (编译源文件“CodeFile/Graphics/DX12/DX12DemoScene.cpp”)
  
E:\Projects\Ying-Long-Engine\Ying-Long Engine\CodeFile\Graphics\Drawable\SolidCone.h(55,21): warning C4996: 'YingLong::Graphics': Use DX12Renderer instead
  (编译源文件“CodeFile/Graphics/DX12/DX12DemoScene.cpp”)
  
E:\Projects\Ying-Long-Engine\Ying-Long Engine\CodeFile\Graphics\Light\SpotLight.h(105,13): warning C4996: 'YingLong::Graphics': Use DX12Renderer instead
  (编译源文件“CodeFile/Graphics/DX12/DX12DemoScene.cpp”)
  
E:\Projects\Ying-Long-Engine\Ying-Long Engine\CodeFile\Graphics\Light\SpotLight.h(117,13): warning C4996: 'YingLong::Graphics': Use DX12Renderer instead
  (编译源文件“CodeFile/Graphics/DX12/DX12DemoScene.cpp”)
  
E:\Projects\Ying-Long-Engine\Ying-Long Engine\CodeFile\Graphics\Light\LightManager.h(40,26): warning C4996: 'YingLong::Graphics': Use DX12Renderer instead
  (编译源文件“CodeFile/Graphics/DX12/DX12DemoScene.cpp”)
  
E:\Projects\Ying-Long-Engine\Ying-Long Engine\CodeFile\Graphics\Light\LightManager.h(70,22): warning C4996: 'YingLong::Graphics': Use DX12Renderer instead
  (编译源文件“CodeFile/Graphics/DX12/DX12DemoScene.cpp”)
  
  Drawable.cpp
  WARNING: Drawable.h is deprecated. Use DX12Drawable instead.
E:\Projects\Ying-Long-Engine\Ying-Long Engine\CodeFile\Graphics\Bindable\Sampler.h(23,25): warning C4996: 'YingLong::Bindable': Use BindableDX12 instead
  (编译源文件“CodeFile/Graphics/DX12/DX12DemoScene.cpp”)
  
E:\Projects\Ying-Long-Engine\Ying-Long Engine\CodeFile\Graphics\Bindable\Sampler.h(38,11): warning C4996: 'YingLong::Graphics': Use DX12Renderer instead
  (编译源文件“CodeFile/Graphics/DX12/DX12DemoScene.cpp”)
  
E:\Projects\Ying-Long-Engine\Ying-Long Engine\CodeFile\Graphics\Bindable\Sampler.h(53,26): warning C4996: 'YingLong::Graphics': Use DX12Renderer instead
  (编译源文件“CodeFile/Graphics/DX12/DX12DemoScene.cpp”)
  
E:\Projects\Ying-Long-Engine\Ying-Long Engine\CodeFile\Graphics\Bindable\Sampler.h(62,13): warning C4996: 'YingLong::Graphics': Use DX12Renderer instead
  (编译源文件“CodeFile/Graphics/DX12/DX12DemoScene.cpp”)
  
E:\Projects\Ying-Long-Engine\Ying-Long Engine\CodeFile\Graphics\Drawable\Mesh.h(92,19): warning C4996: 'YingLong::Graphics': Use DX12Renderer instead
  (编译源文件“CodeFile/Graphics/DX12/DX12DemoScene.cpp”)
  
E:\Projects\Ying-Long-Engine\Ying-Long Engine\CodeFile\Graphics\Drawable\Mesh.h(106,13): warning C4996: 'YingLong::Graphics': Use DX12Renderer instead
  (编译源文件“CodeFile/Graphics/DX12/DX12DemoScene.cpp”)
  
E:\Projects\Ying-Long-Engine\Ying-Long Engine\CodeFile\Graphics\Bindable\ConstantBuffers.h(32,3): warning C4996: 'YingLong::Bindable::~Bindable': Use BindableDX12 instead
  (编译源文件“CodeFile/Graphics/DX12/DX12DemoScene.cpp”)
      E:\Projects\Ying-Long-Engine\Ying-Long Engine\CodeFile\Graphics\Bindable\ConstantBuffers.h(202,1):
      参见对函数 "YingLong::ConstantBuffer<C>::ConstantBuffer(void)" 的引用
          with
          [
              C=YingLong::MaterialCBufferData
          ]
  
E:\Projects\Ying-Long-Engine\Ying-Long Engine\CodeFile\Graphics\Drawable\Mesh.h(141,8): warning C4996: 'YingLong::Graphics': Use DX12Renderer instead
  (编译源文件“CodeFile/Graphics/DX12/DX12DemoScene.cpp”)
  
E:\Projects\Ying-Long-Engine\Ying-Long Engine\CodeFile\Graphics\Drawable\Model.h(42,9): warning C4996: 'YingLong::Graphics': Use DX12Renderer instead
  (编译源文件“CodeFile/Graphics/DX12/DX12DemoScene.cpp”)
  
  Mesh.cpp
E:\Projects\Ying-Long-Engine\Ying-Long Engine\CodeFile\Graphics\Drawable\Model.h(62,13): warning C4996: 'YingLong::Graphics': Use DX12Renderer instead
  (编译源文件“CodeFile/Graphics/DX12/DX12DemoScene.cpp”)
  
E:\Projects\Ying-Long-Engine\Ying-Long Engine\CodeFile\Graphics\Drawable\Mesh.cpp(1,1): warning C4819: 该文件包含不能在当前代码页(936)中表示的字符。请将该文件保存为 Unicode 格式以防止数据丢失
  WARNING: Bindable.h is deprecated. Use BindableDX12 instead.
  Model.cpp
E:\Projects\Ying-Long-Engine\Ying-Long Engine\CodeFile\Graphics\DX12\IndexBufferDX12.h(106,29): warning C4267: “初始化”: 从“size_t”转换到“UINT”，可能丢失数据
  (编译源文件“CodeFile/Graphics/DX12/DX12Primitives.cpp”)
      E:\Projects\Ying-Long-Engine\Ying-Long Engine\CodeFile\Graphics\DX12\IndexBufferDX12.h(106,29):
      模板实例化上下文(最早的实例化上下文)为
          E:\Projects\Ying-Long-Engine\Ying-Long Engine\CodeFile\Graphics\DX12\DX12Primitives.cpp(260,13):
          查看对正在编译的 类 模板 实例化“YingLong::IndexBufferDX12<UINT>”的引用
          E:\Projects\Ying-Long-Engine\Ying-Long Engine\CodeFile\Graphics\DX12\IndexBufferDX12.h(103,14):
          在编译 类 模板 成员函数“void YingLong::IndexBufferDX12<UINT>::CreateIndexBuffer(const std::vector<UINT,std::allocator<UINT>> &)”时
              E:\Projects\Ying-Long-Engine\Ying-Long Engine\CodeFile\Graphics\DX12\IndexBufferDX12.h(60,30):
              请参阅 "YingLong::IndexBufferDX12<UINT>::IndexBufferDX12" 中对 "YingLong::IndexBufferDX12<UINT>::CreateIndexBuffer" 的第一个引用
              C:\Program Files\Microsoft Visual Studio\2022\Community\VC\Tools\MSVC\14.44.35207\include\memory(3630,5):
              请参阅 "std::make_unique" 中对 "YingLong::IndexBufferDX12<UINT>::IndexBufferDX12" 的第一个引用
  
E:\Projects\Ying-Long-Engine\Ying-Long Engine\CodeFile\Graphics\DX12\VertexBufferDX12.h(105,29): warning C4267: “初始化”: 从“size_t”转换到“UINT”，可能丢失数据
  (编译源文件“CodeFile/Graphics/DX12/DX12Primitives.cpp”)
      E:\Projects\Ying-Long-Engine\Ying-Long Engine\CodeFile\Graphics\DX12\VertexBufferDX12.h(105,29):
      模板实例化上下文(最早的实例化上下文)为
          E:\Projects\Ying-Long-Engine\Ying-Long Engine\CodeFile\Graphics\DX12\DX12Primitives.cpp(255,13):
          查看对正在编译的 类 模板 实例化“YingLong::VertexBufferDX12<YingLong::DX12Vertex>”的引用
          E:\Projects\Ying-Long-Engine\Ying-Long Engine\CodeFile\Graphics\DX12\VertexBufferDX12.h(102,14):
          在编译 类 模板 成员函数“void YingLong::VertexBufferDX12<YingLong::DX12Vertex>::CreateVertexBuffer(const std::vector<YingLong::DX12Vertex,std::allocator<YingLong::DX12Vertex>> &)”时
              E:\Projects\Ying-Long-Engine\Ying-Long Engine\CodeFile\Graphics\DX12\VertexBufferDX12.h(59,31):
              请参阅 "YingLong::VertexBufferDX12<YingLong::DX12Vertex>::VertexBufferDX12" 中对 "YingLong::VertexBufferDX12<YingLong::DX12Vertex>::CreateVertexBuffer" 的第一个引用
              C:\Program Files\Microsoft Visual Studio\2022\Community\VC\Tools\MSVC\14.44.35207\include\memory(3630,5):
              请参阅 "std::make_unique" 中对 "YingLong::VertexBufferDX12<YingLong::DX12Vertex>::VertexBufferDX12" 的第一个引用
  
  SolidBoxDrawable.cpp
E:\Projects\Ying-Long-Engine\Ying-Long Engine\CodeFile\Graphics\Drawable\SolidBoxDrawable.cpp(1,1): warning C4819: 该文件包含不能在当前代码页(936)中表示的字符。请将该文件保存为 Unicode 格式以防止数据丢失
  SolidCone.cpp
  WARNING: Bindable.h is deprecated. Use BindableDX12 instead.
  SolidSphere.cpp
  WARNING: Graphics.h is deprecated. Use DX12Renderer instead.
  WARNING: Bindable.h is deprecated. Use BindableDX12 instead.
  Graphics.cpp
E:\Projects\Ying-Long-Engine\Ying-Long Engine\CodeFile\Graphics\Graphics.cpp(1,1): warning C4819: 该文件包含不能在当前代码页(936)中表示的字符。请将该文件保存为 Unicode 格式以防止数据丢失
  WARNING: Graphics.h is deprecated. Use DX12Renderer instead.
  WARNING: Bindable.h is deprecated. Use BindableDX12 instead.
  LightManager.cpp
  WARNING: Bindable.h is deprecated. Use BindableDX12 instead.
E:\Projects\Ying-Long-Engine\Ying-Long Engine\CodeFile\Graphics\Bindable\IndexBuffer.h(23,29): warning C4996: 'YingLong::Bindable': Use BindableDX12 instead
  (编译源文件“CodeFile/Graphics/Drawable/Capsule.cpp”)
  
  WARNING: Drawable.h is deprecated. Use DX12Drawable instead.
E:\Projects\Ying-Long-Engine\Ying-Long Engine\CodeFile\Graphics\Bindable\IndexBuffer.h(23,29): warning C4996: 'YingLong::Bindable': Use BindableDX12 instead
  (编译源文件“CodeFile/Graphics/Drawable/Box.cpp”)
  
  WARNING: Drawable.h is deprecated. Use DX12Drawable instead.
  WARNING: Bindable.h is deprecated. Use BindableDX12 instead.
E:\Projects\Ying-Long-Engine\Ying-Long Engine\CodeFile\Graphics\Drawable\Drawable.h(116,32): warning C4996: 'YingLong::Bindable': Use BindableDX12 instead
  (编译源文件“CodeFile/Graphics/Drawable/Capsule.cpp”)
  
E:\Projects\Ying-Long-Engine\Ying-Long Engine\CodeFile\Graphics\Drawable\Drawable.h(144,45): warning C4996: 'YingLong::Bindable': Use BindableDX12 instead
  (编译源文件“CodeFile/Graphics/Drawable/Capsule.cpp”)
  
E:\Projects\Ying-Long-Engine\Ying-Long Engine\CodeFile\Graphics\Drawable\Drawable.h(148,31): warning C4996: 'YingLong::Bindable': Use BindableDX12 instead
  (编译源文件“CodeFile/Graphics/Drawable/Capsule.cpp”)
  
E:\Projects\Ying-Long-Engine\Ying-Long Engine\CodeFile\Graphics\Drawable\DrawableBase.h(59,38): warning C4996: 'YingLong::Bindable': Use BindableDX12 instead
  (编译源文件“CodeFile/Graphics/Drawable/Capsule.cpp”)
      E:\Projects\Ying-Long-Engine\Ying-Long Engine\CodeFile\Graphics\Drawable\DrawableBase.h(59,38):
      模板实例化上下文(最早的实例化上下文)为
          E:\Projects\Ying-Long-Engine\Ying-Long Engine\CodeFile\Graphics\Drawable\DrawableBase.h(34,8):
          在编译类模板“YingLong::DrawableBase”时
  
E:\Projects\Ying-Long-Engine\Ying-Long Engine\CodeFile\Graphics\Drawable\DrawableBase.h(123,37): warning C4996: 'YingLong::Bindable': Use BindableDX12 instead
  (编译源文件“CodeFile/Graphics/Drawable/Capsule.cpp”)
  
E:\Projects\Ying-Long-Engine\Ying-Long Engine\CodeFile\Graphics\Drawable\DrawableBase.h(128,38): warning C4996: 'YingLong::Bindable': Use BindableDX12 instead
  (编译源文件“CodeFile/Graphics/Drawable/Capsule.cpp”)
  
E:\Projects\Ying-Long-Engine\Ying-Long Engine\CodeFile\Graphics\Drawable\DrawableBase.h(133,30): warning C4996: 'YingLong::Bindable': Use BindableDX12 instead
  (编译源文件“CodeFile/Graphics/Drawable/Capsule.cpp”)
  
  WARNING: Graphics.h is deprecated. Use DX12Renderer instead.
E:\Projects\Ying-Long-Engine\Ying-Long Engine\CodeFile\Graphics\Drawable\Drawable.h(116,32): warning C4996: 'YingLong::Bindable': Use BindableDX12 instead
  (编译源文件“CodeFile/Graphics/Drawable/Box.cpp”)
  
E:\Projects\Ying-Long-Engine\Ying-Long Engine\CodeFile\Graphics\Drawable\Drawable.h(144,45): warning C4996: 'YingLong::Bindable': Use BindableDX12 instead
  (编译源文件“CodeFile/Graphics/Drawable/Box.cpp”)
  
E:\Projects\Ying-Long-Engine\Ying-Long Engine\CodeFile\Graphics\Drawable\Drawable.h(148,31): warning C4996: 'YingLong::Bindable': Use BindableDX12 instead
  (编译源文件“CodeFile/Graphics/Drawable/Box.cpp”)
  
E:\Projects\Ying-Long-Engine\Ying-Long Engine\CodeFile\Graphics\Drawable\DrawableBase.h(59,38): warning C4996: 'YingLong::Bindable': Use BindableDX12 instead
  (编译源文件“CodeFile/Graphics/Drawable/Box.cpp”)
      E:\Projects\Ying-Long-Engine\Ying-Long Engine\CodeFile\Graphics\Drawable\DrawableBase.h(59,38):
      模板实例化上下文(最早的实例化上下文)为
          E:\Projects\Ying-Long-Engine\Ying-Long Engine\CodeFile\Graphics\Drawable\DrawableBase.h(34,8):
          在编译类模板“YingLong::DrawableBase”时
  
E:\Projects\Ying-Long-Engine\Ying-Long Engine\CodeFile\Graphics\Drawable\DrawableBase.h(123,37): warning C4996: 'YingLong::Bindable': Use BindableDX12 instead
  (编译源文件“CodeFile/Graphics/Drawable/Box.cpp”)
  
E:\Projects\Ying-Long-Engine\Ying-Long Engine\CodeFile\Graphics\Drawable\DrawableBase.h(128,38): warning C4996: 'YingLong::Bindable': Use BindableDX12 instead
  (编译源文件“CodeFile/Graphics/Drawable/Box.cpp”)
  
E:\Projects\Ying-Long-Engine\Ying-Long Engine\CodeFile\Graphics\Drawable\DrawableBase.h(133,30): warning C4996: 'YingLong::Bindable': Use BindableDX12 instead
  (编译源文件“CodeFile/Graphics/Drawable/Box.cpp”)
  
E:\Projects\Ying-Long-Engine\Ying-Long Engine\CodeFile\Graphics\Bindable\InputLayout.h(24,29): warning C4996: 'YingLong::Bindable': Use BindableDX12 instead
  (编译源文件“CodeFile/Graphics/Drawable/Box.cpp”)
  
  PointLight.cpp
  WARNING: Graphics.h is deprecated. Use DX12Renderer instead.
E:\Projects\Ying-Long-Engine\Ying-Long Engine\CodeFile\Graphics\Bindable\IndexBuffer.h(23,29): warning C4996: 'YingLong::Bindable': Use BindableDX12 instead
  (编译源文件“CodeFile/Graphics/Drawable/Drawable.cpp”)
  
E:\Projects\Ying-Long-Engine\Ying-Long Engine\CodeFile\Graphics\Bindable\ConstantBuffers.h(130,4): warning C4996: 'YingLong::Graphics': Use DX12Renderer instead
  (编译源文件“CodeFile/Graphics/DX12/DX12DemoScene.cpp”)
      E:\Projects\Ying-Long-Engine\Ying-Long Engine\CodeFile\Graphics\Bindable\ConstantBuffers.h(130,4):
      模板实例化上下文(最早的实例化上下文)为
          E:\Projects\Ying-Long-Engine\Ying-Long Engine\CodeFile\Graphics\Drawable\Mesh.h(75,33):
          查看对正在编译的 类 模板 实例化“YingLong::PixelConstantBuffer<YingLong::MaterialCBufferData>”的引用
          E:\Projects\Ying-Long-Engine\Ying-Long Engine\CodeFile\Graphics\Bindable\ConstantBuffers.h(180,37):
          查看对正在编译的 类 模板 实例化“YingLong::ConstantBuffer<C>”的引用
          with
          [
              C=YingLong::MaterialCBufferData
          ]
          E:\Projects\Ying-Long-Engine\Ying-Long Engine\CodeFile\Graphics\Bindable\ConstantBuffers.h(116,3):
          在编译 类 模板 成员函数“YingLong::ConstantBuffer<C>::ConstantBuffer(YingLong::Graphics &,UINT)”时
          with
          [
              C=YingLong::MaterialCBufferData
          ]
              E:\Projects\Ying-Long-Engine\Ying-Long Engine\CodeFile\Graphics\Bindable\ConstantBuffers.h(185,3):
              请参阅 "YingLong::PixelConstantBuffer<YingLong::MaterialCBufferData>::PixelConstantBuffer" 中对 "YingLong::ConstantBuffer<C>::ConstantBuffer" 的第一个引用
          with
          [
              C=YingLong::MaterialCBufferData
          ]
  
E:\Projects\Ying-Long-Engine\Ying-Long Engine\CodeFile\Graphics\Bindable\ConstantBuffers.h(117,3): warning C4996: 'YingLong::Bindable::~Bindable': Use BindableDX12 instead
  (编译源文件“CodeFile/Graphics/DX12/DX12DemoScene.cpp”)
  
E:\Projects\Ying-Long-Engine\Ying-Long Engine\CodeFile\Graphics\Bindable\ConstantBuffers.h(130,4): warning C4996: 'YingLong::Bindable::GetDevice': Use BindableDX12 instead
  (编译源文件“CodeFile/Graphics/DX12/DX12DemoScene.cpp”)
  
E:\Projects\Ying-Long-Engine\Ying-Long Engine\CodeFile\Graphics\Bindable\ConstantBuffers.h(196,14): warning C4996: 'YingLong::Bindable::GetDevicContext': Use BindableDX12 instead
  (编译源文件“CodeFile/Graphics/DX12/DX12DemoScene.cpp”)
      E:\Projects\Ying-Long-Engine\Ying-Long Engine\CodeFile\Graphics\Bindable\ConstantBuffers.h(196,14):
      模板实例化上下文(最早的实例化上下文)为
          E:\Projects\Ying-Long-Engine\Ying-Long Engine\CodeFile\Graphics\Bindable\ConstantBuffers.h(194,8):
          在编译 类 模板 成员函数“void YingLong::PixelConstantBuffer<YingLong::MaterialCBufferData>::Bind(YingLong::Graphics &) noexcept”时
  
  SpotLight.cpp
E:\Projects\Ying-Long-Engine\Ying-Long Engine\CodeFile\Graphics\Bindable\IndexBuffer.h(23,29): warning C4996: 'YingLong::Bindable': Use BindableDX12 instead
  (编译源文件“CodeFile/Graphics/Drawable/SolidBoxDrawable.cpp”)
  
  WARNING: Drawable.h is deprecated. Use DX12Drawable instead.
E:\Projects\Ying-Long-Engine\Ying-Long Engine\CodeFile\Graphics\Bindable\IndexBuffer.h(23,29): warning C4996: 'YingLong::Bindable': Use BindableDX12 instead
  (编译源文件“CodeFile/Graphics/Drawable/SolidCone.cpp”)
  
  WARNING: Drawable.h is deprecated. Use DX12Drawable instead.
E:\Projects\Ying-Long-Engine\Ying-Long Engine\CodeFile\Graphics\Drawable\Drawable.h(116,32): warning C4996: 'YingLong::Bindable': Use BindableDX12 instead
  (编译源文件“CodeFile/Graphics/Drawable/Drawable.cpp”)
  
E:\Projects\Ying-Long-Engine\Ying-Long Engine\CodeFile\Graphics\Drawable\Drawable.h(144,45): warning C4996: 'YingLong::Bindable': Use BindableDX12 instead
  (编译源文件“CodeFile/Graphics/Drawable/Drawable.cpp”)
  
E:\Projects\Ying-Long-Engine\Ying-Long Engine\CodeFile\Graphics\Drawable\Drawable.h(148,31): warning C4996: 'YingLong::Bindable': Use BindableDX12 instead
  (编译源文件“CodeFile/Graphics/Drawable/Drawable.cpp”)
  
  WARNING: Graphics.h is deprecated. Use DX12Renderer instead.
E:\Projects\Ying-Long-Engine\Ying-Long Engine\CodeFile\Graphics\Drawable\Drawable.h(116,32): warning C4996: 'YingLong::Bindable': Use BindableDX12 instead
  (编译源文件“CodeFile/Graphics/Drawable/SolidBoxDrawable.cpp”)
  
E:\Projects\Ying-Long-Engine\Ying-Long Engine\CodeFile\Graphics\Drawable\Drawable.h(144,45): warning C4996: 'YingLong::Bindable': Use BindableDX12 instead
  (编译源文件“CodeFile/Graphics/Drawable/SolidBoxDrawable.cpp”)
  
E:\Projects\Ying-Long-Engine\Ying-Long Engine\CodeFile\Graphics\Drawable\Drawable.h(148,31): warning C4996: 'YingLong::Bindable': Use BindableDX12 instead
  (编译源文件“CodeFile/Graphics/Drawable/SolidBoxDrawable.cpp”)
  
E:\Projects\Ying-Long-Engine\Ying-Long Engine\CodeFile\Graphics\Drawable\DrawableBase.h(59,38): warning C4996: 'YingLong::Bindable': Use BindableDX12 instead
  (编译源文件“CodeFile/Graphics/Drawable/SolidBoxDrawable.cpp”)
      E:\Projects\Ying-Long-Engine\Ying-Long Engine\CodeFile\Graphics\Drawable\DrawableBase.h(59,38):
      模板实例化上下文(最早的实例化上下文)为
          E:\Projects\Ying-Long-Engine\Ying-Long Engine\CodeFile\Graphics\Drawable\DrawableBase.h(34,8):
          在编译类模板“YingLong::DrawableBase”时
  
E:\Projects\Ying-Long-Engine\Ying-Long Engine\CodeFile\Graphics\Drawable\DrawableBase.h(123,37): warning C4996: 'YingLong::Bindable': Use BindableDX12 instead
  (编译源文件“CodeFile/Graphics/Drawable/SolidBoxDrawable.cpp”)
  
E:\Projects\Ying-Long-Engine\Ying-Long Engine\CodeFile\Graphics\Drawable\DrawableBase.h(128,38): warning C4996: 'YingLong::Bindable': Use BindableDX12 instead
  (编译源文件“CodeFile/Graphics/Drawable/SolidBoxDrawable.cpp”)
  
E:\Projects\Ying-Long-Engine\Ying-Long Engine\CodeFile\Graphics\Drawable\DrawableBase.h(133,30): warning C4996: 'YingLong::Bindable': Use BindableDX12 instead
  (编译源文件“CodeFile/Graphics/Drawable/SolidBoxDrawable.cpp”)
  
E:\Projects\Ying-Long-Engine\Ying-Long Engine\CodeFile\Graphics\Bindable\InputLayout.h(24,29): warning C4996: 'YingLong::Bindable': Use BindableDX12 instead
  (编译源文件“CodeFile/Graphics/Drawable/SolidBoxDrawable.cpp”)
  
  WARNING: Graphics.h is deprecated. Use DX12Renderer instead.
  ModelImporter.cpp
E:\Projects\Ying-Long-Engine\Ying-Long Engine\CodeFile\Graphics\Graphics.h(238,19): warning C4996: 'YingLong::RenderTarget': Use RenderTargetDX12 instead
  (编译源文件“CodeFile/Graphics/DepthStencil/DepthStencil.cpp”)
  
E:\Projects\Ying-Long-Engine\Ying-Long Engine\CodeFile\Graphics\Graphics.h(239,19): warning C4996: 'YingLong::RenderTarget': Use RenderTargetDX12 instead
  (编译源文件“CodeFile/Graphics/DepthStencil/DepthStencil.cpp”)
  
E:\Projects\Ying-Long-Engine\Ying-Long Engine\CodeFile\Graphics\Graphics.h(240,19): warning C4996: 'YingLong::DepthStencil': Use DepthStencilDX12 instead
  (编译源文件“CodeFile/Graphics/DepthStencil/DepthStencil.cpp”)
  
E:\Projects\Ying-Long-Engine\Ying-Long Engine\CodeFile\Graphics\DepthStencil\DepthStencil.cpp(22,44): warning C4996: 'YingLong::Graphics': Use DX12Renderer instead
E:\Projects\Ying-Long-Engine\Ying-Long Engine\CodeFile\Graphics\DepthStencil\DepthStencil.cpp(41,16): warning C4996: 'YingLong::Graphics::pDevice': Use DX12Renderer instead
E:\Projects\Ying-Long-Engine\Ying-Long Engine\CodeFile\Graphics\DepthStencil\DepthStencil.cpp(56,16): warning C4996: 'YingLong::Graphics::pDevice': Use DX12Renderer instead
E:\Projects\Ying-Long-Engine\Ying-Long Engine\CodeFile\Graphics\DepthStencil\DepthStencil.cpp(89,16): warning C4996: 'YingLong::Graphics::pDevice': Use DX12Renderer instead
E:\Projects\Ying-Long-Engine\Ying-Long Engine\CodeFile\Graphics\Drawable\Drawable.h(116,32): warning C4996: 'YingLong::Bindable': Use BindableDX12 instead
  (编译源文件“CodeFile/Graphics/Drawable/SolidCone.cpp”)
  
E:\Projects\Ying-Long-Engine\Ying-Long Engine\CodeFile\Graphics\Drawable\Drawable.h(144,45): warning C4996: 'YingLong::Bindable': Use BindableDX12 instead
  (编译源文件“CodeFile/Graphics/Drawable/SolidCone.cpp”)
  
E:\Projects\Ying-Long-Engine\Ying-Long Engine\CodeFile\Graphics\DepthStencil\DepthStencil.cpp(97,38): warning C4996: 'YingLong::Graphics': Use DX12Renderer instead
E:\Projects\Ying-Long-Engine\Ying-Long Engine\CodeFile\Graphics\Drawable\Drawable.h(148,31): warning C4996: 'YingLong::Bindable': Use BindableDX12 instead
  (编译源文件“CodeFile/Graphics/Drawable/SolidCone.cpp”)
  
E:\Projects\Ying-Long-Engine\Ying-Long Engine\CodeFile\Graphics\DepthStencil\DepthStencil.cpp(101,11): warning C4996: 'YingLong::Graphics::pDeviceContext': Use DX12Renderer instead
E:\Projects\Ying-Long-Engine\Ying-Long Engine\CodeFile\Graphics\DepthStencil\DepthStencil.cpp(104,11): warning C4996: 'YingLong::Graphics::pDeviceContext': Use DX12Renderer instead
E:\Projects\Ying-Long-Engine\Ying-Long Engine\CodeFile\Graphics\DepthStencil\DepthStencil.cpp(105,51): warning C4244: “参数”: 从“float”转换到“UINT8”，可能丢失数据
E:\Projects\Ying-Long-Engine\Ying-Long Engine\CodeFile\Graphics\Drawable\DrawableBase.h(59,38): warning C4996: 'YingLong::Bindable': Use BindableDX12 instead
  (编译源文件“CodeFile/Graphics/Drawable/SolidCone.cpp”)
      E:\Projects\Ying-Long-Engine\Ying-Long Engine\CodeFile\Graphics\Drawable\DrawableBase.h(59,38):
      模板实例化上下文(最早的实例化上下文)为
          E:\Projects\Ying-Long-Engine\Ying-Long Engine\CodeFile\Graphics\Drawable\DrawableBase.h(34,8):
          在编译类模板“YingLong::DrawableBase”时
  
E:\Projects\Ying-Long-Engine\Ying-Long Engine\CodeFile\Graphics\Drawable\DrawableBase.h(123,37): warning C4996: 'YingLong::Bindable': Use BindableDX12 instead
  (编译源文件“CodeFile/Graphics/Drawable/SolidCone.cpp”)
  
E:\Projects\Ying-Long-Engine\Ying-Long Engine\CodeFile\Graphics\Drawable\DrawableBase.h(128,38): warning C4996: 'YingLong::Bindable': Use BindableDX12 instead
  (编译源文件“CodeFile/Graphics/Drawable/SolidCone.cpp”)
  
E:\Projects\Ying-Long-Engine\Ying-Long Engine\CodeFile\Graphics\Drawable\DrawableBase.h(133,30): warning C4996: 'YingLong::Bindable': Use BindableDX12 instead
  (编译源文件“CodeFile/Graphics/Drawable/SolidCone.cpp”)
  
E:\Projects\Ying-Long-Engine\Ying-Long Engine\CodeFile\Graphics\Bindable\InputLayout.h(24,29): warning C4996: 'YingLong::Bindable': Use BindableDX12 instead
  (编译源文件“CodeFile/Graphics/Drawable/SolidCone.cpp”)
  
  WARNING: Graphics.h is deprecated. Use DX12Renderer instead.
E:\Projects\Ying-Long-Engine\Ying-Long Engine\CodeFile\Graphics\Bindable\IndexBuffer.h(23,29): warning C4996: 'YingLong::Bindable': Use BindableDX12 instead
  (编译源文件“CodeFile/Graphics/Drawable/SolidSphere.cpp”)
  
  WARNING: Drawable.h is deprecated. Use DX12Drawable instead.
  WARNING: DepthStencil.h is deprecated. Use DepthStencilDX12 instead.
  WARNING: RenderTarget.h is deprecated. Use RenderTargetDX12 instead.
E:\Projects\Ying-Long-Engine\Ying-Long Engine\CodeFile\Graphics\Graphics.h(238,19): warning C4996: 'YingLong::RenderTarget': Use RenderTargetDX12 instead
  (编译源文件“CodeFile/Graphics/Drawable/Capsule.cpp”)
  
E:\Projects\Ying-Long-Engine\Ying-Long Engine\CodeFile\Graphics\Graphics.h(239,19): warning C4996: 'YingLong::RenderTarget': Use RenderTargetDX12 instead
  (编译源文件“CodeFile/Graphics/Drawable/Capsule.cpp”)
  
E:\Projects\Ying-Long-Engine\Ying-Long Engine\CodeFile\Graphics\Graphics.h(240,19): warning C4996: 'YingLong::DepthStencil': Use DepthStencilDX12 instead
  (编译源文件“CodeFile/Graphics/Drawable/Capsule.cpp”)
  
E:\Projects\Ying-Long-Engine\Ying-Long Engine\CodeFile\Graphics\Bindable\ConstantBuffers.h(49,15): warning C4996: 'YingLong::Graphics': Use DX12Renderer instead
  (编译源文件“CodeFile/Graphics/Drawable/Capsule.cpp”)
      E:\Projects\Ying-Long-Engine\Ying-Long Engine\CodeFile\Graphics\Bindable\ConstantBuffers.h(49,15):
      模板实例化上下文(最早的实例化上下文)为
          E:\Projects\Ying-Long-Engine\Ying-Long Engine\CodeFile\Graphics\Bindable\ConstantBuffers.h(26,9):
          在编译类模板“YingLong::ConstantBuffer”时
  
E:\Projects\Ying-Long-Engine\Ying-Long Engine\CodeFile\Graphics\Bindable\ConstantBuffers.h(82,18): warning C4996: 'YingLong::Graphics': Use DX12Renderer instead
  (编译源文件“CodeFile/Graphics/Drawable/Capsule.cpp”)
  
E:\Projects\Ying-Long-Engine\Ying-Long Engine\CodeFile\Graphics\Bindable\ConstantBuffers.h(116,18): warning C4996: 'YingLong::Graphics': Use DX12Renderer instead
  (编译源文件“CodeFile/Graphics/Drawable/Capsule.cpp”)
  
E:\Projects\Ying-Long-Engine\Ying-Long Engine\CodeFile\Graphics\Bindable\ConstantBuffers.h(164,13): warning C4996: 'YingLong::Graphics': Use DX12Renderer instead
  (编译源文件“CodeFile/Graphics/Drawable/Capsule.cpp”)
      E:\Projects\Ying-Long-Engine\Ying-Long Engine\CodeFile\Graphics\Bindable\ConstantBuffers.h(164,13):
      模板实例化上下文(最早的实例化上下文)为
          E:\Projects\Ying-Long-Engine\Ying-Long Engine\CodeFile\Graphics\Bindable\ConstantBuffers.h(149,8):
          在编译类模板“YingLong::VertexConstantBuffer”时
  
E:\Projects\Ying-Long-Engine\Ying-Long Engine\CodeFile\Graphics\Bindable\ConstantBuffers.h(194,13): warning C4996: 'YingLong::Graphics': Use DX12Renderer instead
  (编译源文件“CodeFile/Graphics/Drawable/Capsule.cpp”)
      E:\Projects\Ying-Long-Engine\Ying-Long Engine\CodeFile\Graphics\Bindable\ConstantBuffers.h(194,13):
      模板实例化上下文(最早的实例化上下文)为
          E:\Projects\Ying-Long-Engine\Ying-Long Engine\CodeFile\Graphics\Bindable\ConstantBuffers.h(180,8):
          在编译类模板“YingLong::PixelConstantBuffer”时
  
E:\Projects\Ying-Long-Engine\Ying-Long Engine\CodeFile\Graphics\Bindable\TransformConstantBuffer.h(30,41): warning C4996: 'YingLong::Bindable': Use BindableDX12 instead
  (编译源文件“CodeFile/Graphics/Drawable/Capsule.cpp”)
  
E:\Projects\Ying-Long-Engine\Ying-Long Engine\CodeFile\Graphics\Bindable\TransformConstantBuffer.h(42,27): warning C4996: 'YingLong::Graphics': Use DX12Renderer instead
  (编译源文件“CodeFile/Graphics/Drawable/Capsule.cpp”)
  
E:\Projects\Ying-Long-Engine\Ying-Long Engine\CodeFile\Graphics\Bindable\TransformConstantBuffer.h(42,53): warning C4996: 'YingLong::Drawable': Use DX12Drawable instead
  (编译源文件“CodeFile/Graphics/Drawable/Capsule.cpp”)
  
E:\Projects\Ying-Long-Engine\Ying-Long Engine\CodeFile\Graphics\Bindable\TransformConstantBuffer.h(54,13): warning C4996: 'YingLong::Graphics': Use DX12Renderer instead
  (编译源文件“CodeFile/Graphics/Drawable/Capsule.cpp”)
  
E:\Projects\Ying-Long-Engine\Ying-Long Engine\CodeFile\Graphics\Bindable\TransformConstantBuffer.h(70,9): warning C4996: 'YingLong::Drawable': Use DX12Drawable instead
  (编译源文件“CodeFile/Graphics/Drawable/Capsule.cpp”)
  
E:\Projects\Ying-Long-Engine\Ying-Long Engine\CodeFile\Graphics\Bindable\SolidColorConstantBuffer.h(40,42): warning C4996: 'YingLong::Bindable': Use BindableDX12 instead
  (编译源文件“CodeFile/Graphics/Drawable/Capsule.cpp”)
  
E:\Projects\Ying-Long-Engine\Ying-Long Engine\CodeFile\Graphics\Bindable\SolidColorConstantBuffer.h(51,28): warning C4996: 'YingLong::Graphics': Use DX12Renderer instead
  (编译源文件“CodeFile/Graphics/Drawable/Capsule.cpp”)
  
E:\Projects\Ying-Long-Engine\Ying-Long Engine\CodeFile\Graphics\Bindable\SolidColorConstantBuffer.h(60,13): warning C4996: 'YingLong::Graphics': Use DX12Renderer instead
  (编译源文件“CodeFile/Graphics/Drawable/Capsule.cpp”)
  
E:\Projects\Ying-Long-Engine\Ying-Long Engine\CodeFile\Graphics\Drawable\Capsule.h(45,19): warning C4996: 'YingLong::Graphics': Use DX12Renderer instead
  (编译源文件“CodeFile/Graphics/Drawable/Capsule.cpp”)
  
E:\Projects\Ying-Long-Engine\Ying-Long Engine\CodeFile\Graphics\Bindable\VertexBuffer.h(29,33): warning C4996: 'YingLong::Bindable': Use BindableDX12 instead
  (编译源文件“CodeFile/Graphics/Drawable/Capsule.cpp”)
  
E:\Projects\Ying-Long-Engine\Ying-Long Engine\CodeFile\Graphics\Bindable\VertexBuffer.h(46,22): warning C4996: 'YingLong::Graphics': Use DX12Renderer instead
  (编译源文件“CodeFile/Graphics/Drawable/Capsule.cpp”)
  
E:\Projects\Ying-Long-Engine\Ying-Long Engine\CodeFile\Graphics\Bindable\VertexBuffer.h(76,19): warning C4996: 'YingLong::Graphics': Use DX12Renderer instead
  (编译源文件“CodeFile/Graphics/Drawable/Capsule.cpp”)
  
E:\Projects\Ying-Long-Engine\Ying-Long Engine\CodeFile\Graphics\Bindable\VertexBuffer.h(79,13): warning C4996: 'YingLong::Bindable::GetDevicContext': Use BindableDX12 instead
  (编译源文件“CodeFile/Graphics/Drawable/Capsule.cpp”)
  
E:\Projects\Ying-Long-Engine\Ying-Long Engine\CodeFile\Graphics\Bindable\VertexShader.h(31,30): warning C4996: 'YingLong::Bindable': Use BindableDX12 instead
  (编译源文件“CodeFile/Graphics/Drawable/Capsule.cpp”)
  
E:\Projects\Ying-Long-Engine\Ying-Long Engine\CodeFile\Graphics\Bindable\VertexShader.h(47,16): warning C4996: 'YingLong::Graphics': Use DX12Renderer instead
  (编译源文件“CodeFile/Graphics/Drawable/Capsule.cpp”)
  
E:\Projects\Ying-Long-Engine\Ying-Long Engine\CodeFile\Graphics\Bindable\VertexShader.h(63,19): warning C4996: 'YingLong::Graphics': Use DX12Renderer instead
  (编译源文件“CodeFile/Graphics/Drawable/Capsule.cpp”)
  
E:\Projects\Ying-Long-Engine\Ying-Long Engine\CodeFile\Graphics\Bindable\VertexShader.h(72,13): warning C4996: 'YingLong::Graphics': Use DX12Renderer instead
  (编译源文件“CodeFile/Graphics/Drawable/Capsule.cpp”)
  
E:\Projects\Ying-Long-Engine\Ying-Long Engine\CodeFile\Graphics\Bindable\PixelShader.h(28,29): warning C4996: 'YingLong::Bindable': Use BindableDX12 instead
  (编译源文件“CodeFile/Graphics/Drawable/Capsule.cpp”)
  
E:\Projects\Ying-Long-Engine\Ying-Long Engine\CodeFile\Graphics\Bindable\PixelShader.h(44,15): warning C4996: 'YingLong::Graphics': Use DX12Renderer instead
  (编译源文件“CodeFile/Graphics/Drawable/Capsule.cpp”)
  
E:\Projects\Ying-Long-Engine\Ying-Long Engine\CodeFile\Graphics\Bindable\PixelShader.h(59,19): warning C4996: 'YingLong::Graphics': Use DX12Renderer instead
  (编译源文件“CodeFile/Graphics/Drawable/Capsule.cpp”)
  
E:\Projects\Ying-Long-Engine\Ying-Long Engine\CodeFile\Graphics\Bindable\PixelShader.h(68,13): warning C4996: 'YingLong::Graphics': Use DX12Renderer instead
  (编译源文件“CodeFile/Graphics/Drawable/Capsule.cpp”)
  
E:\Projects\Ying-Long-Engine\Ying-Long Engine\CodeFile\Graphics\Bindable\InputLayout.h(24,29): warning C4996: 'YingLong::Bindable': Use BindableDX12 instead
  (编译源文件“CodeFile/Graphics/Drawable/Capsule.cpp”)
  
E:\Projects\Ying-Long-Engine\Ying-Long Engine\CodeFile\Graphics\Bindable\InputLayout.h(36,15): warning C4996: 'YingLong::Graphics': Use DX12Renderer instead
  (编译源文件“CodeFile/Graphics/Drawable/Capsule.cpp”)
  
E:\Projects\Ying-Long-Engine\Ying-Long Engine\CodeFile\Graphics\Bindable\InputLayout.h(46,13): warning C4996: 'YingLong::Graphics': Use DX12Renderer instead
  (编译源文件“CodeFile/Graphics/Drawable/Capsule.cpp”)
  
E:\Projects\Ying-Long-Engine\Ying-Long Engine\CodeFile\Graphics\Bindable\Topology.h(24,26): warning C4996: 'YingLong::Bindable': Use BindableDX12 instead
  (编译源文件“CodeFile/Graphics/Drawable/Capsule.cpp”)
  
E:\Projects\Ying-Long-Engine\Ying-Long Engine\CodeFile\Graphics\Bindable\Topology.h(35,12): warning C4996: 'YingLong::Graphics': Use DX12Renderer instead
  (编译源文件“CodeFile/Graphics/Drawable/Capsule.cpp”)
  
E:\Projects\Ying-Long-Engine\Ying-Long Engine\CodeFile\Graphics\Bindable\Topology.h(44,13): warning C4996: 'YingLong::Graphics': Use DX12Renderer instead
  (编译源文件“CodeFile/Graphics/Drawable/Capsule.cpp”)
  
C:\Program Files\Microsoft Visual Studio\2022\Community\VC\Tools\MSVC\14.44.35207\include\memory(3309,9): warning C4996: 'YingLong::Bindable::~Bindable': Use BindableDX12 instead
  (编译源文件“CodeFile/Graphics/DX12/DX12DemoScene.cpp”)
      C:\Program Files\Microsoft Visual Studio\2022\Community\VC\Tools\MSVC\14.44.35207\include\memory(3309,9):
      模板实例化上下文(最早的实例化上下文)为
          E:\Projects\Ying-Long-Engine\Ying-Long Engine\CodeFile\Graphics\Drawable\DrawableBase.h(34,8):
          在编译类模板“YingLong::DrawableBase”时
          E:\Projects\Ying-Long-Engine\Ying-Long Engine\CodeFile\Graphics\Drawable\DrawableBase.h(63,4):
          查看对正在编译的 类 模板 实例化“std::unique_ptr<YingLong::Bindable,std::default_delete<YingLong::Bindable>>”的引用
          C:\Program Files\Microsoft Visual Studio\2022\Community\VC\Tools\MSVC\14.44.35207\include\memory(3352,92):
          查看对正在编译的 类 模板 实例化“std::default_delete<YingLong::Bindable>”的引用
          C:\Program Files\Microsoft Visual Studio\2022\Community\VC\Tools\MSVC\14.44.35207\include\memory(3307,23):
          在编译 类 模板 成员函数“void std::default_delete<YingLong::Bindable>::operator ()(_Ty *) noexcept const”时
          with
          [
              _Ty=YingLong::Bindable
          ]
              C:\Program Files\Microsoft Visual Studio\2022\Community\VC\Tools\MSVC\14.44.35207\include\memory(3427,33):
              请参阅 "std::unique_ptr<YingLong::Bindable,std::default_delete<YingLong::Bindable>>::~unique_ptr" 中对 "std::default_delete<YingLong::Bindable>::operator ()" 的第一个引用
              C:\Program Files\Microsoft Visual Studio\2022\Community\VC\Tools\MSVC\14.44.35207\include\memory(3483,1):
              请参阅 "std::unique_ptr<YingLong::Bindable,std::default_delete<YingLong::Bindable>>::~unique_ptr" 中对 "std::unique_ptr<YingLong::Bindable,std::default_delete<YingLong::Bindable>>::~unique_ptr" 的第一个引用
  
E:\Projects\Ying-Long-Engine\Ying-Long Engine\CodeFile\Graphics\Bindable\Texture.h(25,25): warning C4996: 'YingLong::Bindable': Use BindableDX12 instead
  (编译源文件“CodeFile/Graphics/Drawable/Capsule.cpp”)
  
E:\Projects\Ying-Long-Engine\Ying-Long Engine\CodeFile\Graphics\Bindable\Texture.h(42,11): warning C4996: 'YingLong::Graphics': Use DX12Renderer instead
  (编译源文件“CodeFile/Graphics/Drawable/Capsule.cpp”)
  
E:\Projects\Ying-Long-Engine\Ying-Long Engine\CodeFile\Graphics\Bindable\Texture.h(59,19): warning C4996: 'YingLong::Graphics': Use DX12Renderer instead
  (编译源文件“CodeFile/Graphics/Drawable/Capsule.cpp”)
  
E:\Projects\Ying-Long-Engine\Ying-Long Engine\CodeFile\Graphics\Bindable\Texture.h(68,13): warning C4996: 'YingLong::Graphics': Use DX12Renderer instead
  (编译源文件“CodeFile/Graphics/Drawable/Capsule.cpp”)
  
E:\Projects\Ying-Long-Engine\Ying-Long Engine\CodeFile\Graphics\Bindable\Rasterizer.h(24,28): warning C4996: 'YingLong::Bindable': Use BindableDX12 instead
  (编译源文件“CodeFile/Graphics/Drawable/Capsule.cpp”)
  
E:\Projects\Ying-Long-Engine\Ying-Long Engine\CodeFile\Graphics\Bindable\Rasterizer.h(35,14): warning C4996: 'YingLong::Graphics': Use DX12Renderer instead
  (编译源文件“CodeFile/Graphics/Drawable/Capsule.cpp”)
  
E:\Projects\Ying-Long-Engine\Ying-Long Engine\CodeFile\Graphics\Bindable\Rasterizer.h(46,13): warning C4996: 'YingLong::Graphics': Use DX12Renderer instead
  (编译源文件“CodeFile/Graphics/Drawable/Capsule.cpp”)
  
E:\Projects\Ying-Long-Engine\Ying-Long Engine\CodeFile\Graphics\Drawable\Capsule.cpp(27,35): warning C4996: 'YingLong::Graphics': Use DX12Renderer instead
  WARNING: DepthStencil.h is deprecated. Use DepthStencilDX12 instead.
  WARNING: RenderTarget.h is deprecated. Use RenderTargetDX12 instead.
E:\Projects\Ying-Long-Engine\Ying-Long Engine\CodeFile\Graphics\Graphics.h(238,19): warning C4996: 'YingLong::RenderTarget': Use RenderTargetDX12 instead
  (编译源文件“CodeFile/Graphics/Drawable/Box.cpp”)
  
E:\Projects\Ying-Long-Engine\Ying-Long Engine\CodeFile\Graphics\Graphics.h(239,19): warning C4996: 'YingLong::RenderTarget': Use RenderTargetDX12 instead
  (编译源文件“CodeFile/Graphics/Drawable/Box.cpp”)
  
E:\Projects\Ying-Long-Engine\Ying-Long Engine\CodeFile\Graphics\Graphics.h(240,19): warning C4996: 'YingLong::DepthStencil': Use DepthStencilDX12 instead
  (编译源文件“CodeFile/Graphics/Drawable/Box.cpp”)
  
E:\Projects\Ying-Long-Engine\Ying-Long Engine\CodeFile\Graphics\Bindable\ConstantBuffers.h(49,15): warning C4996: 'YingLong::Graphics': Use DX12Renderer instead
  (编译源文件“CodeFile/Graphics/Drawable/Box.cpp”)
      E:\Projects\Ying-Long-Engine\Ying-Long Engine\CodeFile\Graphics\Bindable\ConstantBuffers.h(49,15):
      模板实例化上下文(最早的实例化上下文)为
          E:\Projects\Ying-Long-Engine\Ying-Long Engine\CodeFile\Graphics\Bindable\ConstantBuffers.h(26,9):
          在编译类模板“YingLong::ConstantBuffer”时
  
E:\Projects\Ying-Long-Engine\Ying-Long Engine\CodeFile\Graphics\Bindable\ConstantBuffers.h(82,18): warning C4996: 'YingLong::Graphics': Use DX12Renderer instead
  (编译源文件“CodeFile/Graphics/Drawable/Box.cpp”)
  
E:\Projects\Ying-Long-Engine\Ying-Long Engine\CodeFile\Graphics\Bindable\ConstantBuffers.h(116,18): warning C4996: 'YingLong::Graphics': Use DX12Renderer instead
  (编译源文件“CodeFile/Graphics/Drawable/Box.cpp”)
  
E:\Projects\Ying-Long-Engine\Ying-Long Engine\CodeFile\Graphics\Drawable\Capsule.cpp(103,3): warning C4996: 'YingLong::Drawable::AddBind': Use DX12Drawable instead
E:\Projects\Ying-Long-Engine\Ying-Long Engine\CodeFile\Graphics\Bindable\ConstantBuffers.h(164,13): warning C4996: 'YingLong::Graphics': Use DX12Renderer instead
  (编译源文件“CodeFile/Graphics/Drawable/Box.cpp”)
      E:\Projects\Ying-Long-Engine\Ying-Long Engine\CodeFile\Graphics\Bindable\ConstantBuffers.h(164,13):
      模板实例化上下文(最早的实例化上下文)为
          E:\Projects\Ying-Long-Engine\Ying-Long Engine\CodeFile\Graphics\Bindable\ConstantBuffers.h(149,8):
          在编译类模板“YingLong::VertexConstantBuffer”时
  
E:\Projects\Ying-Long-Engine\Ying-Long Engine\CodeFile\Graphics\Drawable\Capsule.cpp(106,3): warning C4996: 'YingLong::Drawable::AddBind': Use DX12Drawable instead
E:\Projects\Ying-Long-Engine\Ying-Long Engine\CodeFile\Graphics\Bindable\ConstantBuffers.h(194,13): warning C4996: 'YingLong::Graphics': Use DX12Renderer instead
  (编译源文件“CodeFile/Graphics/Drawable/Box.cpp”)
      E:\Projects\Ying-Long-Engine\Ying-Long Engine\CodeFile\Graphics\Bindable\ConstantBuffers.h(194,13):
      模板实例化上下文(最早的实例化上下文)为
          E:\Projects\Ying-Long-Engine\Ying-Long Engine\CodeFile\Graphics\Bindable\ConstantBuffers.h(180,8):
          在编译类模板“YingLong::PixelConstantBuffer”时
  
E:\Projects\Ying-Long-Engine\Ying-Long Engine\CodeFile\Graphics\Bindable\TransformConstantBuffer.h(30,41): warning C4996: 'YingLong::Bindable': Use BindableDX12 instead
  (编译源文件“CodeFile/Graphics/Drawable/Box.cpp”)
  
E:\Projects\Ying-Long-Engine\Ying-Long Engine\CodeFile\Graphics\Bindable\TransformConstantBuffer.h(42,27): warning C4996: 'YingLong::Graphics': Use DX12Renderer instead
  (编译源文件“CodeFile/Graphics/Drawable/Box.cpp”)
  
E:\Projects\Ying-Long-Engine\Ying-Long Engine\CodeFile\Graphics\Bindable\TransformConstantBuffer.h(42,53): warning C4996: 'YingLong::Drawable': Use DX12Drawable instead
  (编译源文件“CodeFile/Graphics/Drawable/Box.cpp”)
  
E:\Projects\Ying-Long-Engine\Ying-Long Engine\CodeFile\Graphics\Bindable\TransformConstantBuffer.h(54,13): warning C4996: 'YingLong::Graphics': Use DX12Renderer instead
  (编译源文件“CodeFile/Graphics/Drawable/Box.cpp”)
  
E:\Projects\Ying-Long-Engine\Ying-Long Engine\CodeFile\Graphics\Bindable\TransformConstantBuffer.h(70,9): warning C4996: 'YingLong::Drawable': Use DX12Drawable instead
  (编译源文件“CodeFile/Graphics/Drawable/Box.cpp”)
  
E:\Projects\Ying-Long-Engine\Ying-Long Engine\CodeFile\Graphics\Bindable\VertexShader.h(31,30): warning C4996: 'YingLong::Bindable': Use BindableDX12 instead
  (编译源文件“CodeFile/Graphics/Drawable/Box.cpp”)
  
E:\Projects\Ying-Long-Engine\Ying-Long Engine\CodeFile\Graphics\Bindable\VertexShader.h(47,16): warning C4996: 'YingLong::Graphics': Use DX12Renderer instead
  (编译源文件“CodeFile/Graphics/Drawable/Box.cpp”)
  
E:\Projects\Ying-Long-Engine\Ying-Long Engine\CodeFile\Graphics\Bindable\VertexShader.h(63,19): warning C4996: 'YingLong::Graphics': Use DX12Renderer instead
  (编译源文件“CodeFile/Graphics/Drawable/Box.cpp”)
  
E:\Projects\Ying-Long-Engine\Ying-Long Engine\CodeFile\Graphics\Bindable\VertexShader.h(72,13): warning C4996: 'YingLong::Graphics': Use DX12Renderer instead
  (编译源文件“CodeFile/Graphics/Drawable/Box.cpp”)
  
E:\Projects\Ying-Long-Engine\Ying-Long Engine\CodeFile\Graphics\Bindable\PixelShader.h(28,29): warning C4996: 'YingLong::Bindable': Use BindableDX12 instead
  (编译源文件“CodeFile/Graphics/Drawable/Box.cpp”)
  
E:\Projects\Ying-Long-Engine\Ying-Long Engine\CodeFile\Graphics\Bindable\PixelShader.h(44,15): warning C4996: 'YingLong::Graphics': Use DX12Renderer instead
  (编译源文件“CodeFile/Graphics/Drawable/Box.cpp”)
  
E:\Projects\Ying-Long-Engine\Ying-Long Engine\CodeFile\Graphics\Bindable\PixelShader.h(59,19): warning C4996: 'YingLong::Graphics': Use DX12Renderer instead
  (编译源文件“CodeFile/Graphics/Drawable/Box.cpp”)
  
E:\Projects\Ying-Long-Engine\Ying-Long Engine\CodeFile\Graphics\Bindable\PixelShader.h(68,13): warning C4996: 'YingLong::Graphics': Use DX12Renderer instead
  (编译源文件“CodeFile/Graphics/Drawable/Box.cpp”)
  
E:\Projects\Ying-Long-Engine\Ying-Long Engine\CodeFile\Graphics\Bindable\Topology.h(24,26): warning C4996: 'YingLong::Bindable': Use BindableDX12 instead
  (编译源文件“CodeFile/Graphics/Drawable/Box.cpp”)
  
E:\Projects\Ying-Long-Engine\Ying-Long Engine\CodeFile\Graphics\Bindable\Topology.h(35,12): warning C4996: 'YingLong::Graphics': Use DX12Renderer instead
  (编译源文件“CodeFile/Graphics/Drawable/Box.cpp”)
  
E:\Projects\Ying-Long-Engine\Ying-Long Engine\CodeFile\Graphics\Bindable\Topology.h(44,13): warning C4996: 'YingLong::Graphics': Use DX12Renderer instead
  (编译源文件“CodeFile/Graphics/Drawable/Box.cpp”)
  
  Ray.cpp
E:\Projects\Ying-Long-Engine\Ying-Long Engine\CodeFile\Graphics\Bindable\Texture.h(25,25): warning C4996: 'YingLong::Bindable': Use BindableDX12 instead
  (编译源文件“CodeFile/Graphics/Drawable/Box.cpp”)
  
E:\Projects\Ying-Long-Engine\Ying-Long Engine\CodeFile\Graphics\Bindable\Texture.h(42,11): warning C4996: 'YingLong::Graphics': Use DX12Renderer instead
  (编译源文件“CodeFile/Graphics/Drawable/Box.cpp”)
  
E:\Projects\Ying-Long-Engine\Ying-Long Engine\CodeFile\Graphics\Bindable\Texture.h(59,19): warning C4996: 'YingLong::Graphics': Use DX12Renderer instead
  (编译源文件“CodeFile/Graphics/Drawable/Box.cpp”)
  
E:\Projects\Ying-Long-Engine\Ying-Long Engine\CodeFile\Graphics\Bindable\Texture.h(68,13): warning C4996: 'YingLong::Graphics': Use DX12Renderer instead
  (编译源文件“CodeFile/Graphics/Drawable/Box.cpp”)
  
E:\Projects\Ying-Long-Engine\Ying-Long Engine\CodeFile\Graphics\Bindable\SolidColorConstantBuffer.h(40,42): warning C4996: 'YingLong::Bindable': Use BindableDX12 instead
  (编译源文件“CodeFile/Graphics/Drawable/Box.cpp”)
  
E:\Projects\Ying-Long-Engine\Ying-Long Engine\CodeFile\Graphics\Bindable\SolidColorConstantBuffer.h(51,28): warning C4996: 'YingLong::Graphics': Use DX12Renderer instead
  (编译源文件“CodeFile/Graphics/Drawable/Box.cpp”)
  
E:\Projects\Ying-Long-Engine\Ying-Long Engine\CodeFile\Graphics\Bindable\SolidColorConstantBuffer.h(60,13): warning C4996: 'YingLong::Graphics': Use DX12Renderer instead
  (编译源文件“CodeFile/Graphics/Drawable/Box.cpp”)
  
E:\Projects\Ying-Long-Engine\Ying-Long Engine\CodeFile\Graphics\Bindable\VertexBuffer.h(29,33): warning C4996: 'YingLong::Bindable': Use BindableDX12 instead
  (编译源文件“CodeFile/Graphics/Drawable/Box.cpp”)
  
E:\Projects\Ying-Long-Engine\Ying-Long Engine\CodeFile\Graphics\Bindable\VertexBuffer.h(46,22): warning C4996: 'YingLong::Graphics': Use DX12Renderer instead
  (编译源文件“CodeFile/Graphics/Drawable/Box.cpp”)
  
E:\Projects\Ying-Long-Engine\Ying-Long Engine\CodeFile\Graphics\Bindable\VertexBuffer.h(76,19): warning C4996: 'YingLong::Graphics': Use DX12Renderer instead
  (编译源文件“CodeFile/Graphics/Drawable/Box.cpp”)
  
E:\Projects\Ying-Long-Engine\Ying-Long Engine\CodeFile\Graphics\Bindable\VertexBuffer.h(79,13): warning C4996: 'YingLong::Bindable::GetDevicContext': Use BindableDX12 instead
  (编译源文件“CodeFile/Graphics/Drawable/Box.cpp”)
  
E:\Projects\Ying-Long-Engine\Ying-Long Engine\CodeFile\Graphics\Drawable\SolidSphere.h(49,23): warning C4996: 'YingLong::Graphics': Use DX12Renderer instead
  (编译源文件“CodeFile/Graphics/Drawable/Box.cpp”)
  
E:\Projects\Ying-Long-Engine\Ying-Long Engine\CodeFile\Graphics\Light\PointLight.h(90,14): warning C4996: 'YingLong::Graphics': Use DX12Renderer instead
  (编译源文件“CodeFile/Graphics/Drawable/Box.cpp”)
  
E:\Projects\Ying-Long-Engine\Ying-Long Engine\CodeFile\Graphics\Light\PointLight.h(102,13): warning C4996: 'YingLong::Graphics': Use DX12Renderer instead
  (编译源文件“CodeFile/Graphics/Drawable/Box.cpp”)
  
E:\Projects\Ying-Long-Engine\Ying-Long Engine\CodeFile\Graphics\Drawable\Box.h(51,15): warning C4996: 'YingLong::Graphics': Use DX12Renderer instead
  (编译源文件“CodeFile/Graphics/Drawable/Box.cpp”)
  
E:\Projects\Ying-Long-Engine\Ying-Long Engine\CodeFile\Graphics\Bindable\Rasterizer.h(24,28): warning C4996: 'YingLong::Bindable': Use BindableDX12 instead
  (编译源文件“CodeFile/Graphics/Drawable/Box.cpp”)
  
E:\Projects\Ying-Long-Engine\Ying-Long Engine\CodeFile\Graphics\Bindable\Rasterizer.h(35,14): warning C4996: 'YingLong::Graphics': Use DX12Renderer instead
  (编译源文件“CodeFile/Graphics/Drawable/Box.cpp”)
  
E:\Projects\Ying-Long-Engine\Ying-Long Engine\CodeFile\Graphics\Bindable\Rasterizer.h(46,13): warning C4996: 'YingLong::Graphics': Use DX12Renderer instead
  (编译源文件“CodeFile/Graphics/Drawable/Box.cpp”)
  
E:\Projects\Ying-Long-Engine\Ying-Long Engine\CodeFile\Graphics\Drawable\Box.cpp(26,27): warning C4996: 'YingLong::Graphics': Use DX12Renderer instead
E:\Projects\Ying-Long-Engine\Ying-Long Engine\CodeFile\Graphics\Drawable\Drawable.h(116,32): warning C4996: 'YingLong::Bindable': Use BindableDX12 instead
  (编译源文件“CodeFile/Graphics/Drawable/SolidSphere.cpp”)
  
E:\Projects\Ying-Long-Engine\Ying-Long Engine\CodeFile\Graphics\Drawable\Drawable.h(144,45): warning C4996: 'YingLong::Bindable': Use BindableDX12 instead
  (编译源文件“CodeFile/Graphics/Drawable/SolidSphere.cpp”)
  
E:\Projects\Ying-Long-Engine\Ying-Long Engine\CodeFile\Graphics\Drawable\Drawable.h(148,31): warning C4996: 'YingLong::Bindable': Use BindableDX12 instead
  (编译源文件“CodeFile/Graphics/Drawable/SolidSphere.cpp”)
  
E:\Projects\Ying-Long-Engine\Ying-Long Engine\CodeFile\Graphics\Drawable\DrawableBase.h(59,38): warning C4996: 'YingLong::Bindable': Use BindableDX12 instead
  (编译源文件“CodeFile/Graphics/Drawable/SolidSphere.cpp”)
      E:\Projects\Ying-Long-Engine\Ying-Long Engine\CodeFile\Graphics\Drawable\DrawableBase.h(59,38):
      模板实例化上下文(最早的实例化上下文)为
          E:\Projects\Ying-Long-Engine\Ying-Long Engine\CodeFile\Graphics\Drawable\DrawableBase.h(34,8):
          在编译类模板“YingLong::DrawableBase”时
  
E:\Projects\Ying-Long-Engine\Ying-Long Engine\CodeFile\Graphics\Drawable\DrawableBase.h(123,37): warning C4996: 'YingLong::Bindable': Use BindableDX12 instead
  (编译源文件“CodeFile/Graphics/Drawable/SolidSphere.cpp”)
  
E:\Projects\Ying-Long-Engine\Ying-Long Engine\CodeFile\Graphics\Drawable\DrawableBase.h(128,38): warning C4996: 'YingLong::Bindable': Use BindableDX12 instead
  (编译源文件“CodeFile/Graphics/Drawable/SolidSphere.cpp”)
  
E:\Projects\Ying-Long-Engine\Ying-Long Engine\CodeFile\Graphics\Drawable\DrawableBase.h(133,30): warning C4996: 'YingLong::Bindable': Use BindableDX12 instead
  (编译源文件“CodeFile/Graphics/Drawable/SolidSphere.cpp”)
  
E:\Projects\Ying-Long-Engine\Ying-Long Engine\CodeFile\Graphics\Drawable\Box.cpp(115,3): warning C4996: 'YingLong::Drawable::AddBind': Use DX12Drawable instead
E:\Projects\Ying-Long-Engine\Ying-Long Engine\CodeFile\Graphics\Drawable\Box.cpp(118,3): warning C4996: 'YingLong::Drawable::AddBind': Use DX12Drawable instead
E:\Projects\Ying-Long-Engine\Ying-Long Engine\CodeFile\Graphics\Bindable\InputLayout.h(24,29): warning C4996: 'YingLong::Bindable': Use BindableDX12 instead
  (编译源文件“CodeFile/Graphics/Drawable/SolidSphere.cpp”)
  
  WARNING: Graphics.h is deprecated. Use DX12Renderer instead.
E:\Projects\Ying-Long-Engine\Ying-Long Engine\CodeFile\Graphics\Drawable\DrawableBase.h(104,6): warning C4996: 'YingLong::Drawable::pIndexBuffer': Use DX12Drawable instead
  (编译源文件“CodeFile/Graphics/Drawable/Capsule.cpp”)
      E:\Projects\Ying-Long-Engine\Ying-Long Engine\CodeFile\Graphics\Drawable\DrawableBase.h(104,6):
      模板实例化上下文(最早的实例化上下文)为
          E:\Projects\Ying-Long-Engine\Ying-Long Engine\CodeFile\Graphics\Drawable\Capsule.h(26,33):
          查看对正在编译的 类 模板 实例化“YingLong::DrawableBase<YingLong::CapsuleDrawable>”的引用
          E:\Projects\Ying-Long-Engine\Ying-Long Engine\CodeFile\Graphics\Drawable\DrawableBase.h(96,8):
          在编译 类 模板 成员函数“void YingLong::DrawableBase<YingLong::CapsuleDrawable>::FindIndexBufferFromStatic(void)”时
              E:\Projects\Ying-Long-Engine\Ying-Long Engine\CodeFile\Graphics\Drawable\Capsule.cpp(97,29):
              请参阅 "YingLong::CapsuleDrawable::CapsuleDrawable" 中对 "YingLong::DrawableBase<YingLong::CapsuleDrawable>::FindIndexBufferFromStatic" 的第一个引用
  
E:\Projects\Ying-Long-Engine\Ying-Long Engine\CodeFile\Graphics\Drawable\DrawableBase.h(81,4): warning C4996: 'YingLong::Drawable::pIndexBuffer': Use DX12Drawable instead
  (编译源文件“CodeFile/Graphics/Drawable/Capsule.cpp”)
      E:\Projects\Ying-Long-Engine\Ying-Long Engine\CodeFile\Graphics\Drawable\DrawableBase.h(81,4):
      模板实例化上下文(最早的实例化上下文)为
          E:\Projects\Ying-Long-Engine\Ying-Long Engine\CodeFile\Graphics\Drawable\DrawableBase.h(77,8):
          在编译 类 模板 成员函数“void YingLong::DrawableBase<YingLong::CapsuleDrawable>::AddStaticIndexBuffer(std::unique_ptr<YingLong::IndexBuffer,std::default_delete<YingLong::IndexBuffer>>) noexcept”时
              E:\Projects\Ying-Long-Engine\Ying-Long Engine\CodeFile\Graphics\Drawable\Capsule.cpp(69,24):
              请参阅 "YingLong::CapsuleDrawable::CapsuleDrawable" 中对 "YingLong::DrawableBase<YingLong::CapsuleDrawable>::AddStaticIndexBuffer" 的第一个引用
  
E:\Projects\Ying-Long-Engine\Ying-Long Engine\CodeFile\Graphics\Drawable\DrawableBase.h(82,4): warning C4996: 'YingLong::Drawable::pIndexBuffer': Use DX12Drawable instead
  (编译源文件“CodeFile/Graphics/Drawable/Capsule.cpp”)
  
  WARNING: DepthStencil.h is deprecated. Use DepthStencilDX12 instead.
  WARNING: RenderTarget.h is deprecated. Use RenderTargetDX12 instead.
E:\Projects\Ying-Long-Engine\Ying-Long Engine\CodeFile\Graphics\Graphics.h(238,19): warning C4996: 'YingLong::RenderTarget': Use RenderTargetDX12 instead
  (编译源文件“CodeFile/Graphics/Drawable/Drawable.cpp”)
  
E:\Projects\Ying-Long-Engine\Ying-Long Engine\CodeFile\Graphics\Graphics.h(239,19): warning C4996: 'YingLong::RenderTarget': Use RenderTargetDX12 instead
  (编译源文件“CodeFile/Graphics/Drawable/Drawable.cpp”)
  
E:\Projects\Ying-Long-Engine\Ying-Long Engine\CodeFile\Graphics\Graphics.h(240,19): warning C4996: 'YingLong::DepthStencil': Use DepthStencilDX12 instead
  (编译源文件“CodeFile/Graphics/Drawable/Drawable.cpp”)
  
E:\Projects\Ying-Long-Engine\Ying-Long Engine\CodeFile\Graphics\Drawable\Drawable.cpp(17,21): warning C4996: 'YingLong::Drawable': Use DX12Drawable instead
E:\Projects\Ying-Long-Engine\Ying-Long Engine\CodeFile\Graphics\Drawable\Drawable.cpp(31,22): warning C4996: 'YingLong::Graphics': Use DX12Renderer instead
E:\Projects\Ying-Long-Engine\Ying-Long Engine\CodeFile\Graphics\Drawable\Drawable.cpp(37,7): warning C4996: 'YingLong::Bindable::Bind': Use BindableDX12 instead
E:\Projects\Ying-Long-Engine\Ying-Long Engine\CodeFile\Graphics\Drawable\Drawable.cpp(43,7): warning C4996: 'YingLong::Bindable::Bind': Use BindableDX12 instead
E:\Projects\Ying-Long-Engine\Ying-Long Engine\CodeFile\Graphics\Drawable\Drawable.cpp(47,12): warning C4996: 'YingLong::Graphics::DrawIndexed': Use DX12Renderer instead
E:\Projects\Ying-Long-Engine\Ying-Long Engine\CodeFile\Graphics\Drawable\Drawable.cpp(61,41): warning C4996: 'YingLong::Bindable': Use BindableDX12 instead
  RenderTarget.cpp
  WARNING: RenderTarget.h is deprecated. Use RenderTargetDX12 instead.
E:\Projects\Ying-Long-Engine\Ying-Long Engine\CodeFile\Graphics\Drawable\DrawableBase.h(104,6): warning C4996: 'YingLong::Drawable::pIndexBuffer': Use DX12Drawable instead
  (编译源文件“CodeFile/Graphics/Drawable/Box.cpp”)
      E:\Projects\Ying-Long-Engine\Ying-Long Engine\CodeFile\Graphics\Drawable\DrawableBase.h(104,6):
      模板实例化上下文(最早的实例化上下文)为
          E:\Projects\Ying-Long-Engine\Ying-Long Engine\CodeFile\Graphics\Drawable\Box.h(32,29):
          查看对正在编译的 类 模板 实例化“YingLong::DrawableBase<YingLong::BoxDrawable>”的引用
          E:\Projects\Ying-Long-Engine\Ying-Long Engine\CodeFile\Graphics\Drawable\DrawableBase.h(96,8):
          在编译 类 模板 成员函数“void YingLong::DrawableBase<YingLong::BoxDrawable>::FindIndexBufferFromStatic(void)”时
              E:\Projects\Ying-Long-Engine\Ying-Long Engine\CodeFile\Graphics\Drawable\Box.cpp(109,29):
              请参阅 "YingLong::BoxDrawable::BoxDrawable" 中对 "YingLong::DrawableBase<YingLong::BoxDrawable>::FindIndexBufferFromStatic" 的第一个引用
  
E:\Projects\Ying-Long-Engine\Ying-Long Engine\CodeFile\Graphics\Drawable\DrawableBase.h(81,4): warning C4996: 'YingLong::Drawable::pIndexBuffer': Use DX12Drawable instead
  (编译源文件“CodeFile/Graphics/Drawable/Box.cpp”)
      E:\Projects\Ying-Long-Engine\Ying-Long Engine\CodeFile\Graphics\Drawable\DrawableBase.h(81,4):
      模板实例化上下文(最早的实例化上下文)为
          E:\Projects\Ying-Long-Engine\Ying-Long Engine\CodeFile\Graphics\Drawable\DrawableBase.h(77,8):
          在编译 类 模板 成员函数“void YingLong::DrawableBase<YingLong::BoxDrawable>::AddStaticIndexBuffer(std::unique_ptr<YingLong::IndexBuffer,std::default_delete<YingLong::IndexBuffer>>) noexcept”时
              E:\Projects\Ying-Long-Engine\Ying-Long Engine\CodeFile\Graphics\Drawable\Box.cpp(80,24):
              请参阅 "YingLong::BoxDrawable::BoxDrawable" 中对 "YingLong::DrawableBase<YingLong::BoxDrawable>::AddStaticIndexBuffer" 的第一个引用
  
E:\Projects\Ying-Long-Engine\Ying-Long Engine\CodeFile\Graphics\Drawable\DrawableBase.h(82,4): warning C4996: 'YingLong::Drawable::pIndexBuffer': Use DX12Drawable instead
  (编译源文件“CodeFile/Graphics/Drawable/Box.cpp”)
  
  WARNING: Bindable.h is deprecated. Use BindableDX12 instead.
E:\Projects\Ying-Long-Engine\Ying-Long Engine\CodeFile\Graphics\Bindable\Texture.h(25,25): warning C4996: 'YingLong::Bindable': Use BindableDX12 instead
  (编译源文件“CodeFile/Graphics/Drawable/Mesh.cpp”)
  
E:\Projects\Ying-Long-Engine\Ying-Long Engine\CodeFile\Graphics\Bindable\IndexBuffer.h(23,29): warning C4996: 'YingLong::Bindable': Use BindableDX12 instead
  (编译源文件“CodeFile/Graphics/Drawable/Mesh.cpp”)
  
  WARNING: Bindable.h is deprecated. Use BindableDX12 instead.
  WARNING: Drawable.h is deprecated. Use DX12Drawable instead.
E:\Projects\Ying-Long-Engine\Ying-Long Engine\CodeFile\Graphics\Bindable\VertexBuffer.h(65,13): warning C4996: 'YingLong::Graphics': Use DX12Renderer instead
  (编译源文件“CodeFile/Graphics/Drawable/Capsule.cpp”)
      E:\Projects\Ying-Long-Engine\Ying-Long Engine\CodeFile\Graphics\Bindable\VertexBuffer.h(65,13):
      模板实例化上下文(最早的实例化上下文)为
          E:\Projects\Ying-Long-Engine\Ying-Long Engine\CodeFile\Graphics\Drawable\Capsule.cpp(49,23):
          查看对正在编译的函数 模板 实例化“std::unique_ptr<YingLong::VertexBuffer,std::default_delete<YingLong::VertexBuffer>> std::make_unique<YingLong::VertexBuffer,YingLong::Graphics&,std::vector<T,std::allocator<T>>&,0>(YingLong::Graphics &,std::vector<T,std::allocator<T>> &)”的引用
          with
          [
              T=YingLong::CapsuleDrawable::{ctor}::Vertex
          ]
          C:\Program Files\Microsoft Visual Studio\2022\Community\VC\Tools\MSVC\14.44.35207\include\memory(3630,35):
          查看对正在编译的函数 模板 实例化“YingLong::VertexBuffer::VertexBuffer<T>(YingLong::Graphics &,const std::vector<T,std::allocator<T>> &)”的引用
          with
          [
              T=YingLong::CapsuleDrawable::{ctor}::Vertex
          ]
  
E:\Projects\Ying-Long-Engine\Ying-Long Engine\CodeFile\Graphics\Bindable\VertexBuffer.h(47,9): warning C4996: 'YingLong::Bindable::~Bindable': Use BindableDX12 instead
  (编译源文件“CodeFile/Graphics/Drawable/Capsule.cpp”)
  
E:\Projects\Ying-Long-Engine\Ying-Long Engine\CodeFile\Graphics\Bindable\VertexBuffer.h(65,13): warning C4996: 'YingLong::Bindable::GetDevice': Use BindableDX12 instead
  (编译源文件“CodeFile/Graphics/Drawable/Capsule.cpp”)
  
E:\Projects\Ying-Long-Engine\Ying-Long Engine\CodeFile\Graphics\Bindable\Texture.h(25,25): warning C4996: 'YingLong::Bindable': Use BindableDX12 instead
  (编译源文件“CodeFile/Graphics/Drawable/Model.cpp”)
  
E:\Projects\Ying-Long-Engine\Ying-Long Engine\CodeFile\Graphics\Drawable\Drawable.h(116,32): warning C4996: 'YingLong::Bindable': Use BindableDX12 instead
  (编译源文件“CodeFile/Graphics/Drawable/Mesh.cpp”)
  
E:\Projects\Ying-Long-Engine\Ying-Long Engine\CodeFile\Graphics\Drawable\Drawable.h(144,45): warning C4996: 'YingLong::Bindable': Use BindableDX12 instead
  (编译源文件“CodeFile/Graphics/Drawable/Mesh.cpp”)
  
E:\Projects\Ying-Long-Engine\Ying-Long Engine\CodeFile\Graphics\Drawable\Drawable.h(148,31): warning C4996: 'YingLong::Bindable': Use BindableDX12 instead
  (编译源文件“CodeFile/Graphics/Drawable/Mesh.cpp”)
  
E:\Projects\Ying-Long-Engine\Ying-Long Engine\CodeFile\Graphics\Drawable\DrawableBase.h(59,38): warning C4996: 'YingLong::Bindable': Use BindableDX12 instead
  (编译源文件“CodeFile/Graphics/Drawable/Mesh.cpp”)
      E:\Projects\Ying-Long-Engine\Ying-Long Engine\CodeFile\Graphics\Drawable\DrawableBase.h(59,38):
      模板实例化上下文(最早的实例化上下文)为
          E:\Projects\Ying-Long-Engine\Ying-Long Engine\CodeFile\Graphics\Drawable\DrawableBase.h(34,8):
          在编译类模板“YingLong::DrawableBase”时
  
E:\Projects\Ying-Long-Engine\Ying-Long Engine\CodeFile\Graphics\Drawable\DrawableBase.h(123,37): warning C4996: 'YingLong::Bindable': Use BindableDX12 instead
  (编译源文件“CodeFile/Graphics/Drawable/Mesh.cpp”)
  
E:\Projects\Ying-Long-Engine\Ying-Long Engine\CodeFile\Graphics\Drawable\DrawableBase.h(128,38): warning C4996: 'YingLong::Bindable': Use BindableDX12 instead
  (编译源文件“CodeFile/Graphics/Drawable/Mesh.cpp”)
  
E:\Projects\Ying-Long-Engine\Ying-Long Engine\CodeFile\Graphics\Drawable\DrawableBase.h(133,30): warning C4996: 'YingLong::Bindable': Use BindableDX12 instead
  (编译源文件“CodeFile/Graphics/Drawable/Mesh.cpp”)
  
E:\Projects\Ying-Long-Engine\Ying-Long Engine\CodeFile\Graphics\Bindable\InputLayout.h(24,29): warning C4996: 'YingLong::Bindable': Use BindableDX12 instead
  (编译源文件“CodeFile/Graphics/Drawable/Mesh.cpp”)
  
  WARNING: Graphics.h is deprecated. Use DX12Renderer instead.
E:\Projects\Ying-Long-Engine\Ying-Long Engine\CodeFile\Graphics\Bindable\IndexBuffer.h(23,29): warning C4996: 'YingLong::Bindable': Use BindableDX12 instead
  (编译源文件“CodeFile/Graphics/Drawable/Model.cpp”)
  
  WARNING: Drawable.h is deprecated. Use DX12Drawable instead.
  Surface.cpp
E:\Projects\Ying-Long-Engine\Ying-Long Engine\CodeFile\Graphics\Bindable\VertexBuffer.h(65,13): warning C4996: 'YingLong::Graphics': Use DX12Renderer instead
  (编译源文件“CodeFile/Graphics/Drawable/Box.cpp”)
      E:\Projects\Ying-Long-Engine\Ying-Long Engine\CodeFile\Graphics\Bindable\VertexBuffer.h(65,13):
      模板实例化上下文(最早的实例化上下文)为
          E:\Projects\Ying-Long-Engine\Ying-Long Engine\CodeFile\Graphics\Drawable\Box.cpp(60,23):
          查看对正在编译的函数 模板 实例化“std::unique_ptr<YingLong::VertexBuffer,std::default_delete<YingLong::VertexBuffer>> std::make_unique<YingLong::VertexBuffer,YingLong::Graphics&,std::vector<T,std::allocator<T>>&,0>(YingLong::Graphics &,std::vector<T,std::allocator<T>> &)”的引用
          with
          [
              T=YingLong::BoxDrawable::{ctor}::Vertex
          ]
          C:\Program Files\Microsoft Visual Studio\2022\Community\VC\Tools\MSVC\14.44.35207\include\memory(3630,35):
          查看对正在编译的函数 模板 实例化“YingLong::VertexBuffer::VertexBuffer<T>(YingLong::Graphics &,const std::vector<T,std::allocator<T>> &)”的引用
          with
          [
              T=YingLong::BoxDrawable::{ctor}::Vertex
          ]
  
E:\Projects\Ying-Long-Engine\Ying-Long Engine\CodeFile\Graphics\Bindable\VertexBuffer.h(47,9): warning C4996: 'YingLong::Bindable::~Bindable': Use BindableDX12 instead
  (编译源文件“CodeFile/Graphics/Drawable/Box.cpp”)
  
E:\Projects\Ying-Long-Engine\Ying-Long Engine\CodeFile\Graphics\Bindable\VertexBuffer.h(65,13): warning C4996: 'YingLong::Bindable::GetDevice': Use BindableDX12 instead
  (编译源文件“CodeFile/Graphics/Drawable/Box.cpp”)
  
E:\Projects\Ying-Long-Engine\Ying-Long Engine\CodeFile\Graphics\Drawable\Drawable.h(116,32): warning C4996: 'YingLong::Bindable': Use BindableDX12 instead
  (编译源文件“CodeFile/Graphics/Drawable/Model.cpp”)
  
E:\Projects\Ying-Long-Engine\Ying-Long Engine\CodeFile\Graphics\Drawable\Drawable.h(144,45): warning C4996: 'YingLong::Bindable': Use BindableDX12 instead
  (编译源文件“CodeFile/Graphics/Drawable/Model.cpp”)
  
C:\Program Files\Microsoft Visual Studio\2022\Community\VC\Tools\MSVC\14.44.35207\include\memory(3309,9): warning C4996: 'YingLong::Bindable::~Bindable': Use BindableDX12 instead
  (编译源文件“CodeFile/Graphics/Drawable/Capsule.cpp”)
      C:\Program Files\Microsoft Visual Studio\2022\Community\VC\Tools\MSVC\14.44.35207\include\memory(3309,9):
      模板实例化上下文(最早的实例化上下文)为
          E:\Projects\Ying-Long-Engine\Ying-Long Engine\CodeFile\Graphics\Drawable\DrawableBase.h(34,8):
          在编译类模板“YingLong::DrawableBase”时
          E:\Projects\Ying-Long-Engine\Ying-Long Engine\CodeFile\Graphics\Drawable\DrawableBase.h(63,4):
          查看对正在编译的 类 模板 实例化“std::unique_ptr<YingLong::Bindable,std::default_delete<YingLong::Bindable>>”的引用
          C:\Program Files\Microsoft Visual Studio\2022\Community\VC\Tools\MSVC\14.44.35207\include\memory(3352,92):
          查看对正在编译的 类 模板 实例化“std::default_delete<YingLong::Bindable>”的引用
          C:\Program Files\Microsoft Visual Studio\2022\Community\VC\Tools\MSVC\14.44.35207\include\memory(3307,23):
          在编译 类 模板 成员函数“void std::default_delete<YingLong::Bindable>::operator ()(_Ty *) noexcept const”时
          with
          [
              _Ty=YingLong::Bindable
          ]
              C:\Program Files\Microsoft Visual Studio\2022\Community\VC\Tools\MSVC\14.44.35207\include\memory(3427,33):
              请参阅 "std::unique_ptr<YingLong::Bindable,std::default_delete<YingLong::Bindable>>::~unique_ptr" 中对 "std::default_delete<YingLong::Bindable>::operator ()" 的第一个引用
              E:\Projects\Ying-Long-Engine\Ying-Long Engine\CodeFile\Graphics\Drawable\Capsule.cpp(49,17):
              请参阅 "YingLong::CapsuleDrawable::CapsuleDrawable" 中对 "std::unique_ptr<YingLong::Bindable,std::default_delete<YingLong::Bindable>>::~unique_ptr" 的第一个引用
  
E:\Projects\Ying-Long-Engine\Ying-Long Engine\CodeFile\Graphics\Drawable\Drawable.h(148,31): warning C4996: 'YingLong::Bindable': Use BindableDX12 instead
  (编译源文件“CodeFile/Graphics/Drawable/Model.cpp”)
  
E:\Projects\Ying-Long-Engine\Ying-Long Engine\CodeFile\Graphics\Drawable\DrawableBase.h(59,38): warning C4996: 'YingLong::Bindable': Use BindableDX12 instead
  (编译源文件“CodeFile/Graphics/Drawable/Model.cpp”)
      E:\Projects\Ying-Long-Engine\Ying-Long Engine\CodeFile\Graphics\Drawable\DrawableBase.h(59,38):
      模板实例化上下文(最早的实例化上下文)为
          E:\Projects\Ying-Long-Engine\Ying-Long Engine\CodeFile\Graphics\Drawable\DrawableBase.h(34,8):
          在编译类模板“YingLong::DrawableBase”时
  
E:\Projects\Ying-Long-Engine\Ying-Long Engine\CodeFile\Graphics\Drawable\DrawableBase.h(123,37): warning C4996: 'YingLong::Bindable': Use BindableDX12 instead
  (编译源文件“CodeFile/Graphics/Drawable/Model.cpp”)
  
E:\Projects\Ying-Long-Engine\Ying-Long Engine\CodeFile\Graphics\Drawable\DrawableBase.h(128,38): warning C4996: 'YingLong::Bindable': Use BindableDX12 instead
  (编译源文件“CodeFile/Graphics/Drawable/Model.cpp”)
  
E:\Projects\Ying-Long-Engine\Ying-Long Engine\CodeFile\Graphics\Drawable\DrawableBase.h(133,30): warning C4996: 'YingLong::Bindable': Use BindableDX12 instead
  (编译源文件“CodeFile/Graphics/Drawable/Model.cpp”)
  
E:\Projects\Ying-Long-Engine\Ying-Long Engine\CodeFile\Graphics\Bindable\InputLayout.h(24,29): warning C4996: 'YingLong::Bindable': Use BindableDX12 instead
  (编译源文件“CodeFile/Graphics/Drawable/Model.cpp”)
  
  WARNING: Graphics.h is deprecated. Use DX12Renderer instead.
C:\Program Files\Microsoft Visual Studio\2022\Community\VC\Tools\MSVC\14.44.35207\include\memory(3309,9): warning C4996: 'YingLong::Bindable::~Bindable': Use BindableDX12 instead
  (编译源文件“CodeFile/Graphics/Drawable/Box.cpp”)
      C:\Program Files\Microsoft Visual Studio\2022\Community\VC\Tools\MSVC\14.44.35207\include\memory(3309,9):
      模板实例化上下文(最早的实例化上下文)为
          E:\Projects\Ying-Long-Engine\Ying-Long Engine\CodeFile\Graphics\Drawable\DrawableBase.h(34,8):
          在编译类模板“YingLong::DrawableBase”时
          E:\Projects\Ying-Long-Engine\Ying-Long Engine\CodeFile\Graphics\Drawable\DrawableBase.h(63,4):
          查看对正在编译的 类 模板 实例化“std::unique_ptr<YingLong::Bindable,std::default_delete<YingLong::Bindable>>”的引用
          C:\Program Files\Microsoft Visual Studio\2022\Community\VC\Tools\MSVC\14.44.35207\include\memory(3352,92):
          查看对正在编译的 类 模板 实例化“std::default_delete<YingLong::Bindable>”的引用
          C:\Program Files\Microsoft Visual Studio\2022\Community\VC\Tools\MSVC\14.44.35207\include\memory(3307,23):
          在编译 类 模板 成员函数“void std::default_delete<YingLong::Bindable>::operator ()(_Ty *) noexcept const”时
          with
          [
              _Ty=YingLong::Bindable
          ]
              C:\Program Files\Microsoft Visual Studio\2022\Community\VC\Tools\MSVC\14.44.35207\include\memory(3427,33):
              请参阅 "std::unique_ptr<YingLong::Bindable,std::default_delete<YingLong::Bindable>>::~unique_ptr" 中对 "std::default_delete<YingLong::Bindable>::operator ()" 的第一个引用
              E:\Projects\Ying-Long-Engine\Ying-Long Engine\CodeFile\Graphics\Drawable\Box.cpp(60,17):
              请参阅 "YingLong::BoxDrawable::BoxDrawable" 中对 "std::unique_ptr<YingLong::Bindable,std::default_delete<YingLong::Bindable>>::~unique_ptr" 的第一个引用
  
  WARNING: Graphics.h is deprecated. Use DX12Renderer instead.
  WARNING: DepthStencil.h is deprecated. Use DepthStencilDX12 instead.
  WARNING: RenderTarget.h is deprecated. Use RenderTargetDX12 instead.
E:\Projects\Ying-Long-Engine\Ying-Long Engine\CodeFile\Graphics\Graphics.h(238,19): warning C4996: 'YingLong::RenderTarget': Use RenderTargetDX12 instead
  (编译源文件“CodeFile/Graphics/Drawable/SolidBoxDrawable.cpp”)
  
E:\Projects\Ying-Long-Engine\Ying-Long Engine\CodeFile\Graphics\Graphics.h(239,19): warning C4996: 'YingLong::RenderTarget': Use RenderTargetDX12 instead
  (编译源文件“CodeFile/Graphics/Drawable/SolidBoxDrawable.cpp”)
  
E:\Projects\Ying-Long-Engine\Ying-Long Engine\CodeFile\Graphics\Graphics.h(240,19): warning C4996: 'YingLong::DepthStencil': Use DepthStencilDX12 instead
  (编译源文件“CodeFile/Graphics/Drawable/SolidBoxDrawable.cpp”)
  
E:\Projects\Ying-Long-Engine\Ying-Long Engine\CodeFile\Graphics\Bindable\ConstantBuffers.h(49,15): warning C4996: 'YingLong::Graphics': Use DX12Renderer instead
  (编译源文件“CodeFile/Graphics/Drawable/SolidBoxDrawable.cpp”)
      E:\Projects\Ying-Long-Engine\Ying-Long Engine\CodeFile\Graphics\Bindable\ConstantBuffers.h(49,15):
      模板实例化上下文(最早的实例化上下文)为
          E:\Projects\Ying-Long-Engine\Ying-Long Engine\CodeFile\Graphics\Bindable\ConstantBuffers.h(26,9):
          在编译类模板“YingLong::ConstantBuffer”时
  
E:\Projects\Ying-Long-Engine\Ying-Long Engine\CodeFile\Graphics\Bindable\ConstantBuffers.h(82,18): warning C4996: 'YingLong::Graphics': Use DX12Renderer instead
  (编译源文件“CodeFile/Graphics/Drawable/SolidBoxDrawable.cpp”)
  
E:\Projects\Ying-Long-Engine\Ying-Long Engine\CodeFile\Graphics\Bindable\ConstantBuffers.h(116,18): warning C4996: 'YingLong::Graphics': Use DX12Renderer instead
  (编译源文件“CodeFile/Graphics/Drawable/SolidBoxDrawable.cpp”)
  
E:\Projects\Ying-Long-Engine\Ying-Long Engine\CodeFile\Graphics\Bindable\ConstantBuffers.h(164,13): warning C4996: 'YingLong::Graphics': Use DX12Renderer instead
  (编译源文件“CodeFile/Graphics/Drawable/SolidBoxDrawable.cpp”)
      E:\Projects\Ying-Long-Engine\Ying-Long Engine\CodeFile\Graphics\Bindable\ConstantBuffers.h(164,13):
      模板实例化上下文(最早的实例化上下文)为
          E:\Projects\Ying-Long-Engine\Ying-Long Engine\CodeFile\Graphics\Bindable\ConstantBuffers.h(149,8):
          在编译类模板“YingLong::VertexConstantBuffer”时
  
E:\Projects\Ying-Long-Engine\Ying-Long Engine\CodeFile\Graphics\Bindable\ConstantBuffers.h(194,13): warning C4996: 'YingLong::Graphics': Use DX12Renderer instead
  (编译源文件“CodeFile/Graphics/Drawable/SolidBoxDrawable.cpp”)
      E:\Projects\Ying-Long-Engine\Ying-Long Engine\CodeFile\Graphics\Bindable\ConstantBuffers.h(194,13):
      模板实例化上下文(最早的实例化上下文)为
          E:\Projects\Ying-Long-Engine\Ying-Long Engine\CodeFile\Graphics\Bindable\ConstantBuffers.h(180,8):
          在编译类模板“YingLong::PixelConstantBuffer”时
  
E:\Projects\Ying-Long-Engine\Ying-Long Engine\CodeFile\Graphics\Bindable\TransformConstantBuffer.h(30,41): warning C4996: 'YingLong::Bindable': Use BindableDX12 instead
  (编译源文件“CodeFile/Graphics/Drawable/SolidBoxDrawable.cpp”)
  
E:\Projects\Ying-Long-Engine\Ying-Long Engine\CodeFile\Graphics\Bindable\TransformConstantBuffer.h(42,27): warning C4996: 'YingLong::Graphics': Use DX12Renderer instead
  (编译源文件“CodeFile/Graphics/Drawable/SolidBoxDrawable.cpp”)
  
E:\Projects\Ying-Long-Engine\Ying-Long Engine\CodeFile\Graphics\Bindable\TransformConstantBuffer.h(42,53): warning C4996: 'YingLong::Drawable': Use DX12Drawable instead
  (编译源文件“CodeFile/Graphics/Drawable/SolidBoxDrawable.cpp”)
  
E:\Projects\Ying-Long-Engine\Ying-Long Engine\CodeFile\Graphics\Bindable\TransformConstantBuffer.h(54,13): warning C4996: 'YingLong::Graphics': Use DX12Renderer instead
  (编译源文件“CodeFile/Graphics/Drawable/SolidBoxDrawable.cpp”)
  
E:\Projects\Ying-Long-Engine\Ying-Long Engine\CodeFile\Graphics\Bindable\TransformConstantBuffer.h(70,9): warning C4996: 'YingLong::Drawable': Use DX12Drawable instead
  (编译源文件“CodeFile/Graphics/Drawable/SolidBoxDrawable.cpp”)
  
E:\Projects\Ying-Long-Engine\Ying-Long Engine\CodeFile\Graphics\Bindable\SolidColorConstantBuffer.h(40,42): warning C4996: 'YingLong::Bindable': Use BindableDX12 instead
  (编译源文件“CodeFile/Graphics/Drawable/SolidBoxDrawable.cpp”)
  
E:\Projects\Ying-Long-Engine\Ying-Long Engine\CodeFile\Graphics\Bindable\SolidColorConstantBuffer.h(51,28): warning C4996: 'YingLong::Graphics': Use DX12Renderer instead
  (编译源文件“CodeFile/Graphics/Drawable/SolidBoxDrawable.cpp”)
  
E:\Projects\Ying-Long-Engine\Ying-Long Engine\CodeFile\Graphics\Bindable\SolidColorConstantBuffer.h(60,13): warning C4996: 'YingLong::Graphics': Use DX12Renderer instead
  (编译源文件“CodeFile/Graphics/Drawable/SolidBoxDrawable.cpp”)
  
E:\Projects\Ying-Long-Engine\Ying-Long Engine\CodeFile\Graphics\Bindable\VertexShader.h(31,30): warning C4996: 'YingLong::Bindable': Use BindableDX12 instead
  (编译源文件“CodeFile/Graphics/Drawable/SolidBoxDrawable.cpp”)
  
E:\Projects\Ying-Long-Engine\Ying-Long Engine\CodeFile\Graphics\Bindable\VertexShader.h(47,16): warning C4996: 'YingLong::Graphics': Use DX12Renderer instead
  (编译源文件“CodeFile/Graphics/Drawable/SolidBoxDrawable.cpp”)
  
E:\Projects\Ying-Long-Engine\Ying-Long Engine\CodeFile\Graphics\Bindable\VertexShader.h(63,19): warning C4996: 'YingLong::Graphics': Use DX12Renderer instead
  (编译源文件“CodeFile/Graphics/Drawable/SolidBoxDrawable.cpp”)
  
E:\Projects\Ying-Long-Engine\Ying-Long Engine\CodeFile\Graphics\Bindable\VertexShader.h(72,13): warning C4996: 'YingLong::Graphics': Use DX12Renderer instead
  (编译源文件“CodeFile/Graphics/Drawable/SolidBoxDrawable.cpp”)
  
E:\Projects\Ying-Long-Engine\Ying-Long Engine\CodeFile\Graphics\Bindable\PixelShader.h(28,29): warning C4996: 'YingLong::Bindable': Use BindableDX12 instead
  (编译源文件“CodeFile/Graphics/Drawable/SolidBoxDrawable.cpp”)
  
E:\Projects\Ying-Long-Engine\Ying-Long Engine\CodeFile\Graphics\Bindable\PixelShader.h(44,15): warning C4996: 'YingLong::Graphics': Use DX12Renderer instead
  (编译源文件“CodeFile/Graphics/Drawable/SolidBoxDrawable.cpp”)
  
E:\Projects\Ying-Long-Engine\Ying-Long Engine\CodeFile\Graphics\Bindable\PixelShader.h(59,19): warning C4996: 'YingLong::Graphics': Use DX12Renderer instead
  (编译源文件“CodeFile/Graphics/Drawable/SolidBoxDrawable.cpp”)
  
E:\Projects\Ying-Long-Engine\Ying-Long Engine\CodeFile\Graphics\Bindable\PixelShader.h(68,13): warning C4996: 'YingLong::Graphics': Use DX12Renderer instead
  (编译源文件“CodeFile/Graphics/Drawable/SolidBoxDrawable.cpp”)
  
E:\Projects\Ying-Long-Engine\Ying-Long Engine\CodeFile\Graphics\Bindable\Topology.h(24,26): warning C4996: 'YingLong::Bindable': Use BindableDX12 instead
  (编译源文件“CodeFile/Graphics/Drawable/SolidBoxDrawable.cpp”)
  
E:\Projects\Ying-Long-Engine\Ying-Long Engine\CodeFile\Graphics\Bindable\Topology.h(35,12): warning C4996: 'YingLong::Graphics': Use DX12Renderer instead
  (编译源文件“CodeFile/Graphics/Drawable/SolidBoxDrawable.cpp”)
  
E:\Projects\Ying-Long-Engine\Ying-Long Engine\CodeFile\Graphics\Bindable\Topology.h(44,13): warning C4996: 'YingLong::Graphics': Use DX12Renderer instead
  (编译源文件“CodeFile/Graphics/Drawable/SolidBoxDrawable.cpp”)
  
E:\Projects\Ying-Long-Engine\Ying-Long Engine\CodeFile\Graphics\Bindable\VertexBuffer.h(29,33): warning C4996: 'YingLong::Bindable': Use BindableDX12 instead
  (编译源文件“CodeFile/Graphics/Drawable/SolidBoxDrawable.cpp”)
  
  WARNING: DepthStencil.h is deprecated. Use DepthStencilDX12 instead.
E:\Projects\Ying-Long-Engine\Ying-Long Engine\CodeFile\Graphics\Bindable\VertexBuffer.h(46,22): warning C4996: 'YingLong::Graphics': Use DX12Renderer instead
  (编译源文件“CodeFile/Graphics/Drawable/SolidBoxDrawable.cpp”)
  
  WARNING: RenderTarget.h is deprecated. Use RenderTargetDX12 instead.
E:\Projects\Ying-Long-Engine\Ying-Long Engine\CodeFile\Graphics\Bindable\VertexBuffer.h(76,19): warning C4996: 'YingLong::Graphics': Use DX12Renderer instead
  (编译源文件“CodeFile/Graphics/Drawable/SolidBoxDrawable.cpp”)
  
E:\Projects\Ying-Long-Engine\Ying-Long Engine\CodeFile\Graphics\Bindable\VertexBuffer.h(79,13): warning C4996: 'YingLong::Bindable::GetDevicContext': Use BindableDX12 instead
  (编译源文件“CodeFile/Graphics/Drawable/SolidBoxDrawable.cpp”)
  
E:\Projects\Ying-Long-Engine\Ying-Long Engine\CodeFile\Graphics\Drawable\SolidBoxDrawable.h(51,26): warning C4996: 'YingLong::Graphics': Use DX12Renderer instead
  (编译源文件“CodeFile/Graphics/Drawable/SolidBoxDrawable.cpp”)
  
  WARNING: DepthStencil.h is deprecated. Use DepthStencilDX12 instead.
  WARNING: RenderTarget.h is deprecated. Use RenderTargetDX12 instead.
E:\Projects\Ying-Long-Engine\Ying-Long Engine\CodeFile\Graphics\Graphics.h(238,19): warning C4996: 'YingLong::RenderTarget': Use RenderTargetDX12 instead
  (编译源文件“CodeFile/Graphics/Drawable/Mesh.cpp”)
  
E:\Projects\Ying-Long-Engine\Ying-Long Engine\CodeFile\Graphics\Bindable\Rasterizer.h(24,28): warning C4996: 'YingLong::Bindable': Use BindableDX12 instead
  (编译源文件“CodeFile/Graphics/Drawable/SolidBoxDrawable.cpp”)
  
E:\Projects\Ying-Long-Engine\Ying-Long Engine\CodeFile\Graphics\Bindable\Rasterizer.h(35,14): warning C4996: 'YingLong::Graphics': Use DX12Renderer instead
  (编译源文件“CodeFile/Graphics/Drawable/SolidBoxDrawable.cpp”)
  
E:\Projects\Ying-Long-Engine\Ying-Long Engine\CodeFile\Graphics\Bindable\Rasterizer.h(46,13): warning C4996: 'YingLong::Graphics': Use DX12Renderer instead
  (编译源文件“CodeFile/Graphics/Drawable/SolidBoxDrawable.cpp”)
  
E:\Projects\Ying-Long-Engine\Ying-Long Engine\CodeFile\Graphics\Graphics.h(239,19): warning C4996: 'YingLong::RenderTarget': Use RenderTargetDX12 instead
  (编译源文件“CodeFile/Graphics/Drawable/Mesh.cpp”)
  
E:\Projects\Ying-Long-Engine\Ying-Long Engine\CodeFile\Graphics\Graphics.h(240,19): warning C4996: 'YingLong::DepthStencil': Use DepthStencilDX12 instead
  (编译源文件“CodeFile/Graphics/Drawable/Mesh.cpp”)
  
E:\Projects\Ying-Long-Engine\Ying-Long Engine\CodeFile\Graphics\Bindable\ConstantBuffers.h(49,15): warning C4996: 'YingLong::Graphics': Use DX12Renderer instead
  (编译源文件“CodeFile/Graphics/Drawable/Mesh.cpp”)
      E:\Projects\Ying-Long-Engine\Ying-Long Engine\CodeFile\Graphics\Bindable\ConstantBuffers.h(49,15):
      模板实例化上下文(最早的实例化上下文)为
          E:\Projects\Ying-Long-Engine\Ying-Long Engine\CodeFile\Graphics\Bindable\ConstantBuffers.h(26,9):
          在编译类模板“YingLong::ConstantBuffer”时
  
E:\Projects\Ying-Long-Engine\Ying-Long Engine\CodeFile\Graphics\Bindable\ConstantBuffers.h(82,18): warning C4996: 'YingLong::Graphics': Use DX12Renderer instead
  (编译源文件“CodeFile/Graphics/Drawable/Mesh.cpp”)
  
E:\Projects\Ying-Long-Engine\Ying-Long Engine\CodeFile\Graphics\Bindable\ConstantBuffers.h(116,18): warning C4996: 'YingLong::Graphics': Use DX12Renderer instead
  (编译源文件“CodeFile/Graphics/Drawable/Mesh.cpp”)
  
E:\Projects\Ying-Long-Engine\Ying-Long Engine\CodeFile\Graphics\Graphics.h(238,19): warning C4996: 'YingLong::RenderTarget': Use RenderTargetDX12 instead
  (编译源文件“CodeFile/Graphics/Drawable/SolidCone.cpp”)
  
E:\Projects\Ying-Long-Engine\Ying-Long Engine\CodeFile\Graphics\Bindable\ConstantBuffers.h(164,13): warning C4996: 'YingLong::Graphics': Use DX12Renderer instead
  (编译源文件“CodeFile/Graphics/Drawable/Mesh.cpp”)
      E:\Projects\Ying-Long-Engine\Ying-Long Engine\CodeFile\Graphics\Bindable\ConstantBuffers.h(164,13):
      模板实例化上下文(最早的实例化上下文)为
          E:\Projects\Ying-Long-Engine\Ying-Long Engine\CodeFile\Graphics\Bindable\ConstantBuffers.h(149,8):
          在编译类模板“YingLong::VertexConstantBuffer”时
  
E:\Projects\Ying-Long-Engine\Ying-Long Engine\CodeFile\Graphics\Bindable\ConstantBuffers.h(194,13): warning C4996: 'YingLong::Graphics': Use DX12Renderer instead
  (编译源文件“CodeFile/Graphics/Drawable/Mesh.cpp”)
      E:\Projects\Ying-Long-Engine\Ying-Long Engine\CodeFile\Graphics\Bindable\ConstantBuffers.h(194,13):
      模板实例化上下文(最早的实例化上下文)为
          E:\Projects\Ying-Long-Engine\Ying-Long Engine\CodeFile\Graphics\Bindable\ConstantBuffers.h(180,8):
          在编译类模板“YingLong::PixelConstantBuffer”时
  
E:\Projects\Ying-Long-Engine\Ying-Long Engine\CodeFile\Graphics\Graphics.h(239,19): warning C4996: 'YingLong::RenderTarget': Use RenderTargetDX12 instead
  (编译源文件“CodeFile/Graphics/Drawable/SolidCone.cpp”)
  
E:\Projects\Ying-Long-Engine\Ying-Long Engine\CodeFile\Graphics\Graphics.h(240,19): warning C4996: 'YingLong::DepthStencil': Use DepthStencilDX12 instead
  (编译源文件“CodeFile/Graphics/Drawable/SolidCone.cpp”)
  
E:\Projects\Ying-Long-Engine\Ying-Long Engine\CodeFile\Graphics\Bindable\TransformConstantBuffer.h(30,41): warning C4996: 'YingLong::Bindable': Use BindableDX12 instead
  (编译源文件“CodeFile/Graphics/Drawable/Mesh.cpp”)
  
E:\Projects\Ying-Long-Engine\Ying-Long Engine\CodeFile\Graphics\Bindable\TransformConstantBuffer.h(42,27): warning C4996: 'YingLong::Graphics': Use DX12Renderer instead
  (编译源文件“CodeFile/Graphics/Drawable/Mesh.cpp”)
  
E:\Projects\Ying-Long-Engine\Ying-Long Engine\CodeFile\Graphics\Bindable\TransformConstantBuffer.h(42,53): warning C4996: 'YingLong::Drawable': Use DX12Drawable instead
  (编译源文件“CodeFile/Graphics/Drawable/Mesh.cpp”)
  
E:\Projects\Ying-Long-Engine\Ying-Long Engine\CodeFile\Graphics\Bindable\TransformConstantBuffer.h(54,13): warning C4996: 'YingLong::Graphics': Use DX12Renderer instead
  (编译源文件“CodeFile/Graphics/Drawable/Mesh.cpp”)
  
E:\Projects\Ying-Long-Engine\Ying-Long Engine\CodeFile\Graphics\Bindable\TransformConstantBuffer.h(70,9): warning C4996: 'YingLong::Drawable': Use DX12Drawable instead
  (编译源文件“CodeFile/Graphics/Drawable/Mesh.cpp”)
  
E:\Projects\Ying-Long-Engine\Ying-Long Engine\CodeFile\Graphics\Bindable\VertexShader.h(31,30): warning C4996: 'YingLong::Bindable': Use BindableDX12 instead
  (编译源文件“CodeFile/Graphics/Drawable/Mesh.cpp”)
  
E:\Projects\Ying-Long-Engine\Ying-Long Engine\CodeFile\Graphics\Bindable\VertexShader.h(47,16): warning C4996: 'YingLong::Graphics': Use DX12Renderer instead
  (编译源文件“CodeFile/Graphics/Drawable/Mesh.cpp”)
  
E:\Projects\Ying-Long-Engine\Ying-Long Engine\CodeFile\Graphics\Bindable\VertexShader.h(63,19): warning C4996: 'YingLong::Graphics': Use DX12Renderer instead
  (编译源文件“CodeFile/Graphics/Drawable/Mesh.cpp”)
  
E:\Projects\Ying-Long-Engine\Ying-Long Engine\CodeFile\Graphics\Bindable\VertexShader.h(72,13): warning C4996: 'YingLong::Graphics': Use DX12Renderer instead
  (编译源文件“CodeFile/Graphics/Drawable/Mesh.cpp”)
  
E:\Projects\Ying-Long-Engine\Ying-Long Engine\CodeFile\Graphics\Bindable\PixelShader.h(28,29): warning C4996: 'YingLong::Bindable': Use BindableDX12 instead
  (编译源文件“CodeFile/Graphics/Drawable/Mesh.cpp”)
  
E:\Projects\Ying-Long-Engine\Ying-Long Engine\CodeFile\Graphics\Bindable\PixelShader.h(44,15): warning C4996: 'YingLong::Graphics': Use DX12Renderer instead
  (编译源文件“CodeFile/Graphics/Drawable/Mesh.cpp”)
  
E:\Projects\Ying-Long-Engine\Ying-Long Engine\CodeFile\Graphics\Bindable\PixelShader.h(59,19): warning C4996: 'YingLong::Graphics': Use DX12Renderer instead
  (编译源文件“CodeFile/Graphics/Drawable/Mesh.cpp”)
  
E:\Projects\Ying-Long-Engine\Ying-Long Engine\CodeFile\Graphics\Bindable\PixelShader.h(68,13): warning C4996: 'YingLong::Graphics': Use DX12Renderer instead
  (编译源文件“CodeFile/Graphics/Drawable/Mesh.cpp”)
  
E:\Projects\Ying-Long-Engine\Ying-Long Engine\CodeFile\Graphics\Drawable\SolidBoxDrawable.cpp(11,40): warning C4996: 'YingLong::Graphics': Use DX12Renderer instead
E:\Projects\Ying-Long-Engine\Ying-Long Engine\CodeFile\Graphics\Bindable\Topology.h(24,26): warning C4996: 'YingLong::Bindable': Use BindableDX12 instead
  (编译源文件“CodeFile/Graphics/Drawable/Mesh.cpp”)
  
E:\Projects\Ying-Long-Engine\Ying-Long Engine\CodeFile\Graphics\Bindable\Topology.h(35,12): warning C4996: 'YingLong::Graphics': Use DX12Renderer instead
  (编译源文件“CodeFile/Graphics/Drawable/Mesh.cpp”)
  
E:\Projects\Ying-Long-Engine\Ying-Long Engine\CodeFile\Graphics\Bindable\Topology.h(44,13): warning C4996: 'YingLong::Graphics': Use DX12Renderer instead
  (编译源文件“CodeFile/Graphics/Drawable/Mesh.cpp”)
  
E:\Projects\Ying-Long-Engine\Ying-Long Engine\CodeFile\Graphics\Bindable\Sampler.h(23,25): warning C4996: 'YingLong::Bindable': Use BindableDX12 instead
  (编译源文件“CodeFile/Graphics/Drawable/Mesh.cpp”)
  
E:\Projects\Ying-Long-Engine\Ying-Long Engine\CodeFile\Graphics\Bindable\Sampler.h(38,11): warning C4996: 'YingLong::Graphics': Use DX12Renderer instead
  (编译源文件“CodeFile/Graphics/Drawable/Mesh.cpp”)
  
E:\Projects\Ying-Long-Engine\Ying-Long Engine\CodeFile\Graphics\Bindable\ConstantBuffers.h(49,15): warning C4996: 'YingLong::Graphics': Use DX12Renderer instead
  (编译源文件“CodeFile/Graphics/Drawable/SolidCone.cpp”)
      E:\Projects\Ying-Long-Engine\Ying-Long Engine\CodeFile\Graphics\Bindable\ConstantBuffers.h(49,15):
      模板实例化上下文(最早的实例化上下文)为
          E:\Projects\Ying-Long-Engine\Ying-Long Engine\CodeFile\Graphics\Bindable\ConstantBuffers.h(26,9):
          在编译类模板“YingLong::ConstantBuffer”时
  
E:\Projects\Ying-Long-Engine\Ying-Long Engine\CodeFile\Graphics\Bindable\Sampler.h(53,26): warning C4996: 'YingLong::Graphics': Use DX12Renderer instead
  (编译源文件“CodeFile/Graphics/Drawable/Mesh.cpp”)
  
E:\Projects\Ying-Long-Engine\Ying-Long Engine\CodeFile\Graphics\Bindable\ConstantBuffers.h(82,18): warning C4996: 'YingLong::Graphics': Use DX12Renderer instead
  (编译源文件“CodeFile/Graphics/Drawable/SolidCone.cpp”)
  
E:\Projects\Ying-Long-Engine\Ying-Long Engine\CodeFile\Graphics\Bindable\Sampler.h(62,13): warning C4996: 'YingLong::Graphics': Use DX12Renderer instead
  (编译源文件“CodeFile/Graphics/Drawable/Mesh.cpp”)
  
E:\Projects\Ying-Long-Engine\Ying-Long Engine\CodeFile\Graphics\Bindable\ConstantBuffers.h(116,18): warning C4996: 'YingLong::Graphics': Use DX12Renderer instead
  (编译源文件“CodeFile/Graphics/Drawable/SolidCone.cpp”)
  
E:\Projects\Ying-Long-Engine\Ying-Long Engine\CodeFile\Graphics\Bindable\ConstantBuffers.h(164,13): warning C4996: 'YingLong::Graphics': Use DX12Renderer instead
  (编译源文件“CodeFile/Graphics/Drawable/SolidCone.cpp”)
      E:\Projects\Ying-Long-Engine\Ying-Long Engine\CodeFile\Graphics\Bindable\ConstantBuffers.h(164,13):
      模板实例化上下文(最早的实例化上下文)为
          E:\Projects\Ying-Long-Engine\Ying-Long Engine\CodeFile\Graphics\Bindable\ConstantBuffers.h(149,8):
          在编译类模板“YingLong::VertexConstantBuffer”时
  
E:\Projects\Ying-Long-Engine\Ying-Long Engine\CodeFile\Graphics\Bindable\ConstantBuffers.h(194,13): warning C4996: 'YingLong::Graphics': Use DX12Renderer instead
  (编译源文件“CodeFile/Graphics/Drawable/SolidCone.cpp”)
      E:\Projects\Ying-Long-Engine\Ying-Long Engine\CodeFile\Graphics\Bindable\ConstantBuffers.h(194,13):
      模板实例化上下文(最早的实例化上下文)为
          E:\Projects\Ying-Long-Engine\Ying-Long Engine\CodeFile\Graphics\Bindable\ConstantBuffers.h(180,8):
          在编译类模板“YingLong::PixelConstantBuffer”时
  
E:\Projects\Ying-Long-Engine\Ying-Long Engine\CodeFile\Graphics\Bindable\TransformConstantBuffer.h(30,41): warning C4996: 'YingLong::Bindable': Use BindableDX12 instead
  (编译源文件“CodeFile/Graphics/Drawable/SolidCone.cpp”)
  
E:\Projects\Ying-Long-Engine\Ying-Long Engine\CodeFile\Graphics\Bindable\TransformConstantBuffer.h(42,27): warning C4996: 'YingLong::Graphics': Use DX12Renderer instead
  (编译源文件“CodeFile/Graphics/Drawable/SolidCone.cpp”)
  
E:\Projects\Ying-Long-Engine\Ying-Long Engine\CodeFile\Graphics\Bindable\TransformConstantBuffer.h(42,53): warning C4996: 'YingLong::Drawable': Use DX12Drawable instead
  (编译源文件“CodeFile/Graphics/Drawable/SolidCone.cpp”)
  
E:\Projects\Ying-Long-Engine\Ying-Long Engine\CodeFile\Graphics\Bindable\SolidColorConstantBuffer.h(40,42): warning C4996: 'YingLong::Bindable': Use BindableDX12 instead
  (编译源文件“CodeFile/Graphics/Drawable/Mesh.cpp”)
  
E:\Projects\Ying-Long-Engine\Ying-Long Engine\CodeFile\Graphics\Bindable\SolidColorConstantBuffer.h(51,28): warning C4996: 'YingLong::Graphics': Use DX12Renderer instead
  (编译源文件“CodeFile/Graphics/Drawable/Mesh.cpp”)
  
E:\Projects\Ying-Long-Engine\Ying-Long Engine\CodeFile\Graphics\Bindable\SolidColorConstantBuffer.h(60,13): warning C4996: 'YingLong::Graphics': Use DX12Renderer instead
  (编译源文件“CodeFile/Graphics/Drawable/Mesh.cpp”)
  
E:\Projects\Ying-Long-Engine\Ying-Long Engine\CodeFile\Graphics\Bindable\TransformConstantBuffer.h(54,13): warning C4996: 'YingLong::Graphics': Use DX12Renderer instead
  (编译源文件“CodeFile/Graphics/Drawable/SolidCone.cpp”)
  
E:\Projects\Ying-Long-Engine\Ying-Long Engine\CodeFile\Graphics\Bindable\TransformConstantBuffer.h(70,9): warning C4996: 'YingLong::Drawable': Use DX12Drawable instead
  (编译源文件“CodeFile/Graphics/Drawable/SolidCone.cpp”)
  
E:\Projects\Ying-Long-Engine\Ying-Long Engine\CodeFile\Graphics\Bindable\SolidColorConstantBuffer.h(40,42): warning C4996: 'YingLong::Bindable': Use BindableDX12 instead
  (编译源文件“CodeFile/Graphics/Drawable/SolidCone.cpp”)
  
E:\Projects\Ying-Long-Engine\Ying-Long Engine\CodeFile\Graphics\Bindable\SolidColorConstantBuffer.h(51,28): warning C4996: 'YingLong::Graphics': Use DX12Renderer instead
  (编译源文件“CodeFile/Graphics/Drawable/SolidCone.cpp”)
  
E:\Projects\Ying-Long-Engine\Ying-Long Engine\CodeFile\Graphics\Bindable\SolidColorConstantBuffer.h(60,13): warning C4996: 'YingLong::Graphics': Use DX12Renderer instead
  (编译源文件“CodeFile/Graphics/Drawable/SolidCone.cpp”)
  
E:\Projects\Ying-Long-Engine\Ying-Long Engine\CodeFile\Graphics\Bindable\VertexShader.h(31,30): warning C4996: 'YingLong::Bindable': Use BindableDX12 instead
  (编译源文件“CodeFile/Graphics/Drawable/SolidCone.cpp”)
  
E:\Projects\Ying-Long-Engine\Ying-Long Engine\CodeFile\Graphics\Bindable\VertexShader.h(47,16): warning C4996: 'YingLong::Graphics': Use DX12Renderer instead
  (编译源文件“CodeFile/Graphics/Drawable/SolidCone.cpp”)
  
E:\Projects\Ying-Long-Engine\Ying-Long Engine\CodeFile\Graphics\Bindable\VertexShader.h(63,19): warning C4996: 'YingLong::Graphics': Use DX12Renderer instead
  (编译源文件“CodeFile/Graphics/Drawable/SolidCone.cpp”)
  
E:\Projects\Ying-Long-Engine\Ying-Long Engine\CodeFile\Graphics\Bindable\VertexShader.h(72,13): warning C4996: 'YingLong::Graphics': Use DX12Renderer instead
  (编译源文件“CodeFile/Graphics/Drawable/SolidCone.cpp”)
  
E:\Projects\Ying-Long-Engine\Ying-Long Engine\CodeFile\Graphics\Bindable\PixelShader.h(28,29): warning C4996: 'YingLong::Bindable': Use BindableDX12 instead
  (编译源文件“CodeFile/Graphics/Drawable/SolidCone.cpp”)
  
E:\Projects\Ying-Long-Engine\Ying-Long Engine\CodeFile\Graphics\Bindable\PixelShader.h(44,15): warning C4996: 'YingLong::Graphics': Use DX12Renderer instead
  (编译源文件“CodeFile/Graphics/Drawable/SolidCone.cpp”)
  
E:\Projects\Ying-Long-Engine\Ying-Long Engine\CodeFile\Graphics\Bindable\PixelShader.h(59,19): warning C4996: 'YingLong::Graphics': Use DX12Renderer instead
  (编译源文件“CodeFile/Graphics/Drawable/SolidCone.cpp”)
  
E:\Projects\Ying-Long-Engine\Ying-Long Engine\CodeFile\Graphics\Bindable\PixelShader.h(68,13): warning C4996: 'YingLong::Graphics': Use DX12Renderer instead
  (编译源文件“CodeFile/Graphics/Drawable/SolidCone.cpp”)
  
E:\Projects\Ying-Long-Engine\Ying-Long Engine\CodeFile\Graphics\Bindable\VertexBuffer.h(29,33): warning C4996: 'YingLong::Bindable': Use BindableDX12 instead
  (编译源文件“CodeFile/Graphics/Drawable/Mesh.cpp”)
  
E:\Projects\Ying-Long-Engine\Ying-Long Engine\CodeFile\Graphics\Bindable\VertexBuffer.h(46,22): warning C4996: 'YingLong::Graphics': Use DX12Renderer instead
  (编译源文件“CodeFile/Graphics/Drawable/Mesh.cpp”)
  
E:\Projects\Ying-Long-Engine\Ying-Long Engine\CodeFile\Graphics\Bindable\VertexBuffer.h(76,19): warning C4996: 'YingLong::Graphics': Use DX12Renderer instead
  (编译源文件“CodeFile/Graphics/Drawable/Mesh.cpp”)
  
E:\Projects\Ying-Long-Engine\Ying-Long Engine\CodeFile\Graphics\Bindable\Topology.h(24,26): warning C4996: 'YingLong::Bindable': Use BindableDX12 instead
  (编译源文件“CodeFile/Graphics/Drawable/SolidCone.cpp”)
  
E:\Projects\Ying-Long-Engine\Ying-Long Engine\CodeFile\Graphics\Bindable\Topology.h(35,12): warning C4996: 'YingLong::Graphics': Use DX12Renderer instead
  (编译源文件“CodeFile/Graphics/Drawable/SolidCone.cpp”)
  
E:\Projects\Ying-Long-Engine\Ying-Long Engine\CodeFile\Graphics\Bindable\VertexBuffer.h(79,13): warning C4996: 'YingLong::Bindable::GetDevicContext': Use BindableDX12 instead
  (编译源文件“CodeFile/Graphics/Drawable/Mesh.cpp”)
  
E:\Projects\Ying-Long-Engine\Ying-Long Engine\CodeFile\Graphics\Bindable\Topology.h(44,13): warning C4996: 'YingLong::Graphics': Use DX12Renderer instead
  (编译源文件“CodeFile/Graphics/Drawable/SolidCone.cpp”)
  
C:\Program Files\Microsoft Visual Studio\2022\Community\VC\Tools\MSVC\14.44.35207\include\memory(3309,9): warning C4996: 'YingLong::Bindable::~Bindable': Use BindableDX12 instead
  (编译源文件“CodeFile/Graphics/Drawable/Drawable.cpp”)
      C:\Program Files\Microsoft Visual Studio\2022\Community\VC\Tools\MSVC\14.44.35207\include\memory(3309,9):
      模板实例化上下文(最早的实例化上下文)为
          E:\Projects\Ying-Long-Engine\Ying-Long Engine\CodeFile\Graphics\Drawable\Drawable.cpp(35,18):
          查看对正在编译的 类 模板 实例化“std::unique_ptr<YingLong::Bindable,std::default_delete<YingLong::Bindable>>”的引用
          C:\Program Files\Microsoft Visual Studio\2022\Community\VC\Tools\MSVC\14.44.35207\include\memory(3352,92):
          查看对正在编译的 类 模板 实例化“std::default_delete<YingLong::Bindable>”的引用
          C:\Program Files\Microsoft Visual Studio\2022\Community\VC\Tools\MSVC\14.44.35207\include\memory(3307,23):
          在编译 类 模板 成员函数“void std::default_delete<YingLong::Bindable>::operator ()(_Ty *) noexcept const”时
          with
          [
              _Ty=YingLong::Bindable
          ]
              C:\Program Files\Microsoft Visual Studio\2022\Community\VC\Tools\MSVC\14.44.35207\include\memory(3427,33):
              请参阅 "std::unique_ptr<YingLong::Bindable,std::default_delete<YingLong::Bindable>>::~unique_ptr" 中对 "std::default_delete<YingLong::Bindable>::operator ()" 的第一个引用
              E:\Projects\Ying-Long-Engine\Ying-Long Engine\CodeFile\Graphics\Drawable\Drawable.cpp(61,51):
              请参阅 "YingLong::Drawable::AddBind" 中对 "std::unique_ptr<YingLong::Bindable,std::default_delete<YingLong::Bindable>>::~unique_ptr" 的第一个引用
  
E:\Projects\Ying-Long-Engine\Ying-Long Engine\CodeFile\Graphics\Drawable\SolidSphere.h(49,23): warning C4996: 'YingLong::Graphics': Use DX12Renderer instead
  (编译源文件“CodeFile/Graphics/Drawable/Mesh.cpp”)
  
E:\Projects\Ying-Long-Engine\Ying-Long Engine\CodeFile\Graphics\Light\PointLight.h(90,14): warning C4996: 'YingLong::Graphics': Use DX12Renderer instead
  (编译源文件“CodeFile/Graphics/Drawable/Mesh.cpp”)
  
E:\Projects\Ying-Long-Engine\Ying-Long Engine\CodeFile\Graphics\Light\PointLight.h(102,13): warning C4996: 'YingLong::Graphics': Use DX12Renderer instead
  (编译源文件“CodeFile/Graphics/Drawable/Mesh.cpp”)
  
E:\Projects\Ying-Long-Engine\Ying-Long Engine\CodeFile\Graphics\Drawable\Mesh.h(92,19): warning C4996: 'YingLong::Graphics': Use DX12Renderer instead
  (编译源文件“CodeFile/Graphics/Drawable/Mesh.cpp”)
  
E:\Projects\Ying-Long-Engine\Ying-Long Engine\CodeFile\Graphics\Drawable\Mesh.h(106,13): warning C4996: 'YingLong::Graphics': Use DX12Renderer instead
  (编译源文件“CodeFile/Graphics/Drawable/Mesh.cpp”)
  
E:\Projects\Ying-Long-Engine\Ying-Long Engine\CodeFile\Graphics\Bindable\VertexBuffer.h(29,33): warning C4996: 'YingLong::Bindable': Use BindableDX12 instead
  (编译源文件“CodeFile/Graphics/Drawable/SolidCone.cpp”)
  
E:\Projects\Ying-Long-Engine\Ying-Long Engine\CodeFile\Graphics\Bindable\VertexBuffer.h(46,22): warning C4996: 'YingLong::Graphics': Use DX12Renderer instead
  (编译源文件“CodeFile/Graphics/Drawable/SolidCone.cpp”)
  
E:\Projects\Ying-Long-Engine\Ying-Long Engine\CodeFile\Graphics\Bindable\VertexBuffer.h(76,19): warning C4996: 'YingLong::Graphics': Use DX12Renderer instead
  (编译源文件“CodeFile/Graphics/Drawable/SolidCone.cpp”)
  
E:\Projects\Ying-Long-Engine\Ying-Long Engine\CodeFile\Graphics\Bindable\ConstantBuffers.h(32,3): warning C4996: 'YingLong::Bindable::~Bindable': Use BindableDX12 instead
  (编译源文件“CodeFile/Graphics/Drawable/Mesh.cpp”)
      E:\Projects\Ying-Long-Engine\Ying-Long Engine\CodeFile\Graphics\Bindable\ConstantBuffers.h(202,1):
      参见对函数 "YingLong::ConstantBuffer<C>::ConstantBuffer(void)" 的引用
          with
          [
              C=YingLong::MaterialCBufferData
          ]
  
E:\Projects\Ying-Long-Engine\Ying-Long Engine\CodeFile\Graphics\Bindable\VertexBuffer.h(79,13): warning C4996: 'YingLong::Bindable::GetDevicContext': Use BindableDX12 instead
  (编译源文件“CodeFile/Graphics/Drawable/SolidCone.cpp”)
  
E:\Projects\Ying-Long-Engine\Ying-Long Engine\CodeFile\Graphics\Drawable\SolidCone.h(55,21): warning C4996: 'YingLong::Graphics': Use DX12Renderer instead
  (编译源文件“CodeFile/Graphics/Drawable/SolidCone.cpp”)
  
E:\Projects\Ying-Long-Engine\Ying-Long Engine\CodeFile\Graphics\Drawable\Mesh.h(141,8): warning C4996: 'YingLong::Graphics': Use DX12Renderer instead
  (编译源文件“CodeFile/Graphics/Drawable/Mesh.cpp”)
  
E:\Projects\Ying-Long-Engine\Ying-Long Engine\CodeFile\Graphics\Bindable\Rasterizer.h(24,28): warning C4996: 'YingLong::Bindable': Use BindableDX12 instead
  (编译源文件“CodeFile/Graphics/Drawable/SolidCone.cpp”)
  
E:\Projects\Ying-Long-Engine\Ying-Long Engine\CodeFile\Graphics\Bindable\Rasterizer.h(35,14): warning C4996: 'YingLong::Graphics': Use DX12Renderer instead
  (编译源文件“CodeFile/Graphics/Drawable/SolidCone.cpp”)
  
E:\Projects\Ying-Long-Engine\Ying-Long Engine\CodeFile\Graphics\Bindable\Rasterizer.h(24,28): warning C4996: 'YingLong::Bindable': Use BindableDX12 instead
  (编译源文件“CodeFile/Graphics/Drawable/Mesh.cpp”)
  
E:\Projects\Ying-Long-Engine\Ying-Long Engine\CodeFile\Graphics\Bindable\Rasterizer.h(35,14): warning C4996: 'YingLong::Graphics': Use DX12Renderer instead
  (编译源文件“CodeFile/Graphics/Drawable/Mesh.cpp”)
  
E:\Projects\Ying-Long-Engine\Ying-Long Engine\CodeFile\Graphics\Bindable\Rasterizer.h(46,13): warning C4996: 'YingLong::Graphics': Use DX12Renderer instead
  (编译源文件“CodeFile/Graphics/Drawable/SolidCone.cpp”)
  
E:\Projects\Ying-Long-Engine\Ying-Long Engine\CodeFile\Graphics\Bindable\Rasterizer.h(46,13): warning C4996: 'YingLong::Graphics': Use DX12Renderer instead
  (编译源文件“CodeFile/Graphics/Drawable/Mesh.cpp”)
  
E:\Projects\Ying-Long-Engine\Ying-Long Engine\CodeFile\Graphics\Drawable\Mesh.cpp(18,13): warning C4996: 'YingLong::Graphics': Use DX12Renderer instead
E:\Projects\Ying-Long-Engine\Ying-Long Engine\CodeFile\Graphics\Drawable\SolidCone.cpp(47,39): warning C4996: 'YingLong::Graphics': Use DX12Renderer instead
E:\Projects\Ying-Long-Engine\Ying-Long Engine\CodeFile\Graphics\Drawable\SolidBoxDrawable.cpp(54,9): warning C4996: 'YingLong::Drawable::AddBind': Use DX12Drawable instead
E:\Projects\Ying-Long-Engine\Ying-Long Engine\CodeFile\Graphics\Drawable\SolidBoxDrawable.cpp(55,9): warning C4996: 'YingLong::Drawable::AddBind': Use DX12Drawable instead
E:\Projects\Ying-Long-Engine\Ying-Long Engine\CodeFile\Graphics\Drawable\SolidCone.cpp(119,3): warning C4996: 'YingLong::Drawable::AddBind': Use DX12Drawable instead
E:\Projects\Ying-Long-Engine\Ying-Long Engine\CodeFile\Graphics\Drawable\SolidCone.cpp(122,3): warning C4996: 'YingLong::Drawable::AddBind': Use DX12Drawable instead
E:\Projects\Ying-Long-Engine\Ying-Long Engine\CodeFile\Graphics\Drawable\Mesh.cpp(74,3): warning C4996: 'YingLong::Drawable::AddBind': Use DX12Drawable instead
E:\Projects\Ying-Long-Engine\Ying-Long Engine\CodeFile\Graphics\Drawable\Mesh.cpp(77,3): warning C4996: 'YingLong::Drawable::AddIndexBuffer': Use DX12Drawable instead
E:\Projects\Ying-Long-Engine\Ying-Long Engine\CodeFile\Graphics\Drawable\Mesh.cpp(83,4): warning C4996: 'YingLong::Drawable::AddBind': Use DX12Drawable instead
E:\Projects\Ying-Long-Engine\Ying-Long Engine\CodeFile\Graphics\Drawable\Mesh.cpp(89,4): warning C4996: 'YingLong::Drawable::AddBind': Use DX12Drawable instead
E:\Projects\Ying-Long-Engine\Ying-Long Engine\CodeFile\Graphics\Drawable\Mesh.cpp(95,4): warning C4996: 'YingLong::Drawable::AddBind': Use DX12Drawable instead
E:\Projects\Ying-Long-Engine\Ying-Long Engine\CodeFile\Graphics\Drawable\Mesh.cpp(101,4): warning C4996: 'YingLong::Drawable::AddBind': Use DX12Drawable instead
E:\Projects\Ying-Long-Engine\Ying-Long Engine\CodeFile\Graphics\Drawable\Mesh.cpp(105,3): warning C4996: 'YingLong::Drawable::AddBind': Use DX12Drawable instead
E:\Projects\Ying-Long-Engine\Ying-Long Engine\CodeFile\Graphics\Drawable\Mesh.cpp(108,3): warning C4996: 'YingLong::Drawable::AddBind': Use DX12Drawable instead
E:\Projects\Ying-Long-Engine\Ying-Long Engine\CodeFile\Graphics\Drawable\Mesh.cpp(136,29): warning C4996: 'YingLong::Graphics': Use DX12Renderer instead
  WARNING: DepthStencil.h is deprecated. Use DepthStencilDX12 instead.
  WARNING: RenderTarget.h is deprecated. Use RenderTargetDX12 instead.
E:\Projects\Ying-Long-Engine\Ying-Long Engine\CodeFile\Graphics\Graphics.h(238,19): warning C4996: 'YingLong::RenderTarget': Use RenderTargetDX12 instead
  (编译源文件“CodeFile/Graphics/Drawable/Model.cpp”)
  
E:\Projects\Ying-Long-Engine\Ying-Long Engine\CodeFile\Graphics\Graphics.h(239,19): warning C4996: 'YingLong::RenderTarget': Use RenderTargetDX12 instead
  (编译源文件“CodeFile/Graphics/Drawable/Model.cpp”)
  
E:\Projects\Ying-Long-Engine\Ying-Long Engine\CodeFile\Graphics\Graphics.h(240,19): warning C4996: 'YingLong::DepthStencil': Use DepthStencilDX12 instead
  (编译源文件“CodeFile/Graphics/Drawable/Model.cpp”)
  
E:\Projects\Ying-Long-Engine\Ying-Long Engine\CodeFile\Graphics\Bindable\ConstantBuffers.h(49,15): warning C4996: 'YingLong::Graphics': Use DX12Renderer instead
  (编译源文件“CodeFile/Graphics/Drawable/Model.cpp”)
      E:\Projects\Ying-Long-Engine\Ying-Long Engine\CodeFile\Graphics\Bindable\ConstantBuffers.h(49,15):
      模板实例化上下文(最早的实例化上下文)为
          E:\Projects\Ying-Long-Engine\Ying-Long Engine\CodeFile\Graphics\Bindable\ConstantBuffers.h(26,9):
          在编译类模板“YingLong::ConstantBuffer”时
  
E:\Projects\Ying-Long-Engine\Ying-Long Engine\CodeFile\Graphics\Bindable\ConstantBuffers.h(82,18): warning C4996: 'YingLong::Graphics': Use DX12Renderer instead
  (编译源文件“CodeFile/Graphics/Drawable/Model.cpp”)
  
E:\Projects\Ying-Long-Engine\Ying-Long Engine\CodeFile\Graphics\Bindable\ConstantBuffers.h(116,18): warning C4996: 'YingLong::Graphics': Use DX12Renderer instead
  (编译源文件“CodeFile/Graphics/Drawable/Model.cpp”)
  
E:\Projects\Ying-Long-Engine\Ying-Long Engine\CodeFile\Graphics\Bindable\ConstantBuffers.h(164,13): warning C4996: 'YingLong::Graphics': Use DX12Renderer instead
  (编译源文件“CodeFile/Graphics/Drawable/Model.cpp”)
      E:\Projects\Ying-Long-Engine\Ying-Long Engine\CodeFile\Graphics\Bindable\ConstantBuffers.h(164,13):
      模板实例化上下文(最早的实例化上下文)为
          E:\Projects\Ying-Long-Engine\Ying-Long Engine\CodeFile\Graphics\Bindable\ConstantBuffers.h(149,8):
          在编译类模板“YingLong::VertexConstantBuffer”时
  
E:\Projects\Ying-Long-Engine\Ying-Long Engine\CodeFile\Graphics\Bindable\ConstantBuffers.h(194,13): warning C4996: 'YingLong::Graphics': Use DX12Renderer instead
  (编译源文件“CodeFile/Graphics/Drawable/Model.cpp”)
      E:\Projects\Ying-Long-Engine\Ying-Long Engine\CodeFile\Graphics\Bindable\ConstantBuffers.h(194,13):
      模板实例化上下文(最早的实例化上下文)为
          E:\Projects\Ying-Long-Engine\Ying-Long Engine\CodeFile\Graphics\Bindable\ConstantBuffers.h(180,8):
          在编译类模板“YingLong::PixelConstantBuffer”时
  
E:\Projects\Ying-Long-Engine\Ying-Long Engine\CodeFile\Graphics\Bindable\TransformConstantBuffer.h(30,41): warning C4996: 'YingLong::Bindable': Use BindableDX12 instead
  (编译源文件“CodeFile/Graphics/Drawable/Model.cpp”)
  
E:\Projects\Ying-Long-Engine\Ying-Long Engine\CodeFile\Graphics\Bindable\TransformConstantBuffer.h(42,27): warning C4996: 'YingLong::Graphics': Use DX12Renderer instead
  (编译源文件“CodeFile/Graphics/Drawable/Model.cpp”)
  
E:\Projects\Ying-Long-Engine\Ying-Long Engine\CodeFile\Graphics\Bindable\TransformConstantBuffer.h(42,53): warning C4996: 'YingLong::Drawable': Use DX12Drawable instead
  (编译源文件“CodeFile/Graphics/Drawable/Model.cpp”)
  
E:\Projects\Ying-Long-Engine\Ying-Long Engine\CodeFile\Graphics\Bindable\TransformConstantBuffer.h(54,13): warning C4996: 'YingLong::Graphics': Use DX12Renderer instead
  (编译源文件“CodeFile/Graphics/Drawable/Model.cpp”)
  
E:\Projects\Ying-Long-Engine\Ying-Long Engine\CodeFile\Graphics\Bindable\TransformConstantBuffer.h(70,9): warning C4996: 'YingLong::Drawable': Use DX12Drawable instead
  (编译源文件“CodeFile/Graphics/Drawable/Model.cpp”)
  
E:\Projects\Ying-Long-Engine\Ying-Long Engine\CodeFile\Graphics\Bindable\VertexShader.h(31,30): warning C4996: 'YingLong::Bindable': Use BindableDX12 instead
  (编译源文件“CodeFile/Graphics/Drawable/Model.cpp”)
  
E:\Projects\Ying-Long-Engine\Ying-Long Engine\CodeFile\Graphics\Bindable\VertexShader.h(47,16): warning C4996: 'YingLong::Graphics': Use DX12Renderer instead
  (编译源文件“CodeFile/Graphics/Drawable/Model.cpp”)
  
E:\Projects\Ying-Long-Engine\Ying-Long Engine\CodeFile\Graphics\Bindable\VertexShader.h(63,19): warning C4996: 'YingLong::Graphics': Use DX12Renderer instead
  (编译源文件“CodeFile/Graphics/Drawable/Model.cpp”)
  
E:\Projects\Ying-Long-Engine\Ying-Long Engine\CodeFile\Graphics\Bindable\VertexShader.h(72,13): warning C4996: 'YingLong::Graphics': Use DX12Renderer instead
  (编译源文件“CodeFile/Graphics/Drawable/Model.cpp”)
  
E:\Projects\Ying-Long-Engine\Ying-Long Engine\CodeFile\Graphics\Bindable\PixelShader.h(28,29): warning C4996: 'YingLong::Bindable': Use BindableDX12 instead
  (编译源文件“CodeFile/Graphics/Drawable/Model.cpp”)
  
E:\Projects\Ying-Long-Engine\Ying-Long Engine\CodeFile\Graphics\Bindable\PixelShader.h(44,15): warning C4996: 'YingLong::Graphics': Use DX12Renderer instead
  (编译源文件“CodeFile/Graphics/Drawable/Model.cpp”)
  
E:\Projects\Ying-Long-Engine\Ying-Long Engine\CodeFile\Graphics\Bindable\PixelShader.h(59,19): warning C4996: 'YingLong::Graphics': Use DX12Renderer instead
  (编译源文件“CodeFile/Graphics/Drawable/Model.cpp”)
  
E:\Projects\Ying-Long-Engine\Ying-Long Engine\CodeFile\Graphics\Bindable\PixelShader.h(68,13): warning C4996: 'YingLong::Graphics': Use DX12Renderer instead
  (编译源文件“CodeFile/Graphics/Drawable/Model.cpp”)
  
E:\Projects\Ying-Long-Engine\Ying-Long Engine\CodeFile\Graphics\Bindable\Topology.h(24,26): warning C4996: 'YingLong::Bindable': Use BindableDX12 instead
  (编译源文件“CodeFile/Graphics/Drawable/Model.cpp”)
  
E:\Projects\Ying-Long-Engine\Ying-Long Engine\CodeFile\Graphics\Bindable\Topology.h(35,12): warning C4996: 'YingLong::Graphics': Use DX12Renderer instead
  (编译源文件“CodeFile/Graphics/Drawable/Model.cpp”)
  
E:\Projects\Ying-Long-Engine\Ying-Long Engine\CodeFile\Graphics\Bindable\Topology.h(44,13): warning C4996: 'YingLong::Graphics': Use DX12Renderer instead
  (编译源文件“CodeFile/Graphics/Drawable/Model.cpp”)
  
E:\Projects\Ying-Long-Engine\Ying-Long Engine\CodeFile\Graphics\Bindable\Sampler.h(23,25): warning C4996: 'YingLong::Bindable': Use BindableDX12 instead
  (编译源文件“CodeFile/Graphics/Drawable/Model.cpp”)
  
E:\Projects\Ying-Long-Engine\Ying-Long Engine\CodeFile\Graphics\Bindable\Sampler.h(38,11): warning C4996: 'YingLong::Graphics': Use DX12Renderer instead
  (编译源文件“CodeFile/Graphics/Drawable/Model.cpp”)
  
E:\Projects\Ying-Long-Engine\Ying-Long Engine\CodeFile\Graphics\Bindable\Sampler.h(53,26): warning C4996: 'YingLong::Graphics': Use DX12Renderer instead
  (编译源文件“CodeFile/Graphics/Drawable/Model.cpp”)
  
E:\Projects\Ying-Long-Engine\Ying-Long Engine\CodeFile\Graphics\Bindable\Sampler.h(62,13): warning C4996: 'YingLong::Graphics': Use DX12Renderer instead
  (编译源文件“CodeFile/Graphics/Drawable/Model.cpp”)
  
E:\Projects\Ying-Long-Engine\Ying-Long Engine\CodeFile\Graphics\Bindable\SolidColorConstantBuffer.h(40,42): warning C4996: 'YingLong::Bindable': Use BindableDX12 instead
  (编译源文件“CodeFile/Graphics/Drawable/Model.cpp”)
  
E:\Projects\Ying-Long-Engine\Ying-Long Engine\CodeFile\Graphics\Bindable\SolidColorConstantBuffer.h(51,28): warning C4996: 'YingLong::Graphics': Use DX12Renderer instead
  (编译源文件“CodeFile/Graphics/Drawable/Model.cpp”)
  
E:\Projects\Ying-Long-Engine\Ying-Long Engine\CodeFile\Graphics\Bindable\SolidColorConstantBuffer.h(60,13): warning C4996: 'YingLong::Graphics': Use DX12Renderer instead
  (编译源文件“CodeFile/Graphics/Drawable/Model.cpp”)
  
E:\Projects\Ying-Long-Engine\Ying-Long Engine\CodeFile\Graphics\Bindable\VertexBuffer.h(29,33): warning C4996: 'YingLong::Bindable': Use BindableDX12 instead
  (编译源文件“CodeFile/Graphics/Drawable/Model.cpp”)
  
E:\Projects\Ying-Long-Engine\Ying-Long Engine\CodeFile\Graphics\Bindable\VertexBuffer.h(46,22): warning C4996: 'YingLong::Graphics': Use DX12Renderer instead
  (编译源文件“CodeFile/Graphics/Drawable/Model.cpp”)
  
E:\Projects\Ying-Long-Engine\Ying-Long Engine\CodeFile\Graphics\Bindable\VertexBuffer.h(76,19): warning C4996: 'YingLong::Graphics': Use DX12Renderer instead
  (编译源文件“CodeFile/Graphics/Drawable/Model.cpp”)
  
E:\Projects\Ying-Long-Engine\Ying-Long Engine\CodeFile\Graphics\Bindable\VertexBuffer.h(79,13): warning C4996: 'YingLong::Bindable::GetDevicContext': Use BindableDX12 instead
  (编译源文件“CodeFile/Graphics/Drawable/Model.cpp”)
  
E:\Projects\Ying-Long-Engine\Ying-Long Engine\CodeFile\Graphics\Drawable\SolidSphere.h(49,23): warning C4996: 'YingLong::Graphics': Use DX12Renderer instead
  (编译源文件“CodeFile/Graphics/Drawable/Model.cpp”)
  
E:\Projects\Ying-Long-Engine\Ying-Long Engine\CodeFile\Graphics\Light\PointLight.h(90,14): warning C4996: 'YingLong::Graphics': Use DX12Renderer instead
  (编译源文件“CodeFile/Graphics/Drawable/Model.cpp”)
  
E:\Projects\Ying-Long-Engine\Ying-Long Engine\CodeFile\Graphics\Light\PointLight.h(102,13): warning C4996: 'YingLong::Graphics': Use DX12Renderer instead
  (编译源文件“CodeFile/Graphics/Drawable/Model.cpp”)
  
E:\Projects\Ying-Long-Engine\Ying-Long Engine\CodeFile\Graphics\Drawable\Mesh.h(92,19): warning C4996: 'YingLong::Graphics': Use DX12Renderer instead
  (编译源文件“CodeFile/Graphics/Drawable/Model.cpp”)
  
E:\Projects\Ying-Long-Engine\Ying-Long Engine\CodeFile\Graphics\Drawable\Mesh.h(106,13): warning C4996: 'YingLong::Graphics': Use DX12Renderer instead
  (编译源文件“CodeFile/Graphics/Drawable/Model.cpp”)
  
E:\Projects\Ying-Long-Engine\Ying-Long Engine\CodeFile\Graphics\Bindable\ConstantBuffers.h(32,3): warning C4996: 'YingLong::Bindable::~Bindable': Use BindableDX12 instead
  (编译源文件“CodeFile/Graphics/Drawable/Model.cpp”)
      E:\Projects\Ying-Long-Engine\Ying-Long Engine\CodeFile\Graphics\Bindable\ConstantBuffers.h(202,1):
      参见对函数 "YingLong::ConstantBuffer<C>::ConstantBuffer(void)" 的引用
          with
          [
              C=YingLong::MaterialCBufferData
          ]
  
E:\Projects\Ying-Long-Engine\Ying-Long Engine\CodeFile\Graphics\Drawable\Mesh.h(141,8): warning C4996: 'YingLong::Graphics': Use DX12Renderer instead
  (编译源文件“CodeFile/Graphics/Drawable/Model.cpp”)
  
E:\Projects\Ying-Long-Engine\Ying-Long Engine\CodeFile\Graphics\Drawable\Model.h(42,9): warning C4996: 'YingLong::Graphics': Use DX12Renderer instead
  (编译源文件“CodeFile/Graphics/Drawable/Model.cpp”)
  
E:\Projects\Ying-Long-Engine\Ying-Long Engine\CodeFile\Graphics\Drawable\Model.h(62,13): warning C4996: 'YingLong::Graphics': Use DX12Renderer instead
  (编译源文件“CodeFile/Graphics/Drawable/Model.cpp”)
  
E:\Projects\Ying-Long-Engine\Ying-Long Engine\CodeFile\Graphics\Drawable\Model.cpp(33,15): warning C4996: 'YingLong::Graphics': Use DX12Renderer instead
E:\Projects\Ying-Long-Engine\Ying-Long Engine\CodeFile\Graphics\Drawable\Model.cpp(113,19): warning C4996: 'YingLong::Graphics': Use DX12Renderer instead
E:\Projects\Ying-Long-Engine\Ying-Long Engine\CodeFile\Graphics\Drawable\Model.cpp(125,10): warning C4996: 'YingLong::Drawable::Draw': Use DX12Drawable instead
E:\Projects\Ying-Long-Engine\Ying-Long Engine\CodeFile\Graphics\Drawable\DrawableBase.h(104,6): warning C4996: 'YingLong::Drawable::pIndexBuffer': Use DX12Drawable instead
  (编译源文件“CodeFile/Graphics/Drawable/SolidBoxDrawable.cpp”)
      E:\Projects\Ying-Long-Engine\Ying-Long Engine\CodeFile\Graphics\Drawable\DrawableBase.h(104,6):
      模板实例化上下文(最早的实例化上下文)为
          E:\Projects\Ying-Long-Engine\Ying-Long Engine\CodeFile\Graphics\Drawable\SolidBoxDrawable.h(38,37):
          查看对正在编译的 类 模板 实例化“YingLong::DrawableBase<YingLong::SolidBoxDrawable>”的引用
          E:\Projects\Ying-Long-Engine\Ying-Long Engine\CodeFile\Graphics\Drawable\DrawableBase.h(96,8):
          在编译 类 模板 成员函数“void YingLong::DrawableBase<YingLong::SolidBoxDrawable>::FindIndexBufferFromStatic(void)”时
              E:\Projects\Ying-Long-Engine\Ying-Long Engine\CodeFile\Graphics\Drawable\SolidBoxDrawable.cpp(51,38):
              请参阅 "YingLong::SolidBoxDrawable::SolidBoxDrawable" 中对 "YingLong::DrawableBase<YingLong::SolidBoxDrawable>::FindIndexBufferFromStatic" 的第一个引用
  
E:\Projects\Ying-Long-Engine\Ying-Long Engine\CodeFile\Graphics\Drawable\DrawableBase.h(81,4): warning C4996: 'YingLong::Drawable::pIndexBuffer': Use DX12Drawable instead
  (编译源文件“CodeFile/Graphics/Drawable/SolidBoxDrawable.cpp”)
      E:\Projects\Ying-Long-Engine\Ying-Long Engine\CodeFile\Graphics\Drawable\DrawableBase.h(81,4):
      模板实例化上下文(最早的实例化上下文)为
          E:\Projects\Ying-Long-Engine\Ying-Long Engine\CodeFile\Graphics\Drawable\DrawableBase.h(77,8):
          在编译 类 模板 成员函数“void YingLong::DrawableBase<YingLong::SolidBoxDrawable>::AddStaticIndexBuffer(std::unique_ptr<YingLong::IndexBuffer,std::default_delete<YingLong::IndexBuffer>>) noexcept”时
              E:\Projects\Ying-Long-Engine\Ying-Long Engine\CodeFile\Graphics\Drawable\SolidBoxDrawable.cpp(27,33):
              请参阅 "YingLong::SolidBoxDrawable::SolidBoxDrawable" 中对 "YingLong::DrawableBase<YingLong::SolidBoxDrawable>::AddStaticIndexBuffer" 的第一个引用
  
E:\Projects\Ying-Long-Engine\Ying-Long Engine\CodeFile\Graphics\Drawable\DrawableBase.h(82,4): warning C4996: 'YingLong::Drawable::pIndexBuffer': Use DX12Drawable instead
  (编译源文件“CodeFile/Graphics/Drawable/SolidBoxDrawable.cpp”)
  
E:\Projects\Ying-Long-Engine\Ying-Long Engine\CodeFile\Graphics\Drawable\DrawableBase.h(104,6): warning C4996: 'YingLong::Drawable::pIndexBuffer': Use DX12Drawable instead
  (编译源文件“CodeFile/Graphics/Drawable/SolidCone.cpp”)
      E:\Projects\Ying-Long-Engine\Ying-Long Engine\CodeFile\Graphics\Drawable\DrawableBase.h(104,6):
      模板实例化上下文(最早的实例化上下文)为
          E:\Projects\Ying-Long-Engine\Ying-Long Engine\CodeFile\Graphics\Drawable\SolidCone.h(34,35):
          查看对正在编译的 类 模板 实例化“YingLong::DrawableBase<YingLong::SolidConeDrawable>”的引用
          E:\Projects\Ying-Long-Engine\Ying-Long Engine\CodeFile\Graphics\Drawable\DrawableBase.h(96,8):
          在编译 类 模板 成员函数“void YingLong::DrawableBase<YingLong::SolidConeDrawable>::FindIndexBufferFromStatic(void)”时
              E:\Projects\Ying-Long-Engine\Ying-Long Engine\CodeFile\Graphics\Drawable\SolidCone.cpp(29,28):
              请参阅 "YingLong::SolidConeDrawable::SolidConeDrawable" 中对 "YingLong::DrawableBase<YingLong::SolidConeDrawable>::FindIndexBufferFromStatic" 的第一个引用
  
E:\Projects\Ying-Long-Engine\Ying-Long Engine\CodeFile\Graphics\Drawable\DrawableBase.h(81,4): warning C4996: 'YingLong::Drawable::pIndexBuffer': Use DX12Drawable instead
  (编译源文件“CodeFile/Graphics/Drawable/SolidCone.cpp”)
      E:\Projects\Ying-Long-Engine\Ying-Long Engine\CodeFile\Graphics\Drawable\DrawableBase.h(81,4):
      模板实例化上下文(最早的实例化上下文)为
          E:\Projects\Ying-Long-Engine\Ying-Long Engine\CodeFile\Graphics\Drawable\DrawableBase.h(77,8):
          在编译 类 模板 成员函数“void YingLong::DrawableBase<YingLong::SolidConeDrawable>::AddStaticIndexBuffer(std::unique_ptr<YingLong::IndexBuffer,std::default_delete<YingLong::IndexBuffer>>) noexcept”时
              E:\Projects\Ying-Long-Engine\Ying-Long Engine\CodeFile\Graphics\Drawable\SolidCone.cpp(76,24):
              请参阅 "YingLong::SolidConeDrawable::SolidConeDrawable" 中对 "YingLong::DrawableBase<YingLong::SolidConeDrawable>::AddStaticIndexBuffer" 的第一个引用
  
E:\Projects\Ying-Long-Engine\Ying-Long Engine\CodeFile\Graphics\Drawable\DrawableBase.h(82,4): warning C4996: 'YingLong::Drawable::pIndexBuffer': Use DX12Drawable instead
  (编译源文件“CodeFile/Graphics/Drawable/SolidCone.cpp”)
  
E:\Projects\Ying-Long-Engine\Ying-Long Engine\CodeFile\Graphics\Drawable\DrawableBase.h(104,6): warning C4996: 'YingLong::Drawable::pIndexBuffer': Use DX12Drawable instead
  (编译源文件“CodeFile/Graphics/Drawable/Mesh.cpp”)
      E:\Projects\Ying-Long-Engine\Ying-Long Engine\CodeFile\Graphics\Drawable\DrawableBase.h(104,6):
      模板实例化上下文(最早的实例化上下文)为
          E:\Projects\Ying-Long-Engine\Ying-Long Engine\CodeFile\Graphics\Drawable\Mesh.h(124,22):
          查看对正在编译的 类 模板 实例化“YingLong::DrawableBase<YingLong::Mesh>”的引用
          E:\Projects\Ying-Long-Engine\Ying-Long Engine\CodeFile\Graphics\Drawable\DrawableBase.h(96,8):
          在编译 类 模板 成员函数“void YingLong::DrawableBase<YingLong::Mesh>::FindIndexBufferFromStatic(void)”时
              E:\Projects\Ying-Long-Engine\Ying-Long Engine\CodeFile\Graphics\Drawable\Mesh.cpp(69,29):
              请参阅 "YingLong::Mesh::Mesh" 中对 "YingLong::DrawableBase<YingLong::Mesh>::FindIndexBufferFromStatic" 的第一个引用
  
E:\Projects\Ying-Long-Engine\Ying-Long Engine\CodeFile\Graphics\Bindable\ConstantBuffers.h(130,4): warning C4996: 'YingLong::Graphics': Use DX12Renderer instead
  (编译源文件“CodeFile/Graphics/Drawable/Mesh.cpp”)
      E:\Projects\Ying-Long-Engine\Ying-Long Engine\CodeFile\Graphics\Bindable\ConstantBuffers.h(130,4):
      模板实例化上下文(最早的实例化上下文)为
          E:\Projects\Ying-Long-Engine\Ying-Long Engine\CodeFile\Graphics\Drawable\Mesh.h(75,33):
          查看对正在编译的 类 模板 实例化“YingLong::PixelConstantBuffer<YingLong::MaterialCBufferData>”的引用
          E:\Projects\Ying-Long-Engine\Ying-Long Engine\CodeFile\Graphics\Bindable\ConstantBuffers.h(180,37):
          查看对正在编译的 类 模板 实例化“YingLong::ConstantBuffer<C>”的引用
          with
          [
              C=YingLong::MaterialCBufferData
          ]
          E:\Projects\Ying-Long-Engine\Ying-Long Engine\CodeFile\Graphics\Bindable\ConstantBuffers.h(116,3):
          在编译 类 模板 成员函数“YingLong::ConstantBuffer<C>::ConstantBuffer(YingLong::Graphics &,UINT)”时
          with
          [
              C=YingLong::MaterialCBufferData
          ]
              E:\Projects\Ying-Long-Engine\Ying-Long Engine\CodeFile\Graphics\Bindable\ConstantBuffers.h(185,3):
              请参阅 "YingLong::PixelConstantBuffer<YingLong::MaterialCBufferData>::PixelConstantBuffer" 中对 "YingLong::ConstantBuffer<C>::ConstantBuffer" 的第一个引用
          with
          [
              C=YingLong::MaterialCBufferData
          ]
  
E:\Projects\Ying-Long-Engine\Ying-Long Engine\CodeFile\Graphics\Bindable\ConstantBuffers.h(117,3): warning C4996: 'YingLong::Bindable::~Bindable': Use BindableDX12 instead
  (编译源文件“CodeFile/Graphics/Drawable/Mesh.cpp”)
  
E:\Projects\Ying-Long-Engine\Ying-Long Engine\CodeFile\Graphics\Bindable\ConstantBuffers.h(130,4): warning C4996: 'YingLong::Bindable::GetDevice': Use BindableDX12 instead
  (编译源文件“CodeFile/Graphics/Drawable/Mesh.cpp”)
  
E:\Projects\Ying-Long-Engine\Ying-Long Engine\CodeFile\Graphics\Bindable\ConstantBuffers.h(59,4): warning C4996: 'YingLong::Graphics': Use DX12Renderer instead
  (编译源文件“CodeFile/Graphics/Drawable/Mesh.cpp”)
      E:\Projects\Ying-Long-Engine\Ying-Long Engine\CodeFile\Graphics\Bindable\ConstantBuffers.h(59,4):
      模板实例化上下文(最早的实例化上下文)为
          E:\Projects\Ying-Long-Engine\Ying-Long Engine\CodeFile\Graphics\Bindable\ConstantBuffers.h(49,8):
          在编译 类 模板 成员函数“void YingLong::ConstantBuffer<C>::Update(YingLong::Graphics &,const C &)”时
          with
          [
              C=YingLong::MaterialCBufferData
          ]
              E:\Projects\Ying-Long-Engine\Ying-Long Engine\CodeFile\Graphics\Drawable\Mesh.cpp(153,15):
              请参阅 "YingLong::MaterialCBuffer::Bind" 中对 "YingLong::ConstantBuffer<C>::Update" 的第一个引用
          with
          [
              C=YingLong::MaterialCBufferData
          ]
  
E:\Projects\Ying-Long-Engine\Ying-Long Engine\CodeFile\Graphics\Bindable\ConstantBuffers.h(59,4): warning C4996: 'YingLong::Bindable::GetDevicContext': Use BindableDX12 instead
  (编译源文件“CodeFile/Graphics/Drawable/Mesh.cpp”)
  
E:\Projects\Ying-Long-Engine\Ying-Long Engine\CodeFile\Graphics\Bindable\ConstantBuffers.h(70,4): warning C4996: 'YingLong::Bindable::GetDevicContext': Use BindableDX12 instead
  (编译源文件“CodeFile/Graphics/Drawable/Mesh.cpp”)
  
E:\Projects\Ying-Long-Engine\Ying-Long Engine\CodeFile\Graphics\Bindable\ConstantBuffers.h(196,14): warning C4996: 'YingLong::Bindable::GetDevicContext': Use BindableDX12 instead
  (编译源文件“CodeFile/Graphics/Drawable/Mesh.cpp”)
      E:\Projects\Ying-Long-Engine\Ying-Long Engine\CodeFile\Graphics\Bindable\ConstantBuffers.h(196,14):
      模板实例化上下文(最早的实例化上下文)为
          E:\Projects\Ying-Long-Engine\Ying-Long Engine\CodeFile\Graphics\Bindable\ConstantBuffers.h(194,8):
          在编译 类 模板 成员函数“void YingLong::PixelConstantBuffer<YingLong::MaterialCBufferData>::Bind(YingLong::Graphics &) noexcept”时
              E:\Projects\Ying-Long-Engine\Ying-Long Engine\CodeFile\Graphics\Drawable\Mesh.cpp(157,28):
              请参阅 "YingLong::MaterialCBuffer::Bind" 中对 "YingLong::PixelConstantBuffer<YingLong::MaterialCBufferData>::Bind" 的第一个引用
  
E:\Projects\Ying-Long-Engine\Ying-Long Engine\CodeFile\Graphics\Bindable\ConstantBuffers.h(130,4): warning C4996: 'YingLong::Graphics': Use DX12Renderer instead
  (编译源文件“CodeFile/Graphics/Drawable/Model.cpp”)
      E:\Projects\Ying-Long-Engine\Ying-Long Engine\CodeFile\Graphics\Bindable\ConstantBuffers.h(130,4):
      模板实例化上下文(最早的实例化上下文)为
          E:\Projects\Ying-Long-Engine\Ying-Long Engine\CodeFile\Graphics\Drawable\Mesh.h(75,33):
          查看对正在编译的 类 模板 实例化“YingLong::PixelConstantBuffer<YingLong::MaterialCBufferData>”的引用
          E:\Projects\Ying-Long-Engine\Ying-Long Engine\CodeFile\Graphics\Bindable\ConstantBuffers.h(180,37):
          查看对正在编译的 类 模板 实例化“YingLong::ConstantBuffer<C>”的引用
          with
          [
              C=YingLong::MaterialCBufferData
          ]
          E:\Projects\Ying-Long-Engine\Ying-Long Engine\CodeFile\Graphics\Bindable\ConstantBuffers.h(116,3):
          在编译 类 模板 成员函数“YingLong::ConstantBuffer<C>::ConstantBuffer(YingLong::Graphics &,UINT)”时
          with
          [
              C=YingLong::MaterialCBufferData
          ]
              E:\Projects\Ying-Long-Engine\Ying-Long Engine\CodeFile\Graphics\Bindable\ConstantBuffers.h(185,3):
              请参阅 "YingLong::PixelConstantBuffer<YingLong::MaterialCBufferData>::PixelConstantBuffer" 中对 "YingLong::ConstantBuffer<C>::ConstantBuffer" 的第一个引用
          with
          [
              C=YingLong::MaterialCBufferData
          ]
  
E:\Projects\Ying-Long-Engine\Ying-Long Engine\CodeFile\Graphics\Bindable\ConstantBuffers.h(117,3): warning C4996: 'YingLong::Bindable::~Bindable': Use BindableDX12 instead
  (编译源文件“CodeFile/Graphics/Drawable/Model.cpp”)
  
E:\Projects\Ying-Long-Engine\Ying-Long Engine\CodeFile\Graphics\Bindable\ConstantBuffers.h(130,4): warning C4996: 'YingLong::Bindable::GetDevice': Use BindableDX12 instead
  (编译源文件“CodeFile/Graphics/Drawable/Model.cpp”)
  
E:\Projects\Ying-Long-Engine\Ying-Long Engine\CodeFile\Graphics\Bindable\ConstantBuffers.h(196,14): warning C4996: 'YingLong::Bindable::GetDevicContext': Use BindableDX12 instead
  (编译源文件“CodeFile/Graphics/Drawable/Model.cpp”)
      E:\Projects\Ying-Long-Engine\Ying-Long Engine\CodeFile\Graphics\Bindable\ConstantBuffers.h(196,14):
      模板实例化上下文(最早的实例化上下文)为
          E:\Projects\Ying-Long-Engine\Ying-Long Engine\CodeFile\Graphics\Bindable\ConstantBuffers.h(194,8):
          在编译 类 模板 成员函数“void YingLong::PixelConstantBuffer<YingLong::MaterialCBufferData>::Bind(YingLong::Graphics &) noexcept”时
  
  Physics.cpp
  WARNING: Graphics.h is deprecated. Use DX12Renderer instead.
E:\Projects\Ying-Long-Engine\Ying-Long Engine\CodeFile\Graphics\Bindable\VertexBuffer.h(65,13): warning C4996: 'YingLong::Graphics': Use DX12Renderer instead
  (编译源文件“CodeFile/Graphics/Drawable/SolidBoxDrawable.cpp”)
      E:\Projects\Ying-Long-Engine\Ying-Long Engine\CodeFile\Graphics\Bindable\VertexBuffer.h(65,13):
      模板实例化上下文(最早的实例化上下文)为
          E:\Projects\Ying-Long-Engine\Ying-Long Engine\CodeFile\Graphics\Drawable\SolidBoxDrawable.cpp(26,32):
          查看对正在编译的函数 模板 实例化“std::unique_ptr<YingLong::VertexBuffer,std::default_delete<YingLong::VertexBuffer>> std::make_unique<YingLong::VertexBuffer,YingLong::Graphics&,std::vector<T,std::allocator<T>>&,0>(YingLong::Graphics &,std::vector<T,std::allocator<T>> &)”的引用
          with
          [
              T=YingLong::SolidBoxDrawable::{ctor}::Vertex
          ]
          C:\Program Files\Microsoft Visual Studio\2022\Community\VC\Tools\MSVC\14.44.35207\include\memory(3630,35):
          查看对正在编译的函数 模板 实例化“YingLong::VertexBuffer::VertexBuffer<T>(YingLong::Graphics &,const std::vector<T,std::allocator<T>> &)”的引用
          with
          [
              T=YingLong::SolidBoxDrawable::{ctor}::Vertex
          ]
  
E:\Projects\Ying-Long-Engine\Ying-Long Engine\CodeFile\Graphics\Bindable\VertexBuffer.h(47,9): warning C4996: 'YingLong::Bindable::~Bindable': Use BindableDX12 instead
  (编译源文件“CodeFile/Graphics/Drawable/SolidBoxDrawable.cpp”)
  
E:\Projects\Ying-Long-Engine\Ying-Long Engine\CodeFile\Graphics\Bindable\VertexBuffer.h(65,13): warning C4996: 'YingLong::Bindable::GetDevice': Use BindableDX12 instead
  (编译源文件“CodeFile/Graphics/Drawable/SolidBoxDrawable.cpp”)
  
E:\Projects\Ying-Long-Engine\Ying-Long Engine\CodeFile\Graphics\Bindable\VertexBuffer.h(65,13): warning C4996: 'YingLong::Graphics': Use DX12Renderer instead
  (编译源文件“CodeFile/Graphics/Drawable/SolidCone.cpp”)
      E:\Projects\Ying-Long-Engine\Ying-Long Engine\CodeFile\Graphics\Bindable\VertexBuffer.h(65,13):
      模板实例化上下文(最早的实例化上下文)为
          E:\Projects\Ying-Long-Engine\Ying-Long Engine\CodeFile\Graphics\Drawable\SolidCone.cpp(73,23):
          查看对正在编译的函数 模板 实例化“std::unique_ptr<YingLong::VertexBuffer,std::default_delete<YingLong::VertexBuffer>> std::make_unique<YingLong::VertexBuffer,YingLong::Graphics&,std::vector<T,std::allocator<T>>&,0>(YingLong::Graphics &,std::vector<T,std::allocator<T>> &)”的引用
          with
          [
              T=YingLong::SolidConeDrawable::{ctor}::Vertex
          ]
          C:\Program Files\Microsoft Visual Studio\2022\Community\VC\Tools\MSVC\14.44.35207\include\memory(3630,35):
          查看对正在编译的函数 模板 实例化“YingLong::VertexBuffer::VertexBuffer<T>(YingLong::Graphics &,const std::vector<T,std::allocator<T>> &)”的引用
          with
          [
              T=YingLong::SolidConeDrawable::{ctor}::Vertex
          ]
  
E:\Projects\Ying-Long-Engine\Ying-Long Engine\CodeFile\Graphics\Bindable\VertexBuffer.h(47,9): warning C4996: 'YingLong::Bindable::~Bindable': Use BindableDX12 instead
  (编译源文件“CodeFile/Graphics/Drawable/SolidCone.cpp”)
  
E:\Projects\Ying-Long-Engine\Ying-Long Engine\CodeFile\Graphics\Bindable\VertexBuffer.h(65,13): warning C4996: 'YingLong::Bindable::GetDevice': Use BindableDX12 instead
  (编译源文件“CodeFile/Graphics/Drawable/SolidCone.cpp”)
  
  WARNING: DepthStencil.h is deprecated. Use DepthStencilDX12 instead.
  WARNING: RenderTarget.h is deprecated. Use RenderTargetDX12 instead.
E:\Projects\Ying-Long-Engine\Ying-Long Engine\CodeFile\Graphics\Graphics.h(238,19): warning C4996: 'YingLong::RenderTarget': Use RenderTargetDX12 instead
  (编译源文件“CodeFile/Graphics/Drawable/SolidSphere.cpp”)
  
E:\Projects\Ying-Long-Engine\Ying-Long Engine\CodeFile\Graphics\Graphics.h(239,19): warning C4996: 'YingLong::RenderTarget': Use RenderTargetDX12 instead
  (编译源文件“CodeFile/Graphics/Drawable/SolidSphere.cpp”)
  
E:\Projects\Ying-Long-Engine\Ying-Long Engine\CodeFile\Graphics\Graphics.h(240,19): warning C4996: 'YingLong::DepthStencil': Use DepthStencilDX12 instead
  (编译源文件“CodeFile/Graphics/Drawable/SolidSphere.cpp”)
  
E:\Projects\Ying-Long-Engine\Ying-Long Engine\CodeFile\Graphics\Bindable\ConstantBuffers.h(49,15): warning C4996: 'YingLong::Graphics': Use DX12Renderer instead
  (编译源文件“CodeFile/Graphics/Drawable/SolidSphere.cpp”)
      E:\Projects\Ying-Long-Engine\Ying-Long Engine\CodeFile\Graphics\Bindable\ConstantBuffers.h(49,15):
      模板实例化上下文(最早的实例化上下文)为
          E:\Projects\Ying-Long-Engine\Ying-Long Engine\CodeFile\Graphics\Bindable\ConstantBuffers.h(26,9):
          在编译类模板“YingLong::ConstantBuffer”时
  
E:\Projects\Ying-Long-Engine\Ying-Long Engine\CodeFile\Graphics\Bindable\ConstantBuffers.h(82,18): warning C4996: 'YingLong::Graphics': Use DX12Renderer instead
  (编译源文件“CodeFile/Graphics/Drawable/SolidSphere.cpp”)
  
E:\Projects\Ying-Long-Engine\Ying-Long Engine\CodeFile\Graphics\Bindable\ConstantBuffers.h(116,18): warning C4996: 'YingLong::Graphics': Use DX12Renderer instead
  (编译源文件“CodeFile/Graphics/Drawable/SolidSphere.cpp”)
  
E:\Projects\Ying-Long-Engine\Ying-Long Engine\CodeFile\Graphics\Bindable\ConstantBuffers.h(164,13): warning C4996: 'YingLong::Graphics': Use DX12Renderer instead
  (编译源文件“CodeFile/Graphics/Drawable/SolidSphere.cpp”)
      E:\Projects\Ying-Long-Engine\Ying-Long Engine\CodeFile\Graphics\Bindable\ConstantBuffers.h(164,13):
      模板实例化上下文(最早的实例化上下文)为
          E:\Projects\Ying-Long-Engine\Ying-Long Engine\CodeFile\Graphics\Bindable\ConstantBuffers.h(149,8):
          在编译类模板“YingLong::VertexConstantBuffer”时
  
E:\Projects\Ying-Long-Engine\Ying-Long Engine\CodeFile\Graphics\Bindable\ConstantBuffers.h(194,13): warning C4996: 'YingLong::Graphics': Use DX12Renderer instead
  (编译源文件“CodeFile/Graphics/Drawable/SolidSphere.cpp”)
      E:\Projects\Ying-Long-Engine\Ying-Long Engine\CodeFile\Graphics\Bindable\ConstantBuffers.h(194,13):
      模板实例化上下文(最早的实例化上下文)为
          E:\Projects\Ying-Long-Engine\Ying-Long Engine\CodeFile\Graphics\Bindable\ConstantBuffers.h(180,8):
          在编译类模板“YingLong::PixelConstantBuffer”时
  
E:\Projects\Ying-Long-Engine\Ying-Long Engine\CodeFile\Graphics\Bindable\TransformConstantBuffer.h(30,41): warning C4996: 'YingLong::Bindable': Use BindableDX12 instead
  (编译源文件“CodeFile/Graphics/Drawable/SolidSphere.cpp”)
  
E:\Projects\Ying-Long-Engine\Ying-Long Engine\CodeFile\Graphics\Bindable\TransformConstantBuffer.h(42,27): warning C4996: 'YingLong::Graphics': Use DX12Renderer instead
  (编译源文件“CodeFile/Graphics/Drawable/SolidSphere.cpp”)
  
E:\Projects\Ying-Long-Engine\Ying-Long Engine\CodeFile\Graphics\Bindable\TransformConstantBuffer.h(42,53): warning C4996: 'YingLong::Drawable': Use DX12Drawable instead
  (编译源文件“CodeFile/Graphics/Drawable/SolidSphere.cpp”)
  
E:\Projects\Ying-Long-Engine\Ying-Long Engine\CodeFile\Graphics\Bindable\TransformConstantBuffer.h(54,13): warning C4996: 'YingLong::Graphics': Use DX12Renderer instead
  (编译源文件“CodeFile/Graphics/Drawable/SolidSphere.cpp”)
  
E:\Projects\Ying-Long-Engine\Ying-Long Engine\CodeFile\Graphics\Bindable\TransformConstantBuffer.h(70,9): warning C4996: 'YingLong::Drawable': Use DX12Drawable instead
  (编译源文件“CodeFile/Graphics/Drawable/SolidSphere.cpp”)
  
E:\Projects\Ying-Long-Engine\Ying-Long Engine\CodeFile\Graphics\Bindable\SolidColorConstantBuffer.h(40,42): warning C4996: 'YingLong::Bindable': Use BindableDX12 instead
  (编译源文件“CodeFile/Graphics/Drawable/SolidSphere.cpp”)
  
E:\Projects\Ying-Long-Engine\Ying-Long Engine\CodeFile\Graphics\Bindable\SolidColorConstantBuffer.h(51,28): warning C4996: 'YingLong::Graphics': Use DX12Renderer instead
  (编译源文件“CodeFile/Graphics/Drawable/SolidSphere.cpp”)
  
E:\Projects\Ying-Long-Engine\Ying-Long Engine\CodeFile\Graphics\Bindable\SolidColorConstantBuffer.h(60,13): warning C4996: 'YingLong::Graphics': Use DX12Renderer instead
  (编译源文件“CodeFile/Graphics/Drawable/SolidSphere.cpp”)
  
  PhysicsCapsule.cpp
E:\Projects\Ying-Long-Engine\Ying-Long Engine\CodeFile\Graphics\Bindable\VertexShader.h(31,30): warning C4996: 'YingLong::Bindable': Use BindableDX12 instead
  (编译源文件“CodeFile/Graphics/Drawable/SolidSphere.cpp”)
  
E:\Projects\Ying-Long-Engine\Ying-Long Engine\CodeFile\Graphics\Bindable\VertexShader.h(47,16): warning C4996: 'YingLong::Graphics': Use DX12Renderer instead
  (编译源文件“CodeFile/Graphics/Drawable/SolidSphere.cpp”)
  
E:\Projects\Ying-Long-Engine\Ying-Long Engine\CodeFile\Graphics\Bindable\VertexShader.h(63,19): warning C4996: 'YingLong::Graphics': Use DX12Renderer instead
  (编译源文件“CodeFile/Graphics/Drawable/SolidSphere.cpp”)
  
E:\Projects\Ying-Long-Engine\Ying-Long Engine\CodeFile\Graphics\Bindable\VertexShader.h(72,13): warning C4996: 'YingLong::Graphics': Use DX12Renderer instead
  (编译源文件“CodeFile/Graphics/Drawable/SolidSphere.cpp”)
  
E:\Projects\Ying-Long-Engine\Ying-Long Engine\CodeFile\Graphics\Bindable\PixelShader.h(28,29): warning C4996: 'YingLong::Bindable': Use BindableDX12 instead
  (编译源文件“CodeFile/Graphics/Drawable/SolidSphere.cpp”)
  
E:\Projects\Ying-Long-Engine\Ying-Long Engine\CodeFile\Graphics\Bindable\PixelShader.h(44,15): warning C4996: 'YingLong::Graphics': Use DX12Renderer instead
  (编译源文件“CodeFile/Graphics/Drawable/SolidSphere.cpp”)
  
E:\Projects\Ying-Long-Engine\Ying-Long Engine\CodeFile\Graphics\Bindable\PixelShader.h(59,19): warning C4996: 'YingLong::Graphics': Use DX12Renderer instead
  (编译源文件“CodeFile/Graphics/Drawable/SolidSphere.cpp”)
  
E:\Projects\Ying-Long-Engine\Ying-Long Engine\CodeFile\Graphics\Bindable\PixelShader.h(68,13): warning C4996: 'YingLong::Graphics': Use DX12Renderer instead
  (编译源文件“CodeFile/Graphics/Drawable/SolidSphere.cpp”)
  
E:\Projects\Ying-Long-Engine\Ying-Long Engine\CodeFile\Graphics\Bindable\Topology.h(24,26): warning C4996: 'YingLong::Bindable': Use BindableDX12 instead
  (编译源文件“CodeFile/Graphics/Drawable/SolidSphere.cpp”)
  
E:\Projects\Ying-Long-Engine\Ying-Long Engine\CodeFile\Graphics\Bindable\Topology.h(35,12): warning C4996: 'YingLong::Graphics': Use DX12Renderer instead
  (编译源文件“CodeFile/Graphics/Drawable/SolidSphere.cpp”)
  
E:\Projects\Ying-Long-Engine\Ying-Long Engine\CodeFile\Graphics\Bindable\Topology.h(44,13): warning C4996: 'YingLong::Graphics': Use DX12Renderer instead
  (编译源文件“CodeFile/Graphics/Drawable/SolidSphere.cpp”)
  
  PhysicsScene.cpp
E:\Projects\Ying-Long-Engine\Ying-Long Engine\CodeFile\Graphics\Bindable\VertexBuffer.h(65,13): warning C4996: 'YingLong::Graphics': Use DX12Renderer instead
  (编译源文件“CodeFile/Graphics/Drawable/Mesh.cpp”)
      E:\Projects\Ying-Long-Engine\Ying-Long Engine\CodeFile\Graphics\Bindable\VertexBuffer.h(65,13):
      模板实例化上下文(最早的实例化上下文)为
          E:\Projects\Ying-Long-Engine\Ying-Long Engine\CodeFile\Graphics\Drawable\Mesh.cpp(74,16):
          查看对正在编译的函数 模板 实例化“std::unique_ptr<YingLong::VertexBuffer,std::default_delete<YingLong::VertexBuffer>> std::make_unique<YingLong::VertexBuffer,YingLong::Graphics&,const std::vector<YingLong::MeshVertex,std::allocator<YingLong::MeshVertex>>&,0>(YingLong::Graphics &,const std::vector<YingLong::MeshVertex,std::allocator<YingLong::MeshVertex>> &)”的引用
          C:\Program Files\Microsoft Visual Studio\2022\Community\VC\Tools\MSVC\14.44.35207\include\memory(3630,35):
          查看对正在编译的函数 模板 实例化“YingLong::VertexBuffer::VertexBuffer<YingLong::MeshVertex>(YingLong::Graphics &,const std::vector<YingLong::MeshVertex,std::allocator<YingLong::MeshVertex>> &)”的引用
  
E:\Projects\Ying-Long-Engine\Ying-Long Engine\CodeFile\Graphics\Bindable\VertexBuffer.h(47,9): warning C4996: 'YingLong::Bindable::~Bindable': Use BindableDX12 instead
  (编译源文件“CodeFile/Graphics/Drawable/Mesh.cpp”)
  
E:\Projects\Ying-Long-Engine\Ying-Long Engine\CodeFile\Graphics\Bindable\VertexBuffer.h(65,13): warning C4996: 'YingLong::Bindable::GetDevice': Use BindableDX12 instead
  (编译源文件“CodeFile/Graphics/Drawable/Mesh.cpp”)
  
  WARNING: Graphics.h is deprecated. Use DX12Renderer instead.
C:\Program Files\Microsoft Visual Studio\2022\Community\VC\Tools\MSVC\14.44.35207\include\memory(3309,9): warning C4996: 'YingLong::Bindable::~Bindable': Use BindableDX12 instead
  (编译源文件“CodeFile/Graphics/Drawable/SolidCone.cpp”)
      C:\Program Files\Microsoft Visual Studio\2022\Community\VC\Tools\MSVC\14.44.35207\include\memory(3309,9):
      模板实例化上下文(最早的实例化上下文)为
          E:\Projects\Ying-Long-Engine\Ying-Long Engine\CodeFile\Graphics\Drawable\DrawableBase.h(34,8):
          在编译类模板“YingLong::DrawableBase”时
          E:\Projects\Ying-Long-Engine\Ying-Long Engine\CodeFile\Graphics\Drawable\DrawableBase.h(63,4):
          查看对正在编译的 类 模板 实例化“std::unique_ptr<YingLong::Bindable,std::default_delete<YingLong::Bindable>>”的引用
          C:\Program Files\Microsoft Visual Studio\2022\Community\VC\Tools\MSVC\14.44.35207\include\memory(3352,92):
          查看对正在编译的 类 模板 实例化“std::default_delete<YingLong::Bindable>”的引用
          C:\Program Files\Microsoft Visual Studio\2022\Community\VC\Tools\MSVC\14.44.35207\include\memory(3307,23):
          在编译 类 模板 成员函数“void std::default_delete<YingLong::Bindable>::operator ()(_Ty *) noexcept const”时
          with
          [
              _Ty=YingLong::Bindable
          ]
              C:\Program Files\Microsoft Visual Studio\2022\Community\VC\Tools\MSVC\14.44.35207\include\memory(3427,33):
              请参阅 "std::unique_ptr<YingLong::Bindable,std::default_delete<YingLong::Bindable>>::~unique_ptr" 中对 "std::default_delete<YingLong::Bindable>::operator ()" 的第一个引用
              E:\Projects\Ying-Long-Engine\Ying-Long Engine\CodeFile\Graphics\Drawable\SolidCone.cpp(73,17):
              请参阅 "YingLong::SolidConeDrawable::SolidConeDrawable" 中对 "std::unique_ptr<YingLong::Bindable,std::default_delete<YingLong::Bindable>>::~unique_ptr" 的第一个引用
  
  WARNING: DepthStencil.h is deprecated. Use DepthStencilDX12 instead.
  WARNING: RenderTarget.h is deprecated. Use RenderTargetDX12 instead.
C:\Program Files\Microsoft Visual Studio\2022\Community\VC\Tools\MSVC\14.44.35207\include\memory(3309,9): warning C4996: 'YingLong::Bindable::~Bindable': Use BindableDX12 instead
  (编译源文件“CodeFile/Graphics/Drawable/SolidBoxDrawable.cpp”)
      C:\Program Files\Microsoft Visual Studio\2022\Community\VC\Tools\MSVC\14.44.35207\include\memory(3309,9):
      模板实例化上下文(最早的实例化上下文)为
          E:\Projects\Ying-Long-Engine\Ying-Long Engine\CodeFile\Graphics\Drawable\DrawableBase.h(34,8):
          在编译类模板“YingLong::DrawableBase”时
          E:\Projects\Ying-Long-Engine\Ying-Long Engine\CodeFile\Graphics\Drawable\DrawableBase.h(63,4):
          查看对正在编译的 类 模板 实例化“std::unique_ptr<YingLong::Bindable,std::default_delete<YingLong::Bindable>>”的引用
          C:\Program Files\Microsoft Visual Studio\2022\Community\VC\Tools\MSVC\14.44.35207\include\memory(3352,92):
          查看对正在编译的 类 模板 实例化“std::default_delete<YingLong::Bindable>”的引用
          C:\Program Files\Microsoft Visual Studio\2022\Community\VC\Tools\MSVC\14.44.35207\include\memory(3307,23):
          在编译 类 模板 成员函数“void std::default_delete<YingLong::Bindable>::operator ()(_Ty *) noexcept const”时
          with
          [
              _Ty=YingLong::Bindable
          ]
              C:\Program Files\Microsoft Visual Studio\2022\Community\VC\Tools\MSVC\14.44.35207\include\memory(3427,33):
              请参阅 "std::unique_ptr<YingLong::Bindable,std::default_delete<YingLong::Bindable>>::~unique_ptr" 中对 "std::default_delete<YingLong::Bindable>::operator ()" 的第一个引用
              E:\Projects\Ying-Long-Engine\Ying-Long Engine\CodeFile\Graphics\Drawable\SolidBoxDrawable.cpp(26,26):
              请参阅 "YingLong::SolidBoxDrawable::SolidBoxDrawable" 中对 "std::unique_ptr<YingLong::Bindable,std::default_delete<YingLong::Bindable>>::~unique_ptr" 的第一个引用
  
E:\Projects\Ying-Long-Engine\Ying-Long Engine\CodeFile\Graphics\Bindable\Texture.h(25,25): warning C4996: 'YingLong::Bindable': Use BindableDX12 instead
  (编译源文件“CodeFile/Graphics/Drawable/SolidSphere.cpp”)
  
E:\Projects\Ying-Long-Engine\Ying-Long Engine\CodeFile\Graphics\Bindable\Texture.h(42,11): warning C4996: 'YingLong::Graphics': Use DX12Renderer instead
  (编译源文件“CodeFile/Graphics/Drawable/SolidSphere.cpp”)
  
E:\Projects\Ying-Long-Engine\Ying-Long Engine\CodeFile\Graphics\Bindable\Texture.h(59,19): warning C4996: 'YingLong::Graphics': Use DX12Renderer instead
  (编译源文件“CodeFile/Graphics/Drawable/SolidSphere.cpp”)
  
E:\Projects\Ying-Long-Engine\Ying-Long Engine\CodeFile\Graphics\Bindable\Texture.h(68,13): warning C4996: 'YingLong::Graphics': Use DX12Renderer instead
  (编译源文件“CodeFile/Graphics/Drawable/SolidSphere.cpp”)
  
E:\Projects\Ying-Long-Engine\Ying-Long Engine\CodeFile\Graphics\Bindable\VertexBuffer.h(29,33): warning C4996: 'YingLong::Bindable': Use BindableDX12 instead
  (编译源文件“CodeFile/Graphics/Drawable/SolidSphere.cpp”)
  
E:\Projects\Ying-Long-Engine\Ying-Long Engine\CodeFile\Graphics\Bindable\VertexBuffer.h(46,22): warning C4996: 'YingLong::Graphics': Use DX12Renderer instead
  (编译源文件“CodeFile/Graphics/Drawable/SolidSphere.cpp”)
  
E:\Projects\Ying-Long-Engine\Ying-Long Engine\CodeFile\Graphics\Bindable\VertexBuffer.h(76,19): warning C4996: 'YingLong::Graphics': Use DX12Renderer instead
  (编译源文件“CodeFile/Graphics/Drawable/SolidSphere.cpp”)
  
E:\Projects\Ying-Long-Engine\Ying-Long Engine\CodeFile\Graphics\Bindable\VertexBuffer.h(79,13): warning C4996: 'YingLong::Bindable::GetDevicContext': Use BindableDX12 instead
  (编译源文件“CodeFile/Graphics/Drawable/SolidSphere.cpp”)
  
E:\Projects\Ying-Long-Engine\Ying-Long Engine\CodeFile\Graphics\Drawable\SolidSphere.h(49,23): warning C4996: 'YingLong::Graphics': Use DX12Renderer instead
  (编译源文件“CodeFile/Graphics/Drawable/SolidSphere.cpp”)
  
E:\Projects\Ying-Long-Engine\Ying-Long Engine\CodeFile\Graphics\Bindable\Rasterizer.h(24,28): warning C4996: 'YingLong::Bindable': Use BindableDX12 instead
  (编译源文件“CodeFile/Graphics/Drawable/SolidSphere.cpp”)
  
E:\Projects\Ying-Long-Engine\Ying-Long Engine\CodeFile\Graphics\Bindable\Rasterizer.h(35,14): warning C4996: 'YingLong::Graphics': Use DX12Renderer instead
  (编译源文件“CodeFile/Graphics/Drawable/SolidSphere.cpp”)
  
E:\Projects\Ying-Long-Engine\Ying-Long Engine\CodeFile\Graphics\Bindable\Rasterizer.h(46,13): warning C4996: 'YingLong::Graphics': Use DX12Renderer instead
  (编译源文件“CodeFile/Graphics/Drawable/SolidSphere.cpp”)
  
E:\Projects\Ying-Long-Engine\Ying-Long Engine\CodeFile\Graphics\Drawable\SolidSphere.cpp(33,43): warning C4996: 'YingLong::Graphics': Use DX12Renderer instead
E:\Projects\Ying-Long-Engine\Ying-Long Engine\CodeFile\Graphics\Graphics.h(238,19): warning C4996: 'YingLong::RenderTarget': Use RenderTargetDX12 instead
  (编译源文件“CodeFile/Graphics/Graphics.cpp”)
  
E:\Projects\Ying-Long-Engine\Ying-Long Engine\CodeFile\Graphics\Graphics.h(239,19): warning C4996: 'YingLong::RenderTarget': Use RenderTargetDX12 instead
  (编译源文件“CodeFile/Graphics/Graphics.cpp”)
  
E:\Projects\Ying-Long-Engine\Ying-Long Engine\CodeFile\Graphics\Graphics.h(240,19): warning C4996: 'YingLong::DepthStencil': Use DepthStencilDX12 instead
  (编译源文件“CodeFile/Graphics/Graphics.cpp”)
  
E:\Projects\Ying-Long-Engine\Ying-Long Engine\CodeFile\Graphics\Graphics.cpp(53,46): warning C4996: 'YingLong::DepthStencil': Use DepthStencilDX12 instead
E:\Projects\Ying-Long-Engine\Ying-Long Engine\CodeFile\Graphics\Graphics.cpp(55,46): warning C4996: 'YingLong::RenderTarget': Use RenderTargetDX12 instead
E:\Projects\Ying-Long-Engine\Ying-Long Engine\CodeFile\Graphics\Graphics.cpp(59,44): warning C4996: 'YingLong::RenderTarget': Use RenderTargetDX12 instead
E:\Projects\Ying-Long-Engine\Ying-Long Engine\CodeFile\Graphics\Graphics.cpp(54,28): warning C4996: 'YingLong::DepthStencil::InitializeDepthStencil': Use DepthStencilDX12 instead
E:\Projects\Ying-Long-Engine\Ying-Long Engine\CodeFile\Graphics\Graphics.cpp(56,28): warning C4996: 'YingLong::RenderTarget::InitializeRenderTarget': Use RenderTargetDX12 instead
E:\Projects\Ying-Long-Engine\Ying-Long Engine\CodeFile\Graphics\Graphics.cpp(60,26): warning C4996: 'YingLong::RenderTarget::InitializeRenderTarget': Use RenderTargetDX12 instead
E:\Projects\Ying-Long-Engine\Ying-Long Engine\CodeFile\Graphics\Graphics.cpp(104,54): warning C4996: 'YingLong::RenderTarget::GetRenderTargetView': Use RenderTargetDX12 instead
E:\Projects\Ying-Long-Engine\Ying-Long Engine\CodeFile\Graphics\Graphics.cpp(108,27): warning C4996: 'YingLong::RenderTarget::GetRenderTargetView': Use RenderTargetDX12 instead
E:\Projects\Ying-Long-Engine\Ying-Long Engine\CodeFile\Graphics\Graphics.cpp(114,27): warning C4996: 'YingLong::RenderTarget::InitializeRenderTarget': Use RenderTargetDX12 instead
E:\Projects\Ying-Long-Engine\Ying-Long Engine\CodeFile\Graphics\Graphics.cpp(123,32): warning C4996: 'YingLong::RenderTarget::GetRenderTargetView': Use RenderTargetDX12 instead
E:\Projects\Ying-Long-Engine\Ying-Long Engine\CodeFile\Graphics\Graphics.cpp(127,29): warning C4996: 'YingLong::RenderTarget::GetRenderTargetView': Use RenderTargetDX12 instead
E:\Projects\Ying-Long-Engine\Ying-Long Engine\CodeFile\Graphics\Graphics.cpp(128,29): warning C4996: 'YingLong::RenderTarget::GetRenderTargetResource': Use RenderTargetDX12 instead
E:\Projects\Ying-Long-Engine\Ying-Long Engine\CodeFile\Graphics\Graphics.cpp(130,29): warning C4996: 'YingLong::RenderTarget::InitializeRenderTarget': Use RenderTargetDX12 instead
E:\Projects\Ying-Long-Engine\Ying-Long Engine\CodeFile\Graphics\Graphics.cpp(135,29): warning C4996: 'YingLong::DepthStencil::GetDepthStencilView': Use DepthStencilDX12 instead
E:\Projects\Ying-Long-Engine\Ying-Long Engine\CodeFile\Graphics\Graphics.cpp(136,29): warning C4996: 'YingLong::DepthStencil::GetDepthStencilState': Use DepthStencilDX12 instead
E:\Projects\Ying-Long-Engine\Ying-Long Engine\CodeFile\Graphics\Graphics.cpp(138,29): warning C4996: 'YingLong::DepthStencil::InitializeDepthStencil': Use DepthStencilDX12 instead
E:\Projects\Ying-Long-Engine\Ying-Long Engine\CodeFile\Graphics\Graphics.cpp(148,26): warning C4996: 'YingLong::RenderTarget::BindRenderTarget': Use RenderTargetDX12 instead
E:\Projects\Ying-Long-Engine\Ying-Long Engine\CodeFile\Graphics\Graphics.cpp(175,54): warning C4244: “参数”: 从“float”转换到“ImGuiColorEditFlags”，可能丢失数据
E:\Projects\Ying-Long-Engine\Ying-Long Engine\CodeFile\Graphics\Graphics.cpp(191,28): warning C4996: 'YingLong::RenderTarget::BindRenderTarget': Use RenderTargetDX12 instead
E:\Projects\Ying-Long-Engine\Ying-Long Engine\CodeFile\Graphics\Graphics.cpp(192,28): warning C4996: 'YingLong::DepthStencil::BindDepthStencil': Use DepthStencilDX12 instead
E:\Projects\Ying-Long-Engine\Ying-Long Engine\CodeFile\Graphics\Graphics.cpp(239,18): warning C4996: 'YingLong::Graphics': Use DX12Renderer instead
C:\Program Files\Microsoft Visual Studio\2022\Community\VC\Tools\MSVC\14.44.35207\include\memory(3309,9): warning C4996: 'YingLong::Bindable::~Bindable': Use BindableDX12 instead
  (编译源文件“CodeFile/Graphics/Drawable/Mesh.cpp”)
      C:\Program Files\Microsoft Visual Studio\2022\Community\VC\Tools\MSVC\14.44.35207\include\memory(3309,9):
      模板实例化上下文(最早的实例化上下文)为
          E:\Projects\Ying-Long-Engine\Ying-Long Engine\CodeFile\Graphics\Drawable\DrawableBase.h(34,8):
          在编译类模板“YingLong::DrawableBase”时
          E:\Projects\Ying-Long-Engine\Ying-Long Engine\CodeFile\Graphics\Drawable\DrawableBase.h(63,4):
          查看对正在编译的 类 模板 实例化“std::unique_ptr<YingLong::Bindable,std::default_delete<YingLong::Bindable>>”的引用
          C:\Program Files\Microsoft Visual Studio\2022\Community\VC\Tools\MSVC\14.44.35207\include\memory(3352,92):
          查看对正在编译的 类 模板 实例化“std::default_delete<YingLong::Bindable>”的引用
          C:\Program Files\Microsoft Visual Studio\2022\Community\VC\Tools\MSVC\14.44.35207\include\memory(3307,23):
          在编译 类 模板 成员函数“void std::default_delete<YingLong::Bindable>::operator ()(_Ty *) noexcept const”时
          with
          [
              _Ty=YingLong::Bindable
          ]
              C:\Program Files\Microsoft Visual Studio\2022\Community\VC\Tools\MSVC\14.44.35207\include\memory(3427,33):
              请参阅 "std::unique_ptr<YingLong::Bindable,std::default_delete<YingLong::Bindable>>::~unique_ptr" 中对 "std::default_delete<YingLong::Bindable>::operator ()" 的第一个引用
              E:\Projects\Ying-Long-Engine\Ying-Long Engine\CodeFile\Graphics\Drawable\Mesh.cpp(35,17):
              请参阅 "YingLong::Mesh::Mesh" 中对 "std::unique_ptr<YingLong::Bindable,std::default_delete<YingLong::Bindable>>::~unique_ptr" 的第一个引用
  
E:\Projects\Ying-Long-Engine\Ying-Long Engine\CodeFile\Graphics\Drawable\SolidSphere.cpp(106,3): warning C4996: 'YingLong::Drawable::AddBind': Use DX12Drawable instead
E:\Projects\Ying-Long-Engine\Ying-Long Engine\CodeFile\Graphics\Drawable\SolidSphere.cpp(109,3): warning C4996: 'YingLong::Drawable::AddBind': Use DX12Drawable instead
E:\Projects\Ying-Long-Engine\Ying-Long Engine\CodeFile\Graphics\Graphics.cpp(301,14): warning C4996: 'YingLong::Graphics': Use DX12Renderer instead
E:\Projects\Ying-Long-Engine\Ying-Long Engine\CodeFile\Graphics\Graphics.cpp(313,14): warning C4996: 'YingLong::Graphics': Use DX12Renderer instead
E:\Projects\Ying-Long-Engine\Ying-Long Engine\CodeFile\Graphics\Graphics.cpp(344,14): warning C4996: 'YingLong::Graphics': Use DX12Renderer instead
  WARNING: DepthStencil.h is deprecated. Use DepthStencilDX12 instead.
  WARNING: RenderTarget.h is deprecated. Use RenderTargetDX12 instead.
E:\Projects\Ying-Long-Engine\Ying-Long Engine\CodeFile\Graphics\Graphics.h(238,19): warning C4996: 'YingLong::RenderTarget': Use RenderTargetDX12 instead
  (编译源文件“CodeFile/Graphics/Light/LightManager.cpp”)
  
E:\Projects\Ying-Long-Engine\Ying-Long Engine\CodeFile\Graphics\Graphics.h(239,19): warning C4996: 'YingLong::RenderTarget': Use RenderTargetDX12 instead
  (编译源文件“CodeFile/Graphics/Light/LightManager.cpp”)
  
E:\Projects\Ying-Long-Engine\Ying-Long Engine\CodeFile\Graphics\Graphics.h(240,19): warning C4996: 'YingLong::DepthStencil': Use DepthStencilDX12 instead
  (编译源文件“CodeFile/Graphics/Light/LightManager.cpp”)
  
  WARNING: Bindable.h is deprecated. Use BindableDX12 instead.
E:\Projects\Ying-Long-Engine\Ying-Long Engine\CodeFile\Graphics\Bindable\ConstantBuffers.h(49,15): warning C4996: 'YingLong::Graphics': Use DX12Renderer instead
  (编译源文件“CodeFile/Graphics/Light/LightManager.cpp”)
      E:\Projects\Ying-Long-Engine\Ying-Long Engine\CodeFile\Graphics\Bindable\ConstantBuffers.h(49,15):
      模板实例化上下文(最早的实例化上下文)为
          E:\Projects\Ying-Long-Engine\Ying-Long Engine\CodeFile\Graphics\Bindable\ConstantBuffers.h(26,9):
          在编译类模板“YingLong::ConstantBuffer”时
  
E:\Projects\Ying-Long-Engine\Ying-Long Engine\CodeFile\Graphics\Bindable\ConstantBuffers.h(82,18): warning C4996: 'YingLong::Graphics': Use DX12Renderer instead
  (编译源文件“CodeFile/Graphics/Light/LightManager.cpp”)
  
E:\Projects\Ying-Long-Engine\Ying-Long Engine\CodeFile\Graphics\Bindable\ConstantBuffers.h(116,18): warning C4996: 'YingLong::Graphics': Use DX12Renderer instead
  (编译源文件“CodeFile/Graphics/Light/LightManager.cpp”)
  
E:\Projects\Ying-Long-Engine\Ying-Long Engine\CodeFile\Graphics\Bindable\ConstantBuffers.h(164,13): warning C4996: 'YingLong::Graphics': Use DX12Renderer instead
  (编译源文件“CodeFile/Graphics/Light/LightManager.cpp”)
      E:\Projects\Ying-Long-Engine\Ying-Long Engine\CodeFile\Graphics\Bindable\ConstantBuffers.h(164,13):
      模板实例化上下文(最早的实例化上下文)为
          E:\Projects\Ying-Long-Engine\Ying-Long Engine\CodeFile\Graphics\Bindable\ConstantBuffers.h(149,8):
          在编译类模板“YingLong::VertexConstantBuffer”时
  
E:\Projects\Ying-Long-Engine\Ying-Long Engine\CodeFile\Graphics\Bindable\ConstantBuffers.h(194,13): warning C4996: 'YingLong::Graphics': Use DX12Renderer instead
  (编译源文件“CodeFile/Graphics/Light/LightManager.cpp”)
      E:\Projects\Ying-Long-Engine\Ying-Long Engine\CodeFile\Graphics\Bindable\ConstantBuffers.h(194,13):
      模板实例化上下文(最早的实例化上下文)为
          E:\Projects\Ying-Long-Engine\Ying-Long Engine\CodeFile\Graphics\Bindable\ConstantBuffers.h(180,8):
          在编译类模板“YingLong::PixelConstantBuffer”时
  
E:\Projects\Ying-Long-Engine\Ying-Long Engine\CodeFile\Graphics\Bindable\IndexBuffer.h(23,29): warning C4996: 'YingLong::Bindable': Use BindableDX12 instead
  (编译源文件“CodeFile/Graphics/Light/LightManager.cpp”)
  
E:\Projects\Ying-Long-Engine\Ying-Long Engine\CodeFile\Graphics\Bindable\IndexBuffer.h(34,15): warning C4996: 'YingLong::Graphics': Use DX12Renderer instead
  (编译源文件“CodeFile/Graphics/Light/LightManager.cpp”)
  
E:\Projects\Ying-Long-Engine\Ying-Long Engine\CodeFile\Graphics\Bindable\IndexBuffer.h(44,15): warning C4996: 'YingLong::Graphics': Use DX12Renderer instead
  (编译源文件“CodeFile/Graphics/Light/LightManager.cpp”)
  
E:\Projects\Ying-Long-Engine\Ying-Long Engine\CodeFile\Graphics\Bindable\IndexBuffer.h(53,13): warning C4996: 'YingLong::Graphics': Use DX12Renderer instead
  (编译源文件“CodeFile/Graphics/Light/LightManager.cpp”)
  
  WARNING: Drawable.h is deprecated. Use DX12Drawable instead.
E:\Projects\Ying-Long-Engine\Ying-Long Engine\CodeFile\Graphics\Drawable\Drawable.h(92,13): warning C4996: 'YingLong::Graphics': Use DX12Renderer instead
  (编译源文件“CodeFile/Graphics/Light/LightManager.cpp”)
  
E:\Projects\Ying-Long-Engine\Ying-Long Engine\CodeFile\Graphics\Drawable\Drawable.h(116,32): warning C4996: 'YingLong::Bindable': Use BindableDX12 instead
  (编译源文件“CodeFile/Graphics/Light/LightManager.cpp”)
  
E:\Projects\Ying-Long-Engine\Ying-Long Engine\CodeFile\Graphics\Drawable\Drawable.h(144,45): warning C4996: 'YingLong::Bindable': Use BindableDX12 instead
  (编译源文件“CodeFile/Graphics/Light/LightManager.cpp”)
  
E:\Projects\Ying-Long-Engine\Ying-Long Engine\CodeFile\Graphics\Drawable\Drawable.h(148,31): warning C4996: 'YingLong::Bindable': Use BindableDX12 instead
  (编译源文件“CodeFile/Graphics/Light/LightManager.cpp”)
  
E:\Projects\Ying-Long-Engine\Ying-Long Engine\CodeFile\Graphics\Drawable\DrawableBase.h(59,38): warning C4996: 'YingLong::Bindable': Use BindableDX12 instead
  (编译源文件“CodeFile/Graphics/Light/LightManager.cpp”)
      E:\Projects\Ying-Long-Engine\Ying-Long Engine\CodeFile\Graphics\Drawable\DrawableBase.h(59,38):
      模板实例化上下文(最早的实例化上下文)为
          E:\Projects\Ying-Long-Engine\Ying-Long Engine\CodeFile\Graphics\Drawable\DrawableBase.h(34,8):
          在编译类模板“YingLong::DrawableBase”时
  
E:\Projects\Ying-Long-Engine\Ying-Long Engine\CodeFile\Graphics\Drawable\DrawableBase.h(123,37): warning C4996: 'YingLong::Bindable': Use BindableDX12 instead
  (编译源文件“CodeFile/Graphics/Light/LightManager.cpp”)
  
E:\Projects\Ying-Long-Engine\Ying-Long Engine\CodeFile\Graphics\Drawable\DrawableBase.h(128,38): warning C4996: 'YingLong::Bindable': Use BindableDX12 instead
  (编译源文件“CodeFile/Graphics/Light/LightManager.cpp”)
  
C:\Program Files\Microsoft Visual Studio\2022\Community\VC\Tools\MSVC\14.44.35207\include\memory(3630,35): warning C4996: 'YingLong::DepthStencil::DepthStencil': Use DepthStencilDX12 instead
  (编译源文件“CodeFile/Graphics/Graphics.cpp”)
      C:\Program Files\Microsoft Visual Studio\2022\Community\VC\Tools\MSVC\14.44.35207\include\memory(3630,35):
      模板实例化上下文(最早的实例化上下文)为
          E:\Projects\Ying-Long-Engine\Ying-Long Engine\CodeFile\Graphics\Graphics.cpp(53,34):
          查看对正在编译的函数 模板 实例化“std::unique_ptr<YingLong::DepthStencil,std::default_delete<YingLong::DepthStencil>> std::make_unique<YingLong::DepthStencil,,0>(void)”的引用
  
E:\Projects\Ying-Long-Engine\Ying-Long Engine\CodeFile\Graphics\Drawable\DrawableBase.h(133,30): warning C4996: 'YingLong::Bindable': Use BindableDX12 instead
  (编译源文件“CodeFile/Graphics/Light/LightManager.cpp”)
  
E:\Projects\Ying-Long-Engine\Ying-Long Engine\CodeFile\Graphics\Bindable\InputLayout.h(24,29): warning C4996: 'YingLong::Bindable': Use BindableDX12 instead
  (编译源文件“CodeFile/Graphics/Light/LightManager.cpp”)
  
E:\Projects\Ying-Long-Engine\Ying-Long Engine\CodeFile\Graphics\Bindable\InputLayout.h(36,15): warning C4996: 'YingLong::Graphics': Use DX12Renderer instead
  (编译源文件“CodeFile/Graphics/Light/LightManager.cpp”)
  
E:\Projects\Ying-Long-Engine\Ying-Long Engine\CodeFile\Graphics\Bindable\InputLayout.h(46,13): warning C4996: 'YingLong::Graphics': Use DX12Renderer instead
  (编译源文件“CodeFile/Graphics/Light/LightManager.cpp”)
  
E:\Projects\Ying-Long-Engine\Ying-Long Engine\CodeFile\Graphics\Bindable\TransformConstantBuffer.h(30,41): warning C4996: 'YingLong::Bindable': Use BindableDX12 instead
  (编译源文件“CodeFile/Graphics/Light/LightManager.cpp”)
  
E:\Projects\Ying-Long-Engine\Ying-Long Engine\CodeFile\Graphics\Bindable\TransformConstantBuffer.h(42,27): warning C4996: 'YingLong::Graphics': Use DX12Renderer instead
  (编译源文件“CodeFile/Graphics/Light/LightManager.cpp”)
  
E:\Projects\Ying-Long-Engine\Ying-Long Engine\CodeFile\Graphics\Bindable\TransformConstantBuffer.h(42,53): warning C4996: 'YingLong::Drawable': Use DX12Drawable instead
  (编译源文件“CodeFile/Graphics/Light/LightManager.cpp”)
  
E:\Projects\Ying-Long-Engine\Ying-Long Engine\CodeFile\Graphics\Bindable\TransformConstantBuffer.h(54,13): warning C4996: 'YingLong::Graphics': Use DX12Renderer instead
  (编译源文件“CodeFile/Graphics/Light/LightManager.cpp”)
  
E:\Projects\Ying-Long-Engine\Ying-Long Engine\CodeFile\Graphics\Bindable\TransformConstantBuffer.h(70,9): warning C4996: 'YingLong::Drawable': Use DX12Drawable instead
  (编译源文件“CodeFile/Graphics/Light/LightManager.cpp”)
  
E:\Projects\Ying-Long-Engine\Ying-Long Engine\CodeFile\Graphics\Bindable\SolidColorConstantBuffer.h(40,42): warning C4996: 'YingLong::Bindable': Use BindableDX12 instead
  (编译源文件“CodeFile/Graphics/Light/LightManager.cpp”)
  
E:\Projects\Ying-Long-Engine\Ying-Long Engine\CodeFile\Graphics\Bindable\SolidColorConstantBuffer.h(51,28): warning C4996: 'YingLong::Graphics': Use DX12Renderer instead
  (编译源文件“CodeFile/Graphics/Light/LightManager.cpp”)
  
E:\Projects\Ying-Long-Engine\Ying-Long Engine\CodeFile\Graphics\Bindable\SolidColorConstantBuffer.h(60,13): warning C4996: 'YingLong::Graphics': Use DX12Renderer instead
  (编译源文件“CodeFile/Graphics/Light/LightManager.cpp”)
  
E:\Projects\Ying-Long-Engine\Ying-Long Engine\CodeFile\Graphics\Bindable\VertexShader.h(31,30): warning C4996: 'YingLong::Bindable': Use BindableDX12 instead
  (编译源文件“CodeFile/Graphics/Light/LightManager.cpp”)
  
E:\Projects\Ying-Long-Engine\Ying-Long Engine\CodeFile\Graphics\Bindable\VertexShader.h(47,16): warning C4996: 'YingLong::Graphics': Use DX12Renderer instead
  (编译源文件“CodeFile/Graphics/Light/LightManager.cpp”)
  
E:\Projects\Ying-Long-Engine\Ying-Long Engine\CodeFile\Graphics\Bindable\VertexShader.h(63,19): warning C4996: 'YingLong::Graphics': Use DX12Renderer instead
  (编译源文件“CodeFile/Graphics/Light/LightManager.cpp”)
  
E:\Projects\Ying-Long-Engine\Ying-Long Engine\CodeFile\Graphics\Bindable\VertexShader.h(72,13): warning C4996: 'YingLong::Graphics': Use DX12Renderer instead
  (编译源文件“CodeFile/Graphics/Light/LightManager.cpp”)
  
E:\Projects\Ying-Long-Engine\Ying-Long Engine\CodeFile\Graphics\Bindable\PixelShader.h(28,29): warning C4996: 'YingLong::Bindable': Use BindableDX12 instead
  (编译源文件“CodeFile/Graphics/Light/LightManager.cpp”)
  
E:\Projects\Ying-Long-Engine\Ying-Long Engine\CodeFile\Graphics\Bindable\PixelShader.h(44,15): warning C4996: 'YingLong::Graphics': Use DX12Renderer instead
  (编译源文件“CodeFile/Graphics/Light/LightManager.cpp”)
  
E:\Projects\Ying-Long-Engine\Ying-Long Engine\CodeFile\Graphics\Bindable\PixelShader.h(59,19): warning C4996: 'YingLong::Graphics': Use DX12Renderer instead
  (编译源文件“CodeFile/Graphics/Light/LightManager.cpp”)
  
E:\Projects\Ying-Long-Engine\Ying-Long Engine\CodeFile\Graphics\Bindable\PixelShader.h(68,13): warning C4996: 'YingLong::Graphics': Use DX12Renderer instead
  (编译源文件“CodeFile/Graphics/Light/LightManager.cpp”)
  
E:\Projects\Ying-Long-Engine\Ying-Long Engine\CodeFile\Graphics\Bindable\Topology.h(24,26): warning C4996: 'YingLong::Bindable': Use BindableDX12 instead
  (编译源文件“CodeFile/Graphics/Light/LightManager.cpp”)
  
E:\Projects\Ying-Long-Engine\Ying-Long Engine\CodeFile\Graphics\Bindable\Topology.h(35,12): warning C4996: 'YingLong::Graphics': Use DX12Renderer instead
  (编译源文件“CodeFile/Graphics/Light/LightManager.cpp”)
  
E:\Projects\Ying-Long-Engine\Ying-Long Engine\CodeFile\Graphics\Bindable\Topology.h(44,13): warning C4996: 'YingLong::Graphics': Use DX12Renderer instead
  (编译源文件“CodeFile/Graphics/Light/LightManager.cpp”)
  
E:\Projects\Ying-Long-Engine\Ying-Long Engine\CodeFile\Graphics\Drawable\DrawableBase.h(104,6): warning C4996: 'YingLong::Drawable::pIndexBuffer': Use DX12Drawable instead
  (编译源文件“CodeFile/Graphics/Drawable/SolidSphere.cpp”)
      E:\Projects\Ying-Long-Engine\Ying-Long Engine\CodeFile\Graphics\Drawable\DrawableBase.h(104,6):
      模板实例化上下文(最早的实例化上下文)为
          E:\Projects\Ying-Long-Engine\Ying-Long Engine\CodeFile\Graphics\Drawable\SolidSphere.h(29,37):
          查看对正在编译的 类 模板 实例化“YingLong::DrawableBase<YingLong::SolidSphereDrawable>”的引用
          E:\Projects\Ying-Long-Engine\Ying-Long Engine\CodeFile\Graphics\Drawable\DrawableBase.h(96,8):
          在编译 类 模板 成员函数“void YingLong::DrawableBase<YingLong::SolidSphereDrawable>::FindIndexBufferFromStatic(void)”时
              E:\Projects\Ying-Long-Engine\Ying-Long Engine\CodeFile\Graphics\Drawable\SolidSphere.cpp(101,29):
              请参阅 "YingLong::SolidSphereDrawable::SolidSphereDrawable" 中对 "YingLong::DrawableBase<YingLong::SolidSphereDrawable>::FindIndexBufferFromStatic" 的第一个引用
  
E:\Projects\Ying-Long-Engine\Ying-Long Engine\CodeFile\Graphics\Drawable\DrawableBase.h(81,4): warning C4996: 'YingLong::Drawable::pIndexBuffer': Use DX12Drawable instead
  (编译源文件“CodeFile/Graphics/Drawable/SolidSphere.cpp”)
      E:\Projects\Ying-Long-Engine\Ying-Long Engine\CodeFile\Graphics\Drawable\DrawableBase.h(81,4):
      模板实例化上下文(最早的实例化上下文)为
          E:\Projects\Ying-Long-Engine\Ying-Long Engine\CodeFile\Graphics\Drawable\DrawableBase.h(77,8):
          在编译 类 模板 成员函数“void YingLong::DrawableBase<YingLong::SolidSphereDrawable>::AddStaticIndexBuffer(std::unique_ptr<YingLong::IndexBuffer,std::default_delete<YingLong::IndexBuffer>>) noexcept”时
              E:\Projects\Ying-Long-Engine\Ying-Long Engine\CodeFile\Graphics\Drawable\SolidSphere.cpp(63,24):
              请参阅 "YingLong::SolidSphereDrawable::SolidSphereDrawable" 中对 "YingLong::DrawableBase<YingLong::SolidSphereDrawable>::AddStaticIndexBuffer" 的第一个引用
  
E:\Projects\Ying-Long-Engine\Ying-Long Engine\CodeFile\Graphics\Drawable\DrawableBase.h(82,4): warning C4996: 'YingLong::Drawable::pIndexBuffer': Use DX12Drawable instead
  (编译源文件“CodeFile/Graphics/Drawable/SolidSphere.cpp”)
  
E:\Projects\Ying-Long-Engine\Ying-Long Engine\CodeFile\Graphics\Bindable\Texture.h(25,25): warning C4996: 'YingLong::Bindable': Use BindableDX12 instead
  (编译源文件“CodeFile/Graphics/Light/LightManager.cpp”)
  
E:\Projects\Ying-Long-Engine\Ying-Long Engine\CodeFile\Graphics\Bindable\Texture.h(42,11): warning C4996: 'YingLong::Graphics': Use DX12Renderer instead
  (编译源文件“CodeFile/Graphics/Light/LightManager.cpp”)
  
E:\Projects\Ying-Long-Engine\Ying-Long Engine\CodeFile\Graphics\Bindable\Texture.h(59,19): warning C4996: 'YingLong::Graphics': Use DX12Renderer instead
  (编译源文件“CodeFile/Graphics/Light/LightManager.cpp”)
  
E:\Projects\Ying-Long-Engine\Ying-Long Engine\CodeFile\Graphics\Bindable\Texture.h(68,13): warning C4996: 'YingLong::Graphics': Use DX12Renderer instead
  (编译源文件“CodeFile/Graphics/Light/LightManager.cpp”)
  
E:\Projects\Ying-Long-Engine\Ying-Long Engine\CodeFile\Graphics\Bindable\VertexBuffer.h(29,33): warning C4996: 'YingLong::Bindable': Use BindableDX12 instead
  (编译源文件“CodeFile/Graphics/Light/LightManager.cpp”)
  
E:\Projects\Ying-Long-Engine\Ying-Long Engine\CodeFile\Graphics\Bindable\VertexBuffer.h(46,22): warning C4996: 'YingLong::Graphics': Use DX12Renderer instead
  (编译源文件“CodeFile/Graphics/Light/LightManager.cpp”)
  
E:\Projects\Ying-Long-Engine\Ying-Long Engine\CodeFile\Graphics\Bindable\VertexBuffer.h(76,19): warning C4996: 'YingLong::Graphics': Use DX12Renderer instead
  (编译源文件“CodeFile/Graphics/Light/LightManager.cpp”)
  
E:\Projects\Ying-Long-Engine\Ying-Long Engine\CodeFile\Graphics\Bindable\VertexBuffer.h(79,13): warning C4996: 'YingLong::Bindable::GetDevicContext': Use BindableDX12 instead
  (编译源文件“CodeFile/Graphics/Light/LightManager.cpp”)
  
E:\Projects\Ying-Long-Engine\Ying-Long Engine\CodeFile\Graphics\Drawable\SolidSphere.h(49,23): warning C4996: 'YingLong::Graphics': Use DX12Renderer instead
  (编译源文件“CodeFile/Graphics/Light/LightManager.cpp”)
  
E:\Projects\Ying-Long-Engine\Ying-Long Engine\CodeFile\Graphics\Light\PointLight.h(90,14): warning C4996: 'YingLong::Graphics': Use DX12Renderer instead
  (编译源文件“CodeFile/Graphics/Light/LightManager.cpp”)
  
E:\Projects\Ying-Long-Engine\Ying-Long Engine\CodeFile\Graphics\Light\PointLight.h(102,13): warning C4996: 'YingLong::Graphics': Use DX12Renderer instead
  (编译源文件“CodeFile/Graphics/Light/LightManager.cpp”)
  
E:\Projects\Ying-Long-Engine\Ying-Long Engine\CodeFile\Graphics\Drawable\SolidCone.h(55,21): warning C4996: 'YingLong::Graphics': Use DX12Renderer instead
  (编译源文件“CodeFile/Graphics/Light/LightManager.cpp”)
  
E:\Projects\Ying-Long-Engine\Ying-Long Engine\CodeFile\Graphics\Light\SpotLight.h(105,13): warning C4996: 'YingLong::Graphics': Use DX12Renderer instead
  (编译源文件“CodeFile/Graphics/Light/LightManager.cpp”)
  
E:\Projects\Ying-Long-Engine\Ying-Long Engine\CodeFile\Graphics\Light\SpotLight.h(117,13): warning C4996: 'YingLong::Graphics': Use DX12Renderer instead
  (编译源文件“CodeFile/Graphics/Light/LightManager.cpp”)
  
E:\Projects\Ying-Long-Engine\Ying-Long Engine\CodeFile\Graphics\Light\LightManager.h(40,26): warning C4996: 'YingLong::Graphics': Use DX12Renderer instead
  (编译源文件“CodeFile/Graphics/Light/LightManager.cpp”)
  
E:\Projects\Ying-Long-Engine\Ying-Long Engine\CodeFile\Graphics\Light\LightManager.h(70,22): warning C4996: 'YingLong::Graphics': Use DX12Renderer instead
  (编译源文件“CodeFile/Graphics/Light/LightManager.cpp”)
  
C:\Program Files\Microsoft Visual Studio\2022\Community\VC\Tools\MSVC\14.44.35207\include\memory(3309,9): warning C4996: 'YingLong::Bindable::~Bindable': Use BindableDX12 instead
  (编译源文件“CodeFile/Graphics/Drawable/Model.cpp”)
      C:\Program Files\Microsoft Visual Studio\2022\Community\VC\Tools\MSVC\14.44.35207\include\memory(3309,9):
      模板实例化上下文(最早的实例化上下文)为
          E:\Projects\Ying-Long-Engine\Ying-Long Engine\CodeFile\Graphics\Drawable\DrawableBase.h(34,8):
          在编译类模板“YingLong::DrawableBase”时
          E:\Projects\Ying-Long-Engine\Ying-Long Engine\CodeFile\Graphics\Drawable\DrawableBase.h(63,4):
          查看对正在编译的 类 模板 实例化“std::unique_ptr<YingLong::Bindable,std::default_delete<YingLong::Bindable>>”的引用
          C:\Program Files\Microsoft Visual Studio\2022\Community\VC\Tools\MSVC\14.44.35207\include\memory(3352,92):
          查看对正在编译的 类 模板 实例化“std::default_delete<YingLong::Bindable>”的引用
          C:\Program Files\Microsoft Visual Studio\2022\Community\VC\Tools\MSVC\14.44.35207\include\memory(3307,23):
          在编译 类 模板 成员函数“void std::default_delete<YingLong::Bindable>::operator ()(_Ty *) noexcept const”时
          with
          [
              _Ty=YingLong::Bindable
          ]
              C:\Program Files\Microsoft Visual Studio\2022\Community\VC\Tools\MSVC\14.44.35207\include\memory(3427,33):
              请参阅 "std::unique_ptr<YingLong::Bindable,std::default_delete<YingLong::Bindable>>::~unique_ptr" 中对 "std::default_delete<YingLong::Bindable>::operator ()" 的第一个引用
              C:\Program Files\Microsoft Visual Studio\2022\Community\VC\Tools\MSVC\14.44.35207\include\memory(3483,1):
              请参阅 "std::unique_ptr<YingLong::Bindable,std::default_delete<YingLong::Bindable>>::~unique_ptr" 中对 "std::unique_ptr<YingLong::Bindable,std::default_delete<YingLong::Bindable>>::~unique_ptr" 的第一个引用
  
E:\Projects\Ying-Long-Engine\Ying-Long Engine\CodeFile\Graphics\Bindable\VertexBuffer.h(65,13): warning C4996: 'YingLong::Graphics': Use DX12Renderer instead
  (编译源文件“CodeFile/Graphics/Drawable/SolidSphere.cpp”)
      E:\Projects\Ying-Long-Engine\Ying-Long Engine\CodeFile\Graphics\Bindable\VertexBuffer.h(65,13):
      模板实例化上下文(最早的实例化上下文)为
          E:\Projects\Ying-Long-Engine\Ying-Long Engine\CodeFile\Graphics\Drawable\SolidSphere.cpp(60,23):
          查看对正在编译的函数 模板 实例化“std::unique_ptr<YingLong::VertexBuffer,std::default_delete<YingLong::VertexBuffer>> std::make_unique<YingLong::VertexBuffer,YingLong::Graphics&,std::vector<T,std::allocator<T>>&,0>(YingLong::Graphics &,std::vector<T,std::allocator<T>> &)”的引用
          with
          [
              T=YingLong::SolidSphereDrawable::{ctor}::Vertex
          ]
          C:\Program Files\Microsoft Visual Studio\2022\Community\VC\Tools\MSVC\14.44.35207\include\memory(3630,35):
          查看对正在编译的函数 模板 实例化“YingLong::VertexBuffer::VertexBuffer<T>(YingLong::Graphics &,const std::vector<T,std::allocator<T>> &)”的引用
          with
          [
              T=YingLong::SolidSphereDrawable::{ctor}::Vertex
          ]
  
E:\Projects\Ying-Long-Engine\Ying-Long Engine\CodeFile\Graphics\Bindable\VertexBuffer.h(47,9): warning C4996: 'YingLong::Bindable::~Bindable': Use BindableDX12 instead
  (编译源文件“CodeFile/Graphics/Drawable/SolidSphere.cpp”)
  
E:\Projects\Ying-Long-Engine\Ying-Long Engine\CodeFile\Graphics\Bindable\VertexBuffer.h(65,13): warning C4996: 'YingLong::Bindable::GetDevice': Use BindableDX12 instead
  (编译源文件“CodeFile/Graphics/Drawable/SolidSphere.cpp”)
  
C:\Program Files\Microsoft Visual Studio\2022\Community\VC\Tools\MSVC\14.44.35207\include\memory(3309,9): warning C4996: 'YingLong::DepthStencil::~DepthStencil': Use DepthStencilDX12 instead
  (编译源文件“CodeFile/Graphics/Graphics.cpp”)
      C:\Program Files\Microsoft Visual Studio\2022\Community\VC\Tools\MSVC\14.44.35207\include\memory(3309,9):
      模板实例化上下文(最早的实例化上下文)为
          E:\Projects\Ying-Long-Engine\Ying-Long Engine\CodeFile\Graphics\Graphics.h(240,33):
          查看对正在编译的 类 模板 实例化“std::unique_ptr<YingLong::DepthStencil,std::default_delete<YingLong::DepthStencil>>”的引用
          C:\Program Files\Microsoft Visual Studio\2022\Community\VC\Tools\MSVC\14.44.35207\include\memory(3352,92):
          查看对正在编译的 类 模板 实例化“std::default_delete<YingLong::DepthStencil>”的引用
          C:\Program Files\Microsoft Visual Studio\2022\Community\VC\Tools\MSVC\14.44.35207\include\memory(3307,23):
          在编译 类 模板 成员函数“void std::default_delete<YingLong::DepthStencil>::operator ()(_Ty *) noexcept const”时
          with
          [
              _Ty=YingLong::DepthStencil
          ]
              C:\Program Files\Microsoft Visual Studio\2022\Community\VC\Tools\MSVC\14.44.35207\include\memory(3427,33):
              请参阅 "std::unique_ptr<YingLong::DepthStencil,std::default_delete<YingLong::DepthStencil>>::~unique_ptr" 中对 "std::default_delete<YingLong::DepthStencil>::operator ()" 的第一个引用
              E:\Projects\Ying-Long-Engine\Ying-Long Engine\CodeFile\Graphics\Graphics.cpp(6,2):
              请参阅 "YingLong::Graphics::Graphics" 中对 "std::unique_ptr<YingLong::DepthStencil,std::default_delete<YingLong::DepthStencil>>::~unique_ptr" 的第一个引用
  
E:\Projects\Ying-Long-Engine\Ying-Long Engine\CodeFile\Graphics\Drawable\Capsule.h(45,19): warning C4996: 'YingLong::Graphics': Use DX12Renderer instead
  (编译源文件“CodeFile/Graphics/Light/LightManager.cpp”)
  
E:\Projects\Ying-Long-Engine\Ying-Long Engine\CodeFile\Graphics\Drawable\Box.h(51,15): warning C4996: 'YingLong::Graphics': Use DX12Renderer instead
  (编译源文件“CodeFile/Graphics/Light/LightManager.cpp”)
  
C:\Program Files\Microsoft Visual Studio\2022\Community\VC\Tools\MSVC\14.44.35207\include\memory(3309,9): warning C4996: 'YingLong::Bindable::~Bindable': Use BindableDX12 instead
  (编译源文件“CodeFile/Graphics/Drawable/SolidSphere.cpp”)
      C:\Program Files\Microsoft Visual Studio\2022\Community\VC\Tools\MSVC\14.44.35207\include\memory(3309,9):
      模板实例化上下文(最早的实例化上下文)为
          E:\Projects\Ying-Long-Engine\Ying-Long Engine\CodeFile\Graphics\Drawable\DrawableBase.h(34,8):
          在编译类模板“YingLong::DrawableBase”时
          E:\Projects\Ying-Long-Engine\Ying-Long Engine\CodeFile\Graphics\Drawable\DrawableBase.h(63,4):
          查看对正在编译的 类 模板 实例化“std::unique_ptr<YingLong::Bindable,std::default_delete<YingLong::Bindable>>”的引用
          C:\Program Files\Microsoft Visual Studio\2022\Community\VC\Tools\MSVC\14.44.35207\include\memory(3352,92):
          查看对正在编译的 类 模板 实例化“std::default_delete<YingLong::Bindable>”的引用
          C:\Program Files\Microsoft Visual Studio\2022\Community\VC\Tools\MSVC\14.44.35207\include\memory(3307,23):
          在编译 类 模板 成员函数“void std::default_delete<YingLong::Bindable>::operator ()(_Ty *) noexcept const”时
          with
          [
              _Ty=YingLong::Bindable
          ]
              C:\Program Files\Microsoft Visual Studio\2022\Community\VC\Tools\MSVC\14.44.35207\include\memory(3427,33):
              请参阅 "std::unique_ptr<YingLong::Bindable,std::default_delete<YingLong::Bindable>>::~unique_ptr" 中对 "std::default_delete<YingLong::Bindable>::operator ()" 的第一个引用
              E:\Projects\Ying-Long-Engine\Ying-Long Engine\CodeFile\Graphics\Drawable\SolidSphere.cpp(60,17):
              请参阅 "YingLong::SolidSphereDrawable::SolidSphereDrawable" 中对 "std::unique_ptr<YingLong::Bindable,std::default_delete<YingLong::Bindable>>::~unique_ptr" 的第一个引用
  
E:\Projects\Ying-Long-Engine\Ying-Long Engine\CodeFile\Application\Window\Window.h(176,3): warning C4996: 'YingLong::Graphics': Use DX12Renderer instead
  (编译源文件“CodeFile/Graphics/Light/LightManager.cpp”)
  
E:\Projects\Ying-Long-Engine\Ying-Long Engine\CodeFile\Application\Window\Window.h(244,19): warning C4996: 'YingLong::Graphics': Use DX12Renderer instead
  (编译源文件“CodeFile/Graphics/Light/LightManager.cpp”)
  
  WARNING: DepthStencil.h is deprecated. Use DepthStencilDX12 instead.
  WARNING: RenderTarget.h is deprecated. Use RenderTargetDX12 instead.
  WARNING: Graphics.h is deprecated. Use DX12Renderer instead.
E:\Projects\Ying-Long-Engine\Ying-Long Engine\CodeFile\Graphics\Graphics.h(238,19): warning C4996: 'YingLong::RenderTarget': Use RenderTargetDX12 instead
  (编译源文件“CodeFile/Graphics/Light/PointLight.cpp”)
  
E:\Projects\Ying-Long-Engine\Ying-Long Engine\CodeFile\Graphics\Graphics.h(239,19): warning C4996: 'YingLong::RenderTarget': Use RenderTargetDX12 instead
  (编译源文件“CodeFile/Graphics/Light/PointLight.cpp”)
  
E:\Projects\Ying-Long-Engine\Ying-Long Engine\CodeFile\Graphics\Graphics.h(240,19): warning C4996: 'YingLong::DepthStencil': Use DepthStencilDX12 instead
  (编译源文件“CodeFile/Graphics/Light/PointLight.cpp”)
  
E:\Projects\Ying-Long-Engine\Ying-Long Engine\CodeFile\Graphics\Bindable\Sampler.h(23,25): warning C4996: 'YingLong::Bindable': Use BindableDX12 instead
  (编译源文件“CodeFile/Graphics/Light/LightManager.cpp”)
  
E:\Projects\Ying-Long-Engine\Ying-Long Engine\CodeFile\Graphics\Bindable\Sampler.h(38,11): warning C4996: 'YingLong::Graphics': Use DX12Renderer instead
  (编译源文件“CodeFile/Graphics/Light/LightManager.cpp”)
  
E:\Projects\Ying-Long-Engine\Ying-Long Engine\CodeFile\Graphics\Bindable\Sampler.h(53,26): warning C4996: 'YingLong::Graphics': Use DX12Renderer instead
  (编译源文件“CodeFile/Graphics/Light/LightManager.cpp”)
  
E:\Projects\Ying-Long-Engine\Ying-Long Engine\CodeFile\Graphics\Bindable\Sampler.h(62,13): warning C4996: 'YingLong::Graphics': Use DX12Renderer instead
  (编译源文件“CodeFile/Graphics/Light/LightManager.cpp”)
  
  WARNING: Bindable.h is deprecated. Use BindableDX12 instead.
E:\Projects\Ying-Long-Engine\Ying-Long Engine\CodeFile\Graphics\Drawable\Mesh.h(92,19): warning C4996: 'YingLong::Graphics': Use DX12Renderer instead
  (编译源文件“CodeFile/Graphics/Light/LightManager.cpp”)
  
E:\Projects\Ying-Long-Engine\Ying-Long Engine\CodeFile\Graphics\Drawable\Mesh.h(106,13): warning C4996: 'YingLong::Graphics': Use DX12Renderer instead
  (编译源文件“CodeFile/Graphics/Light/LightManager.cpp”)
  
E:\Projects\Ying-Long-Engine\Ying-Long Engine\CodeFile\Graphics\Bindable\ConstantBuffers.h(49,15): warning C4996: 'YingLong::Graphics': Use DX12Renderer instead
  (编译源文件“CodeFile/Graphics/Light/PointLight.cpp”)
      E:\Projects\Ying-Long-Engine\Ying-Long Engine\CodeFile\Graphics\Bindable\ConstantBuffers.h(49,15):
      模板实例化上下文(最早的实例化上下文)为
          E:\Projects\Ying-Long-Engine\Ying-Long Engine\CodeFile\Graphics\Bindable\ConstantBuffers.h(26,9):
          在编译类模板“YingLong::ConstantBuffer”时
  
E:\Projects\Ying-Long-Engine\Ying-Long Engine\CodeFile\Graphics\Bindable\ConstantBuffers.h(82,18): warning C4996: 'YingLong::Graphics': Use DX12Renderer instead
  (编译源文件“CodeFile/Graphics/Light/PointLight.cpp”)
  
E:\Projects\Ying-Long-Engine\Ying-Long Engine\CodeFile\Graphics\Bindable\ConstantBuffers.h(32,3): warning C4996: 'YingLong::Bindable::~Bindable': Use BindableDX12 instead
  (编译源文件“CodeFile/Graphics/Light/LightManager.cpp”)
      E:\Projects\Ying-Long-Engine\Ying-Long Engine\CodeFile\Graphics\Bindable\ConstantBuffers.h(202,1):
      参见对函数 "YingLong::ConstantBuffer<C>::ConstantBuffer(void)" 的引用
          with
          [
              C=YingLong::MaterialCBufferData
          ]
  
E:\Projects\Ying-Long-Engine\Ying-Long Engine\CodeFile\Graphics\Bindable\ConstantBuffers.h(116,18): warning C4996: 'YingLong::Graphics': Use DX12Renderer instead
  (编译源文件“CodeFile/Graphics/Light/PointLight.cpp”)
  
E:\Projects\Ying-Long-Engine\Ying-Long Engine\CodeFile\Graphics\Drawable\Mesh.h(141,8): warning C4996: 'YingLong::Graphics': Use DX12Renderer instead
  (编译源文件“CodeFile/Graphics/Light/LightManager.cpp”)
  
E:\Projects\Ying-Long-Engine\Ying-Long Engine\CodeFile\Graphics\Drawable\Model.h(42,9): warning C4996: 'YingLong::Graphics': Use DX12Renderer instead
  (编译源文件“CodeFile/Graphics/Light/LightManager.cpp”)
  
E:\Projects\Ying-Long-Engine\Ying-Long Engine\CodeFile\Graphics\Drawable\Model.h(62,13): warning C4996: 'YingLong::Graphics': Use DX12Renderer instead
  (编译源文件“CodeFile/Graphics/Light/LightManager.cpp”)
  
E:\Projects\Ying-Long-Engine\Ying-Long Engine\CodeFile\Graphics\Bindable\ConstantBuffers.h(164,13): warning C4996: 'YingLong::Graphics': Use DX12Renderer instead
  (编译源文件“CodeFile/Graphics/Light/PointLight.cpp”)
      E:\Projects\Ying-Long-Engine\Ying-Long Engine\CodeFile\Graphics\Bindable\ConstantBuffers.h(164,13):
      模板实例化上下文(最早的实例化上下文)为
          E:\Projects\Ying-Long-Engine\Ying-Long Engine\CodeFile\Graphics\Bindable\ConstantBuffers.h(149,8):
          在编译类模板“YingLong::VertexConstantBuffer”时
  
E:\Projects\Ying-Long-Engine\Ying-Long Engine\CodeFile\Graphics\Bindable\ConstantBuffers.h(194,13): warning C4996: 'YingLong::Graphics': Use DX12Renderer instead
  (编译源文件“CodeFile/Graphics/Light/PointLight.cpp”)
      E:\Projects\Ying-Long-Engine\Ying-Long Engine\CodeFile\Graphics\Bindable\ConstantBuffers.h(194,13):
      模板实例化上下文(最早的实例化上下文)为
          E:\Projects\Ying-Long-Engine\Ying-Long Engine\CodeFile\Graphics\Bindable\ConstantBuffers.h(180,8):
          在编译类模板“YingLong::PixelConstantBuffer”时
  
E:\Projects\Ying-Long-Engine\Ying-Long Engine\CodeFile\Graphics\Bindable\IndexBuffer.h(23,29): warning C4996: 'YingLong::Bindable': Use BindableDX12 instead
  (编译源文件“CodeFile/Graphics/Light/PointLight.cpp”)
  
E:\Projects\Ying-Long-Engine\Ying-Long Engine\CodeFile\Graphics\Bindable\IndexBuffer.h(34,15): warning C4996: 'YingLong::Graphics': Use DX12Renderer instead
  (编译源文件“CodeFile/Graphics/Light/PointLight.cpp”)
  
E:\Projects\Ying-Long-Engine\Ying-Long Engine\CodeFile\Graphics\Bindable\IndexBuffer.h(44,15): warning C4996: 'YingLong::Graphics': Use DX12Renderer instead
  (编译源文件“CodeFile/Graphics/Light/PointLight.cpp”)
  
E:\Projects\Ying-Long-Engine\Ying-Long Engine\CodeFile\Graphics\Bindable\IndexBuffer.h(53,13): warning C4996: 'YingLong::Graphics': Use DX12Renderer instead
  (编译源文件“CodeFile/Graphics/Light/PointLight.cpp”)
  
  WARNING: Drawable.h is deprecated. Use DX12Drawable instead.
E:\Projects\Ying-Long-Engine\Ying-Long Engine\CodeFile\Graphics\Drawable\Drawable.h(92,13): warning C4996: 'YingLong::Graphics': Use DX12Renderer instead
  (编译源文件“CodeFile/Graphics/Light/PointLight.cpp”)
  
E:\Projects\Ying-Long-Engine\Ying-Long Engine\CodeFile\Graphics\Drawable\Drawable.h(116,32): warning C4996: 'YingLong::Bindable': Use BindableDX12 instead
  (编译源文件“CodeFile/Graphics/Light/PointLight.cpp”)
  
E:\Projects\Ying-Long-Engine\Ying-Long Engine\CodeFile\Graphics\Drawable\Drawable.h(144,45): warning C4996: 'YingLong::Bindable': Use BindableDX12 instead
  (编译源文件“CodeFile/Graphics/Light/PointLight.cpp”)
  
E:\Projects\Ying-Long-Engine\Ying-Long Engine\CodeFile\Graphics\Drawable\Drawable.h(148,31): warning C4996: 'YingLong::Bindable': Use BindableDX12 instead
  (编译源文件“CodeFile/Graphics/Light/PointLight.cpp”)
  
E:\Projects\Ying-Long-Engine\Ying-Long Engine\CodeFile\Graphics\Drawable\DrawableBase.h(59,38): warning C4996: 'YingLong::Bindable': Use BindableDX12 instead
  (编译源文件“CodeFile/Graphics/Light/PointLight.cpp”)
      E:\Projects\Ying-Long-Engine\Ying-Long Engine\CodeFile\Graphics\Drawable\DrawableBase.h(59,38):
      模板实例化上下文(最早的实例化上下文)为
          E:\Projects\Ying-Long-Engine\Ying-Long Engine\CodeFile\Graphics\Drawable\DrawableBase.h(34,8):
          在编译类模板“YingLong::DrawableBase”时
  
E:\Projects\Ying-Long-Engine\Ying-Long Engine\CodeFile\Graphics\Drawable\DrawableBase.h(123,37): warning C4996: 'YingLong::Bindable': Use BindableDX12 instead
  (编译源文件“CodeFile/Graphics/Light/PointLight.cpp”)
  
E:\Projects\Ying-Long-Engine\Ying-Long Engine\CodeFile\Graphics\Drawable\DrawableBase.h(128,38): warning C4996: 'YingLong::Bindable': Use BindableDX12 instead
  (编译源文件“CodeFile/Graphics/Light/PointLight.cpp”)
  
E:\Projects\Ying-Long-Engine\Ying-Long Engine\CodeFile\Graphics\Drawable\DrawableBase.h(133,30): warning C4996: 'YingLong::Bindable': Use BindableDX12 instead
  (编译源文件“CodeFile/Graphics/Light/PointLight.cpp”)
  
E:\Projects\Ying-Long-Engine\Ying-Long Engine\CodeFile\Graphics\Bindable\InputLayout.h(24,29): warning C4996: 'YingLong::Bindable': Use BindableDX12 instead
  (编译源文件“CodeFile/Graphics/Light/PointLight.cpp”)
  
E:\Projects\Ying-Long-Engine\Ying-Long Engine\CodeFile\Graphics\Bindable\InputLayout.h(36,15): warning C4996: 'YingLong::Graphics': Use DX12Renderer instead
  (编译源文件“CodeFile/Graphics/Light/PointLight.cpp”)
  
E:\Projects\Ying-Long-Engine\Ying-Long Engine\CodeFile\Graphics\Bindable\InputLayout.h(46,13): warning C4996: 'YingLong::Graphics': Use DX12Renderer instead
  (编译源文件“CodeFile/Graphics/Light/PointLight.cpp”)
  
E:\Projects\Ying-Long-Engine\Ying-Long Engine\CodeFile\Graphics\Bindable\TransformConstantBuffer.h(30,41): warning C4996: 'YingLong::Bindable': Use BindableDX12 instead
  (编译源文件“CodeFile/Graphics/Light/PointLight.cpp”)
  
E:\Projects\Ying-Long-Engine\Ying-Long Engine\CodeFile\Graphics\Bindable\TransformConstantBuffer.h(42,27): warning C4996: 'YingLong::Graphics': Use DX12Renderer instead
  (编译源文件“CodeFile/Graphics/Light/PointLight.cpp”)
  
E:\Projects\Ying-Long-Engine\Ying-Long Engine\CodeFile\Graphics\Bindable\TransformConstantBuffer.h(42,53): warning C4996: 'YingLong::Drawable': Use DX12Drawable instead
  (编译源文件“CodeFile/Graphics/Light/PointLight.cpp”)
  
E:\Projects\Ying-Long-Engine\Ying-Long Engine\CodeFile\Graphics\Bindable\TransformConstantBuffer.h(54,13): warning C4996: 'YingLong::Graphics': Use DX12Renderer instead
  (编译源文件“CodeFile/Graphics/Light/PointLight.cpp”)
  
E:\Projects\Ying-Long-Engine\Ying-Long Engine\CodeFile\Graphics\Bindable\TransformConstantBuffer.h(70,9): warning C4996: 'YingLong::Drawable': Use DX12Drawable instead
  (编译源文件“CodeFile/Graphics/Light/PointLight.cpp”)
  
E:\Projects\Ying-Long-Engine\Ying-Long Engine\CodeFile\Graphics\Bindable\SolidColorConstantBuffer.h(40,42): warning C4996: 'YingLong::Bindable': Use BindableDX12 instead
  (编译源文件“CodeFile/Graphics/Light/PointLight.cpp”)
  
E:\Projects\Ying-Long-Engine\Ying-Long Engine\CodeFile\Graphics\Bindable\SolidColorConstantBuffer.h(51,28): warning C4996: 'YingLong::Graphics': Use DX12Renderer instead
  (编译源文件“CodeFile/Graphics/Light/PointLight.cpp”)
  
E:\Projects\Ying-Long-Engine\Ying-Long Engine\CodeFile\Graphics\Bindable\SolidColorConstantBuffer.h(60,13): warning C4996: 'YingLong::Graphics': Use DX12Renderer instead
  (编译源文件“CodeFile/Graphics/Light/PointLight.cpp”)
  
E:\Projects\Ying-Long-Engine\Ying-Long Engine\CodeFile\Graphics\Bindable\VertexShader.h(31,30): warning C4996: 'YingLong::Bindable': Use BindableDX12 instead
  (编译源文件“CodeFile/Graphics/Light/PointLight.cpp”)
  
E:\Projects\Ying-Long-Engine\Ying-Long Engine\CodeFile\Graphics\Bindable\VertexShader.h(47,16): warning C4996: 'YingLong::Graphics': Use DX12Renderer instead
  (编译源文件“CodeFile/Graphics/Light/PointLight.cpp”)
  
E:\Projects\Ying-Long-Engine\Ying-Long Engine\CodeFile\Graphics\Bindable\VertexShader.h(63,19): warning C4996: 'YingLong::Graphics': Use DX12Renderer instead
  (编译源文件“CodeFile/Graphics/Light/PointLight.cpp”)
  
E:\Projects\Ying-Long-Engine\Ying-Long Engine\CodeFile\Graphics\Bindable\VertexShader.h(72,13): warning C4996: 'YingLong::Graphics': Use DX12Renderer instead
  (编译源文件“CodeFile/Graphics/Light/PointLight.cpp”)
  
E:\Projects\Ying-Long-Engine\Ying-Long Engine\CodeFile\Graphics\Bindable\PixelShader.h(28,29): warning C4996: 'YingLong::Bindable': Use BindableDX12 instead
  (编译源文件“CodeFile/Graphics/Light/PointLight.cpp”)
  
E:\Projects\Ying-Long-Engine\Ying-Long Engine\CodeFile\Graphics\Bindable\PixelShader.h(44,15): warning C4996: 'YingLong::Graphics': Use DX12Renderer instead
  (编译源文件“CodeFile/Graphics/Light/PointLight.cpp”)
  
E:\Projects\Ying-Long-Engine\Ying-Long Engine\CodeFile\Graphics\Bindable\PixelShader.h(59,19): warning C4996: 'YingLong::Graphics': Use DX12Renderer instead
  (编译源文件“CodeFile/Graphics/Light/PointLight.cpp”)
  
E:\Projects\Ying-Long-Engine\Ying-Long Engine\CodeFile\Graphics\Bindable\PixelShader.h(68,13): warning C4996: 'YingLong::Graphics': Use DX12Renderer instead
  (编译源文件“CodeFile/Graphics/Light/PointLight.cpp”)
  
E:\Projects\Ying-Long-Engine\Ying-Long Engine\CodeFile\Graphics\Bindable\Topology.h(24,26): warning C4996: 'YingLong::Bindable': Use BindableDX12 instead
  (编译源文件“CodeFile/Graphics/Light/PointLight.cpp”)
  
E:\Projects\Ying-Long-Engine\Ying-Long Engine\CodeFile\Graphics\Bindable\Topology.h(35,12): warning C4996: 'YingLong::Graphics': Use DX12Renderer instead
  (编译源文件“CodeFile/Graphics/Light/PointLight.cpp”)
  
E:\Projects\Ying-Long-Engine\Ying-Long Engine\CodeFile\Graphics\Bindable\Topology.h(44,13): warning C4996: 'YingLong::Graphics': Use DX12Renderer instead
  (编译源文件“CodeFile/Graphics/Light/PointLight.cpp”)
  
E:\Projects\Ying-Long-Engine\Ying-Long Engine\CodeFile\Graphics\Bindable\Texture.h(25,25): warning C4996: 'YingLong::Bindable': Use BindableDX12 instead
  (编译源文件“CodeFile/Graphics/Light/PointLight.cpp”)
  
E:\Projects\Ying-Long-Engine\Ying-Long Engine\CodeFile\Graphics\Bindable\Texture.h(42,11): warning C4996: 'YingLong::Graphics': Use DX12Renderer instead
  (编译源文件“CodeFile/Graphics/Light/PointLight.cpp”)
  
E:\Projects\Ying-Long-Engine\Ying-Long Engine\CodeFile\Graphics\Bindable\Texture.h(59,19): warning C4996: 'YingLong::Graphics': Use DX12Renderer instead
  (编译源文件“CodeFile/Graphics/Light/PointLight.cpp”)
  
E:\Projects\Ying-Long-Engine\Ying-Long Engine\CodeFile\Graphics\Bindable\Texture.h(68,13): warning C4996: 'YingLong::Graphics': Use DX12Renderer instead
  (编译源文件“CodeFile/Graphics/Light/PointLight.cpp”)
  
  WARNING: DepthStencil.h is deprecated. Use DepthStencilDX12 instead.
  WARNING: RenderTarget.h is deprecated. Use RenderTargetDX12 instead.
E:\Projects\Ying-Long-Engine\Ying-Long Engine\CodeFile\Graphics\Bindable\VertexBuffer.h(29,33): warning C4996: 'YingLong::Bindable': Use BindableDX12 instead
  (编译源文件“CodeFile/Graphics/Light/PointLight.cpp”)
  
E:\Projects\Ying-Long-Engine\Ying-Long Engine\CodeFile\Graphics\Bindable\VertexBuffer.h(46,22): warning C4996: 'YingLong::Graphics': Use DX12Renderer instead
  (编译源文件“CodeFile/Graphics/Light/PointLight.cpp”)
  
E:\Projects\Ying-Long-Engine\Ying-Long Engine\CodeFile\Graphics\Bindable\VertexBuffer.h(76,19): warning C4996: 'YingLong::Graphics': Use DX12Renderer instead
  (编译源文件“CodeFile/Graphics/Light/PointLight.cpp”)
  
E:\Projects\Ying-Long-Engine\Ying-Long Engine\CodeFile\Graphics\Bindable\VertexBuffer.h(79,13): warning C4996: 'YingLong::Bindable::GetDevicContext': Use BindableDX12 instead
  (编译源文件“CodeFile/Graphics/Light/PointLight.cpp”)
  
E:\Projects\Ying-Long-Engine\Ying-Long Engine\CodeFile\Graphics\Drawable\SolidSphere.h(49,23): warning C4996: 'YingLong::Graphics': Use DX12Renderer instead
  (编译源文件“CodeFile/Graphics/Light/PointLight.cpp”)
  
E:\Projects\Ying-Long-Engine\Ying-Long Engine\CodeFile\Graphics\Light\PointLight.h(90,14): warning C4996: 'YingLong::Graphics': Use DX12Renderer instead
  (编译源文件“CodeFile/Graphics/Light/PointLight.cpp”)
  
E:\Projects\Ying-Long-Engine\Ying-Long Engine\CodeFile\Graphics\Light\PointLight.h(102,13): warning C4996: 'YingLong::Graphics': Use DX12Renderer instead
  (编译源文件“CodeFile/Graphics/Light/PointLight.cpp”)
  
E:\Projects\Ying-Long-Engine\Ying-Long Engine\CodeFile\Graphics\Drawable\SolidCone.h(55,21): warning C4996: 'YingLong::Graphics': Use DX12Renderer instead
  (编译源文件“CodeFile/Graphics/Light/PointLight.cpp”)
  
E:\Projects\Ying-Long-Engine\Ying-Long Engine\CodeFile\Graphics\Light\SpotLight.h(105,13): warning C4996: 'YingLong::Graphics': Use DX12Renderer instead
  (编译源文件“CodeFile/Graphics/Light/PointLight.cpp”)
  
E:\Projects\Ying-Long-Engine\Ying-Long Engine\CodeFile\Graphics\Light\SpotLight.h(117,13): warning C4996: 'YingLong::Graphics': Use DX12Renderer instead
  (编译源文件“CodeFile/Graphics/Light/PointLight.cpp”)
  
E:\Projects\Ying-Long-Engine\Ying-Long Engine\CodeFile\Graphics\Light\LightManager.h(40,26): warning C4996: 'YingLong::Graphics': Use DX12Renderer instead
  (编译源文件“CodeFile/Graphics/Light/PointLight.cpp”)
  
E:\Projects\Ying-Long-Engine\Ying-Long Engine\CodeFile\Graphics\Light\LightManager.h(70,22): warning C4996: 'YingLong::Graphics': Use DX12Renderer instead
  (编译源文件“CodeFile/Graphics/Light/PointLight.cpp”)
  
E:\Projects\Ying-Long-Engine\Ying-Long Engine\CodeFile\Graphics\Light\PointLight.cpp(11,25): warning C4996: 'YingLong::Graphics': Use DX12Renderer instead
E:\Projects\Ying-Long-Engine\Ying-Long Engine\CodeFile\Graphics\Light\PointLight.cpp(32,42): warning C4244: “参数”: 从“float”转换到“ImGuiColorEditFlags”，可能丢失数据
E:\Projects\Ying-Long-Engine\Ying-Long Engine\CodeFile\Graphics\Light\PointLight.cpp(99,24): warning C4996: 'YingLong::Graphics': Use DX12Renderer instead
E:\Projects\Ying-Long-Engine\Ying-Long Engine\CodeFile\Graphics\Light\PointLight.cpp(103,8): warning C4996: 'YingLong::Drawable::Draw': Use DX12Drawable instead
E:\Projects\Ying-Long-Engine\Ying-Long Engine\CodeFile\Graphics\Graphics.h(238,19): warning C4996: 'YingLong::RenderTarget': Use RenderTargetDX12 instead
  (编译源文件“CodeFile/Graphics/Light/SpotLight.cpp”)
  
E:\Projects\Ying-Long-Engine\Ying-Long Engine\CodeFile\Graphics\Graphics.h(239,19): warning C4996: 'YingLong::RenderTarget': Use RenderTargetDX12 instead
  (编译源文件“CodeFile/Graphics/Light/SpotLight.cpp”)
  
E:\Projects\Ying-Long-Engine\Ying-Long Engine\CodeFile\Graphics\Graphics.h(240,19): warning C4996: 'YingLong::DepthStencil': Use DepthStencilDX12 instead
  (编译源文件“CodeFile/Graphics/Light/SpotLight.cpp”)
  
  WARNING: Bindable.h is deprecated. Use BindableDX12 instead.
E:\Projects\Ying-Long-Engine\Ying-Long Engine\CodeFile\Graphics\Bindable\ConstantBuffers.h(49,15): warning C4996: 'YingLong::Graphics': Use DX12Renderer instead
  (编译源文件“CodeFile/Graphics/Light/SpotLight.cpp”)
      E:\Projects\Ying-Long-Engine\Ying-Long Engine\CodeFile\Graphics\Bindable\ConstantBuffers.h(49,15):
      模板实例化上下文(最早的实例化上下文)为
          E:\Projects\Ying-Long-Engine\Ying-Long Engine\CodeFile\Graphics\Bindable\ConstantBuffers.h(26,9):
          在编译类模板“YingLong::ConstantBuffer”时
  
E:\Projects\Ying-Long-Engine\Ying-Long Engine\CodeFile\Graphics\Bindable\ConstantBuffers.h(82,18): warning C4996: 'YingLong::Graphics': Use DX12Renderer instead
  (编译源文件“CodeFile/Graphics/Light/SpotLight.cpp”)
  
E:\Projects\Ying-Long-Engine\Ying-Long Engine\CodeFile\Graphics\Bindable\ConstantBuffers.h(116,18): warning C4996: 'YingLong::Graphics': Use DX12Renderer instead
  (编译源文件“CodeFile/Graphics/Light/SpotLight.cpp”)
  
E:\Projects\Ying-Long-Engine\Ying-Long Engine\CodeFile\Graphics\Bindable\ConstantBuffers.h(164,13): warning C4996: 'YingLong::Graphics': Use DX12Renderer instead
  (编译源文件“CodeFile/Graphics/Light/SpotLight.cpp”)
      E:\Projects\Ying-Long-Engine\Ying-Long Engine\CodeFile\Graphics\Bindable\ConstantBuffers.h(164,13):
      模板实例化上下文(最早的实例化上下文)为
          E:\Projects\Ying-Long-Engine\Ying-Long Engine\CodeFile\Graphics\Bindable\ConstantBuffers.h(149,8):
          在编译类模板“YingLong::VertexConstantBuffer”时
  
E:\Projects\Ying-Long-Engine\Ying-Long Engine\CodeFile\Graphics\Bindable\ConstantBuffers.h(194,13): warning C4996: 'YingLong::Graphics': Use DX12Renderer instead
  (编译源文件“CodeFile/Graphics/Light/SpotLight.cpp”)
      E:\Projects\Ying-Long-Engine\Ying-Long Engine\CodeFile\Graphics\Bindable\ConstantBuffers.h(194,13):
      模板实例化上下文(最早的实例化上下文)为
          E:\Projects\Ying-Long-Engine\Ying-Long Engine\CodeFile\Graphics\Bindable\ConstantBuffers.h(180,8):
          在编译类模板“YingLong::PixelConstantBuffer”时
  
E:\Projects\Ying-Long-Engine\Ying-Long Engine\CodeFile\Graphics\Bindable\IndexBuffer.h(23,29): warning C4996: 'YingLong::Bindable': Use BindableDX12 instead
  (编译源文件“CodeFile/Graphics/Light/SpotLight.cpp”)
  
E:\Projects\Ying-Long-Engine\Ying-Long Engine\CodeFile\Graphics\Bindable\IndexBuffer.h(34,15): warning C4996: 'YingLong::Graphics': Use DX12Renderer instead
  (编译源文件“CodeFile/Graphics/Light/SpotLight.cpp”)
  
E:\Projects\Ying-Long-Engine\Ying-Long Engine\CodeFile\Graphics\Bindable\IndexBuffer.h(44,15): warning C4996: 'YingLong::Graphics': Use DX12Renderer instead
  (编译源文件“CodeFile/Graphics/Light/SpotLight.cpp”)
  
E:\Projects\Ying-Long-Engine\Ying-Long Engine\CodeFile\Graphics\Bindable\IndexBuffer.h(53,13): warning C4996: 'YingLong::Graphics': Use DX12Renderer instead
  (编译源文件“CodeFile/Graphics/Light/SpotLight.cpp”)
  
  WARNING: Drawable.h is deprecated. Use DX12Drawable instead.
E:\Projects\Ying-Long-Engine\Ying-Long Engine\CodeFile\Graphics\Drawable\Drawable.h(92,13): warning C4996: 'YingLong::Graphics': Use DX12Renderer instead
  (编译源文件“CodeFile/Graphics/Light/SpotLight.cpp”)
  
E:\Projects\Ying-Long-Engine\Ying-Long Engine\CodeFile\Graphics\Drawable\Drawable.h(116,32): warning C4996: 'YingLong::Bindable': Use BindableDX12 instead
  (编译源文件“CodeFile/Graphics/Light/SpotLight.cpp”)
  
E:\Projects\Ying-Long-Engine\Ying-Long Engine\CodeFile\Graphics\Drawable\Drawable.h(144,45): warning C4996: 'YingLong::Bindable': Use BindableDX12 instead
  (编译源文件“CodeFile/Graphics/Light/SpotLight.cpp”)
  
E:\Projects\Ying-Long-Engine\Ying-Long Engine\CodeFile\Graphics\Drawable\Drawable.h(148,31): warning C4996: 'YingLong::Bindable': Use BindableDX12 instead
  (编译源文件“CodeFile/Graphics/Light/SpotLight.cpp”)
  
E:\Projects\Ying-Long-Engine\Ying-Long Engine\CodeFile\Graphics\Drawable\DrawableBase.h(59,38): warning C4996: 'YingLong::Bindable': Use BindableDX12 instead
  (编译源文件“CodeFile/Graphics/Light/SpotLight.cpp”)
      E:\Projects\Ying-Long-Engine\Ying-Long Engine\CodeFile\Graphics\Drawable\DrawableBase.h(59,38):
      模板实例化上下文(最早的实例化上下文)为
          E:\Projects\Ying-Long-Engine\Ying-Long Engine\CodeFile\Graphics\Drawable\DrawableBase.h(34,8):
          在编译类模板“YingLong::DrawableBase”时
  
E:\Projects\Ying-Long-Engine\Ying-Long Engine\CodeFile\Graphics\Drawable\DrawableBase.h(123,37): warning C4996: 'YingLong::Bindable': Use BindableDX12 instead
  (编译源文件“CodeFile/Graphics/Light/SpotLight.cpp”)
  
E:\Projects\Ying-Long-Engine\Ying-Long Engine\CodeFile\Graphics\Drawable\DrawableBase.h(128,38): warning C4996: 'YingLong::Bindable': Use BindableDX12 instead
  (编译源文件“CodeFile/Graphics/Light/SpotLight.cpp”)
  
E:\Projects\Ying-Long-Engine\Ying-Long Engine\CodeFile\Graphics\Drawable\DrawableBase.h(133,30): warning C4996: 'YingLong::Bindable': Use BindableDX12 instead
  (编译源文件“CodeFile/Graphics/Light/SpotLight.cpp”)
  
E:\Projects\Ying-Long-Engine\Ying-Long Engine\CodeFile\Graphics\Bindable\InputLayout.h(24,29): warning C4996: 'YingLong::Bindable': Use BindableDX12 instead
  (编译源文件“CodeFile/Graphics/Light/SpotLight.cpp”)
  
E:\Projects\Ying-Long-Engine\Ying-Long Engine\CodeFile\Graphics\Bindable\InputLayout.h(36,15): warning C4996: 'YingLong::Graphics': Use DX12Renderer instead
  (编译源文件“CodeFile/Graphics/Light/SpotLight.cpp”)
  
E:\Projects\Ying-Long-Engine\Ying-Long Engine\CodeFile\Graphics\Bindable\InputLayout.h(46,13): warning C4996: 'YingLong::Graphics': Use DX12Renderer instead
  (编译源文件“CodeFile/Graphics/Light/SpotLight.cpp”)
  
E:\Projects\Ying-Long-Engine\Ying-Long Engine\CodeFile\Graphics\Bindable\TransformConstantBuffer.h(30,41): warning C4996: 'YingLong::Bindable': Use BindableDX12 instead
  (编译源文件“CodeFile/Graphics/Light/SpotLight.cpp”)
  
E:\Projects\Ying-Long-Engine\Ying-Long Engine\CodeFile\Graphics\Bindable\TransformConstantBuffer.h(42,27): warning C4996: 'YingLong::Graphics': Use DX12Renderer instead
  (编译源文件“CodeFile/Graphics/Light/SpotLight.cpp”)
  
E:\Projects\Ying-Long-Engine\Ying-Long Engine\CodeFile\Graphics\Bindable\TransformConstantBuffer.h(42,53): warning C4996: 'YingLong::Drawable': Use DX12Drawable instead
  (编译源文件“CodeFile/Graphics/Light/SpotLight.cpp”)
  
E:\Projects\Ying-Long-Engine\Ying-Long Engine\CodeFile\Graphics\Bindable\TransformConstantBuffer.h(54,13): warning C4996: 'YingLong::Graphics': Use DX12Renderer instead
  (编译源文件“CodeFile/Graphics/Light/SpotLight.cpp”)
  
E:\Projects\Ying-Long-Engine\Ying-Long Engine\CodeFile\Graphics\Bindable\TransformConstantBuffer.h(70,9): warning C4996: 'YingLong::Drawable': Use DX12Drawable instead
  (编译源文件“CodeFile/Graphics/Light/SpotLight.cpp”)
  
E:\Projects\Ying-Long-Engine\Ying-Long Engine\CodeFile\Graphics\Bindable\SolidColorConstantBuffer.h(40,42): warning C4996: 'YingLong::Bindable': Use BindableDX12 instead
  (编译源文件“CodeFile/Graphics/Light/SpotLight.cpp”)
  
E:\Projects\Ying-Long-Engine\Ying-Long Engine\CodeFile\Graphics\Bindable\SolidColorConstantBuffer.h(51,28): warning C4996: 'YingLong::Graphics': Use DX12Renderer instead
  (编译源文件“CodeFile/Graphics/Light/SpotLight.cpp”)
  
E:\Projects\Ying-Long-Engine\Ying-Long Engine\CodeFile\Graphics\Bindable\SolidColorConstantBuffer.h(60,13): warning C4996: 'YingLong::Graphics': Use DX12Renderer instead
  (编译源文件“CodeFile/Graphics/Light/SpotLight.cpp”)
  
E:\Projects\Ying-Long-Engine\Ying-Long Engine\CodeFile\Graphics\Bindable\VertexShader.h(31,30): warning C4996: 'YingLong::Bindable': Use BindableDX12 instead
  (编译源文件“CodeFile/Graphics/Light/SpotLight.cpp”)
  
E:\Projects\Ying-Long-Engine\Ying-Long Engine\CodeFile\Graphics\Bindable\VertexShader.h(47,16): warning C4996: 'YingLong::Graphics': Use DX12Renderer instead
  (编译源文件“CodeFile/Graphics/Light/SpotLight.cpp”)
  
E:\Projects\Ying-Long-Engine\Ying-Long Engine\CodeFile\Graphics\Bindable\VertexShader.h(63,19): warning C4996: 'YingLong::Graphics': Use DX12Renderer instead
  (编译源文件“CodeFile/Graphics/Light/SpotLight.cpp”)
  
E:\Projects\Ying-Long-Engine\Ying-Long Engine\CodeFile\Graphics\Bindable\VertexShader.h(72,13): warning C4996: 'YingLong::Graphics': Use DX12Renderer instead
  (编译源文件“CodeFile/Graphics/Light/SpotLight.cpp”)
  
E:\Projects\Ying-Long-Engine\Ying-Long Engine\CodeFile\Graphics\Bindable\PixelShader.h(28,29): warning C4996: 'YingLong::Bindable': Use BindableDX12 instead
  (编译源文件“CodeFile/Graphics/Light/SpotLight.cpp”)
  
E:\Projects\Ying-Long-Engine\Ying-Long Engine\CodeFile\Graphics\Bindable\PixelShader.h(44,15): warning C4996: 'YingLong::Graphics': Use DX12Renderer instead
  (编译源文件“CodeFile/Graphics/Light/SpotLight.cpp”)
  
E:\Projects\Ying-Long-Engine\Ying-Long Engine\CodeFile\Graphics\Bindable\PixelShader.h(59,19): warning C4996: 'YingLong::Graphics': Use DX12Renderer instead
  (编译源文件“CodeFile/Graphics/Light/SpotLight.cpp”)
  
E:\Projects\Ying-Long-Engine\Ying-Long Engine\CodeFile\Graphics\Bindable\PixelShader.h(68,13): warning C4996: 'YingLong::Graphics': Use DX12Renderer instead
  (编译源文件“CodeFile/Graphics/Light/SpotLight.cpp”)
  
E:\Projects\Ying-Long-Engine\Ying-Long Engine\CodeFile\Graphics\Bindable\Topology.h(24,26): warning C4996: 'YingLong::Bindable': Use BindableDX12 instead
  (编译源文件“CodeFile/Graphics/Light/SpotLight.cpp”)
  
E:\Projects\Ying-Long-Engine\Ying-Long Engine\CodeFile\Graphics\Bindable\Topology.h(35,12): warning C4996: 'YingLong::Graphics': Use DX12Renderer instead
  (编译源文件“CodeFile/Graphics/Light/SpotLight.cpp”)
  
E:\Projects\Ying-Long-Engine\Ying-Long Engine\CodeFile\Graphics\Bindable\Topology.h(44,13): warning C4996: 'YingLong::Graphics': Use DX12Renderer instead
  (编译源文件“CodeFile/Graphics/Light/SpotLight.cpp”)
  
E:\Projects\Ying-Long-Engine\Ying-Long Engine\CodeFile\Graphics\Bindable\VertexBuffer.h(29,33): warning C4996: 'YingLong::Bindable': Use BindableDX12 instead
  (编译源文件“CodeFile/Graphics/Light/SpotLight.cpp”)
  
E:\Projects\Ying-Long-Engine\Ying-Long Engine\CodeFile\Graphics\Bindable\VertexBuffer.h(46,22): warning C4996: 'YingLong::Graphics': Use DX12Renderer instead
  (编译源文件“CodeFile/Graphics/Light/SpotLight.cpp”)
  
E:\Projects\Ying-Long-Engine\Ying-Long Engine\CodeFile\Graphics\Bindable\VertexBuffer.h(76,19): warning C4996: 'YingLong::Graphics': Use DX12Renderer instead
  (编译源文件“CodeFile/Graphics/Light/SpotLight.cpp”)
  
E:\Projects\Ying-Long-Engine\Ying-Long Engine\CodeFile\Graphics\Bindable\VertexBuffer.h(79,13): warning C4996: 'YingLong::Bindable::GetDevicContext': Use BindableDX12 instead
  (编译源文件“CodeFile/Graphics/Light/SpotLight.cpp”)
  
E:\Projects\Ying-Long-Engine\Ying-Long Engine\CodeFile\Graphics\Drawable\SolidCone.h(55,21): warning C4996: 'YingLong::Graphics': Use DX12Renderer instead
  (编译源文件“CodeFile/Graphics/Light/SpotLight.cpp”)
  
E:\Projects\Ying-Long-Engine\Ying-Long Engine\CodeFile\Graphics\Light\SpotLight.h(105,13): warning C4996: 'YingLong::Graphics': Use DX12Renderer instead
  (编译源文件“CodeFile/Graphics/Light/SpotLight.cpp”)
  
E:\Projects\Ying-Long-Engine\Ying-Long Engine\CodeFile\Graphics\Light\SpotLight.h(117,13): warning C4996: 'YingLong::Graphics': Use DX12Renderer instead
  (编译源文件“CodeFile/Graphics/Light/SpotLight.cpp”)
  
E:\Projects\Ying-Long-Engine\Ying-Long Engine\CodeFile\Graphics\Bindable\Texture.h(25,25): warning C4996: 'YingLong::Bindable': Use BindableDX12 instead
  (编译源文件“CodeFile/Graphics/Light/SpotLight.cpp”)
  
E:\Projects\Ying-Long-Engine\Ying-Long Engine\CodeFile\Graphics\Bindable\Texture.h(42,11): warning C4996: 'YingLong::Graphics': Use DX12Renderer instead
  (编译源文件“CodeFile/Graphics/Light/SpotLight.cpp”)
  
E:\Projects\Ying-Long-Engine\Ying-Long Engine\CodeFile\Graphics\Bindable\Texture.h(59,19): warning C4996: 'YingLong::Graphics': Use DX12Renderer instead
  (编译源文件“CodeFile/Graphics/Light/SpotLight.cpp”)
  
E:\Projects\Ying-Long-Engine\Ying-Long Engine\CodeFile\Graphics\Bindable\Texture.h(68,13): warning C4996: 'YingLong::Graphics': Use DX12Renderer instead
  (编译源文件“CodeFile/Graphics/Light/SpotLight.cpp”)
  
E:\Projects\Ying-Long-Engine\Ying-Long Engine\CodeFile\Graphics\Drawable\SolidSphere.h(49,23): warning C4996: 'YingLong::Graphics': Use DX12Renderer instead
  (编译源文件“CodeFile/Graphics/Light/SpotLight.cpp”)
  
E:\Projects\Ying-Long-Engine\Ying-Long Engine\CodeFile\Graphics\Light\PointLight.h(90,14): warning C4996: 'YingLong::Graphics': Use DX12Renderer instead
  (编译源文件“CodeFile/Graphics/Light/SpotLight.cpp”)
  
E:\Projects\Ying-Long-Engine\Ying-Long Engine\CodeFile\Graphics\Light\PointLight.h(102,13): warning C4996: 'YingLong::Graphics': Use DX12Renderer instead
  (编译源文件“CodeFile/Graphics/Light/SpotLight.cpp”)
  
E:\Projects\Ying-Long-Engine\Ying-Long Engine\CodeFile\Graphics\Light\LightManager.h(40,26): warning C4996: 'YingLong::Graphics': Use DX12Renderer instead
  (编译源文件“CodeFile/Graphics/Light/SpotLight.cpp”)
  
E:\Projects\Ying-Long-Engine\Ying-Long Engine\CodeFile\Graphics\Light\LightManager.h(70,22): warning C4996: 'YingLong::Graphics': Use DX12Renderer instead
  (编译源文件“CodeFile/Graphics/Light/SpotLight.cpp”)
  
E:\Projects\Ying-Long-Engine\Ying-Long Engine\CodeFile\Graphics\Light\SpotLight.cpp(11,23): warning C4996: 'YingLong::Graphics': Use DX12Renderer instead
E:\Projects\Ying-Long-Engine\Ying-Long Engine\CodeFile\Graphics\Light\SpotLight.cpp(64,23): warning C4996: 'YingLong::Graphics': Use DX12Renderer instead
E:\Projects\Ying-Long-Engine\Ying-Long Engine\CodeFile\Graphics\Light\SpotLight.cpp(74,8): warning C4996: 'YingLong::Drawable::Draw': Use DX12Drawable instead
  WARNING: Bindable.h is deprecated. Use BindableDX12 instead.
E:\Projects\Ying-Long-Engine\Ying-Long Engine\CodeFile\Graphics\Bindable\Texture.h(25,25): warning C4996: 'YingLong::Bindable': Use BindableDX12 instead
  (编译源文件“CodeFile/Graphics/ModelImporter/ModelImporter.cpp”)
  
C:\Program Files\Microsoft Visual Studio\2022\Community\VC\Tools\MSVC\14.44.35207\include\memory(3309,9): warning C4996: 'YingLong::Bindable::~Bindable': Use BindableDX12 instead
  (编译源文件“CodeFile/Graphics/Light/PointLight.cpp”)
      C:\Program Files\Microsoft Visual Studio\2022\Community\VC\Tools\MSVC\14.44.35207\include\memory(3309,9):
      模板实例化上下文(最早的实例化上下文)为
          E:\Projects\Ying-Long-Engine\Ying-Long Engine\CodeFile\Graphics\Drawable\DrawableBase.h(34,8):
          在编译类模板“YingLong::DrawableBase”时
          E:\Projects\Ying-Long-Engine\Ying-Long Engine\CodeFile\Graphics\Drawable\DrawableBase.h(63,4):
          查看对正在编译的 类 模板 实例化“std::unique_ptr<YingLong::Bindable,std::default_delete<YingLong::Bindable>>”的引用
          C:\Program Files\Microsoft Visual Studio\2022\Community\VC\Tools\MSVC\14.44.35207\include\memory(3352,92):
          查看对正在编译的 类 模板 实例化“std::default_delete<YingLong::Bindable>”的引用
          C:\Program Files\Microsoft Visual Studio\2022\Community\VC\Tools\MSVC\14.44.35207\include\memory(3307,23):
          在编译 类 模板 成员函数“void std::default_delete<YingLong::Bindable>::operator ()(_Ty *) noexcept const”时
          with
          [
              _Ty=YingLong::Bindable
          ]
              C:\Program Files\Microsoft Visual Studio\2022\Community\VC\Tools\MSVC\14.44.35207\include\memory(3427,33):
              请参阅 "std::unique_ptr<YingLong::Bindable,std::default_delete<YingLong::Bindable>>::~unique_ptr" 中对 "std::default_delete<YingLong::Bindable>::operator ()" 的第一个引用
              C:\Program Files\Microsoft Visual Studio\2022\Community\VC\Tools\MSVC\14.44.35207\include\memory(3483,1):
              请参阅 "std::unique_ptr<YingLong::Bindable,std::default_delete<YingLong::Bindable>>::~unique_ptr" 中对 "std::unique_ptr<YingLong::Bindable,std::default_delete<YingLong::Bindable>>::~unique_ptr" 的第一个引用
  
C:\Program Files\Microsoft Visual Studio\2022\Community\VC\Tools\MSVC\14.44.35207\include\memory(3309,9): warning C4996: 'YingLong::Bindable::~Bindable': Use BindableDX12 instead
  (编译源文件“CodeFile/Graphics/Light/SpotLight.cpp”)
      C:\Program Files\Microsoft Visual Studio\2022\Community\VC\Tools\MSVC\14.44.35207\include\memory(3309,9):
      模板实例化上下文(最早的实例化上下文)为
          E:\Projects\Ying-Long-Engine\Ying-Long Engine\CodeFile\Graphics\Drawable\DrawableBase.h(34,8):
          在编译类模板“YingLong::DrawableBase”时
          E:\Projects\Ying-Long-Engine\Ying-Long Engine\CodeFile\Graphics\Drawable\DrawableBase.h(63,4):
          查看对正在编译的 类 模板 实例化“std::unique_ptr<YingLong::Bindable,std::default_delete<YingLong::Bindable>>”的引用
          C:\Program Files\Microsoft Visual Studio\2022\Community\VC\Tools\MSVC\14.44.35207\include\memory(3352,92):
          查看对正在编译的 类 模板 实例化“std::default_delete<YingLong::Bindable>”的引用
          C:\Program Files\Microsoft Visual Studio\2022\Community\VC\Tools\MSVC\14.44.35207\include\memory(3307,23):
          在编译 类 模板 成员函数“void std::default_delete<YingLong::Bindable>::operator ()(_Ty *) noexcept const”时
          with
          [
              _Ty=YingLong::Bindable
          ]
              C:\Program Files\Microsoft Visual Studio\2022\Community\VC\Tools\MSVC\14.44.35207\include\memory(3427,33):
              请参阅 "std::unique_ptr<YingLong::Bindable,std::default_delete<YingLong::Bindable>>::~unique_ptr" 中对 "std::default_delete<YingLong::Bindable>::operator ()" 的第一个引用
              C:\Program Files\Microsoft Visual Studio\2022\Community\VC\Tools\MSVC\14.44.35207\include\memory(3483,1):
              请参阅 "std::unique_ptr<YingLong::Bindable,std::default_delete<YingLong::Bindable>>::~unique_ptr" 中对 "std::unique_ptr<YingLong::Bindable,std::default_delete<YingLong::Bindable>>::~unique_ptr" 的第一个引用
  
  WARNING: DepthStencil.h is deprecated. Use DepthStencilDX12 instead.
E:\Projects\Ying-Long-Engine\Ying-Long Engine\CodeFile\Graphics\Graphics.h(238,19): warning C4996: 'YingLong::RenderTarget': Use RenderTargetDX12 instead
  (编译源文件“CodeFile/Graphics/RenderTarget/RenderTarget.cpp”)
  
E:\Projects\Ying-Long-Engine\Ying-Long Engine\CodeFile\Graphics\Graphics.h(239,19): warning C4996: 'YingLong::RenderTarget': Use RenderTargetDX12 instead
  (编译源文件“CodeFile/Graphics/RenderTarget/RenderTarget.cpp”)
  
E:\Projects\Ying-Long-Engine\Ying-Long Engine\CodeFile\Graphics\Graphics.h(240,19): warning C4996: 'YingLong::DepthStencil': Use DepthStencilDX12 instead
  (编译源文件“CodeFile/Graphics/RenderTarget/RenderTarget.cpp”)
  
E:\Projects\Ying-Long-Engine\Ying-Long Engine\CodeFile\Graphics\Light\LightManager.cpp(12,32): warning C4996: 'YingLong::Graphics': Use DX12Renderer instead
E:\Projects\Ying-Long-Engine\Ying-Long Engine\CodeFile\Graphics\Bindable\ConstantBuffers.h(138,1): warning C4996: 'YingLong::Bindable': Use BindableDX12 instead
  (编译源文件“CodeFile/Graphics/Light/LightManager.cpp”)
      E:\Projects\Ying-Long-Engine\Ying-Long Engine\CodeFile\Graphics\Bindable\ConstantBuffers.h(138,1):
      此诊断出现在编译器生成的函数“YingLong::ConstantBuffer<C> &YingLong::ConstantBuffer<C>::operator =(const YingLong::ConstantBuffer<C> &)”中
          with
          [
              C=YingLong::PointLight::ConstantBuffer
          ]
      E:\Projects\Ying-Long-Engine\Ying-Long Engine\CodeFile\Graphics\Bindable\ConstantBuffers.h(202,1):
      参见对函数 "YingLong::ConstantBuffer<C> &YingLong::ConstantBuffer<C>::operator =(const YingLong::ConstantBuffer<C> &)" 的引用
          with
          [
              C=YingLong::PointLight::ConstantBuffer
          ]
  
E:\Projects\Ying-Long-Engine\Ying-Long Engine\CodeFile\Graphics\Light\LightManager.cpp(24,17): warning C4566: 由通用字符名称“\uFFFD”表示的字符不能在当前代码页(936)中表示出来
E:\Projects\Ying-Long-Engine\Ying-Long Engine\CodeFile\Graphics\Light\LightManager.cpp(24,17): warning C4566: 由通用字符名称“\u0135”表示的字符不能在当前代码页(936)中表示出来
E:\Projects\Ying-Long-Engine\Ying-Long Engine\CodeFile\Graphics\Light\LightManager.cpp(24,17): warning C4566: 由通用字符名称“\u0534”表示的字符不能在当前代码页(936)中表示出来
E:\Projects\Ying-Long-Engine\Ying-Long Engine\CodeFile\Graphics\RenderTarget\RenderTarget.cpp(23,26): warning C4996: 'YingLong::Graphics': Use DX12Renderer instead
E:\Projects\Ying-Long-Engine\Ying-Long Engine\CodeFile\Graphics\Light\LightManager.cpp(24,17): warning C4566: 由通用字符名称“\u047E”表示的字符不能在当前代码页(936)中表示出来
E:\Projects\Ying-Long-Engine\Ying-Long Engine\CodeFile\Graphics\Light\LightManager.cpp(24,17): warning C4566: 由通用字符名称“\uFD7D”表示的字符不能在当前代码页(936)中表示出来
E:\Projects\Ying-Long-Engine\Ying-Long Engine\CodeFile\Graphics\Light\LightManager.cpp(24,17): warning C4566: 由通用字符名称“\u013F”表示的字符不能在当前代码页(936)中表示出来
E:\Projects\Ying-Long-Engine\Ying-Long Engine\CodeFile\Graphics\Light\LightManager.cpp(24,17): warning C4566: 由通用字符名称“\u01F0”表示的字符不能在当前代码页(936)中表示出来
E:\Projects\Ying-Long-Engine\Ying-Long Engine\CodeFile\Graphics\RenderTarget\RenderTarget.cpp(30,12): warning C4996: 'YingLong::Graphics::pSwapChain': Use DX12Renderer instead
E:\Projects\Ying-Long-Engine\Ying-Long Engine\CodeFile\Graphics\Light\LightManager.cpp(24,17): warning C4566: 由通用字符名称“\u05A7”表示的字符不能在当前代码页(936)中表示出来
E:\Projects\Ying-Long-Engine\Ying-Long Engine\CodeFile\Graphics\RenderTarget\RenderTarget.cpp(33,12): warning C4996: 'YingLong::Graphics::pDevice': Use DX12Renderer instead
E:\Projects\Ying-Long-Engine\Ying-Long Engine\CodeFile\Graphics\Light\LightManager.cpp(24,17): warning C4566: 由通用字符名称“\u05B5”表示的字符不能在当前代码页(936)中表示出来
E:\Projects\Ying-Long-Engine\Ying-Long Engine\CodeFile\Graphics\RenderTarget\RenderTarget.cpp(66,25): warning C4996: 'YingLong::Graphics::pDevice': Use DX12Renderer instead
E:\Projects\Ying-Long-Engine\Ying-Long Engine\CodeFile\Graphics\Light\LightManager.cpp(24,17): warning C4566: 由通用字符名称“\u07A3”表示的字符不能在当前代码页(936)中表示出来
E:\Projects\Ying-Long-Engine\Ying-Long Engine\CodeFile\Graphics\RenderTarget\RenderTarget.cpp(75,12): warning C4996: 'YingLong::Graphics::pDevice': Use DX12Renderer instead
E:\Projects\Ying-Long-Engine\Ying-Long Engine\CodeFile\Graphics\Light\LightManager.cpp(24,17): warning C4566: 由通用字符名称“\u07B8”表示的字符不能在当前代码页(936)中表示出来
E:\Projects\Ying-Long-Engine\Ying-Long Engine\CodeFile\Graphics\RenderTarget\RenderTarget.cpp(84,12): warning C4996: 'YingLong::Graphics::pDevice': Use DX12Renderer instead
E:\Projects\Ying-Long-Engine\Ying-Long Engine\CodeFile\Graphics\Light\LightManager.cpp(24,17): warning C4566: 由通用字符名称“\u07B2”表示的字符不能在当前代码页(936)中表示出来
E:\Projects\Ying-Long-Engine\Ying-Long Engine\CodeFile\Graphics\RenderTarget\RenderTarget.cpp(93,38): warning C4996: 'YingLong::Graphics': Use DX12Renderer instead
E:\Projects\Ying-Long-Engine\Ying-Long Engine\CodeFile\Graphics\RenderTarget\RenderTarget.cpp(98,11): warning C4996: 'YingLong::Graphics::pDeviceContext': Use DX12Renderer instead
E:\Projects\Ying-Long-Engine\Ying-Long Engine\CodeFile\Graphics\RenderTarget\RenderTarget.cpp(102,11): warning C4996: 'YingLong::Graphics::pDeviceContext': Use DX12Renderer instead
E:\Projects\Ying-Long-Engine\Ying-Long Engine\CodeFile\Graphics\RenderTarget\RenderTarget.cpp(103,12): warning C4996: 'YingLong::Graphics::color': Use DX12Renderer instead
E:\Projects\Ying-Long-Engine\Ying-Long Engine\CodeFile\Graphics\Light\LightManager.cpp(34,17): warning C4566: 由通用字符名称“\uFFFD”表示的字符不能在当前代码页(936)中表示出来
E:\Projects\Ying-Long-Engine\Ying-Long Engine\CodeFile\Graphics\Light\LightManager.cpp(34,17): warning C4566: 由通用字符名称“\u013E”表示的字符不能在当前代码页(936)中表示出来
E:\Projects\Ying-Long-Engine\Ying-Long Engine\CodeFile\Graphics\Light\LightManager.cpp(34,17): warning C4566: 由通用字符名称“\u06F9”表示的字符不能在当前代码页(936)中表示出来
E:\Projects\Ying-Long-Engine\Ying-Long Engine\CodeFile\Graphics\Light\LightManager.cpp(34,17): warning C4566: 由通用字符名称“\u047E”表示的字符不能在当前代码页(936)中表示出来
E:\Projects\Ying-Long-Engine\Ying-Long Engine\CodeFile\Graphics\Light\LightManager.cpp(34,17): warning C4566: 由通用字符名称“\uFD7D”表示的字符不能在当前代码页(936)中表示出来
E:\Projects\Ying-Long-Engine\Ying-Long Engine\CodeFile\Graphics\Light\LightManager.cpp(34,17): warning C4566: 由通用字符名称“\u013F”表示的字符不能在当前代码页(936)中表示出来
E:\Projects\Ying-Long-Engine\Ying-Long Engine\CodeFile\Graphics\Light\LightManager.cpp(34,17): warning C4566: 由通用字符名称“\u01F0”表示的字符不能在当前代码页(936)中表示出来
E:\Projects\Ying-Long-Engine\Ying-Long Engine\CodeFile\Graphics\Light\LightManager.cpp(34,17): warning C4566: 由通用字符名称“\u05A7”表示的字符不能在当前代码页(936)中表示出来
E:\Projects\Ying-Long-Engine\Ying-Long Engine\CodeFile\Graphics\Light\LightManager.cpp(34,17): warning C4566: 由通用字符名称“\u05B5”表示的字符不能在当前代码页(936)中表示出来
E:\Projects\Ying-Long-Engine\Ying-Long Engine\CodeFile\Graphics\Light\LightManager.cpp(34,17): warning C4566: 由通用字符名称“\u07A3”表示的字符不能在当前代码页(936)中表示出来
E:\Projects\Ying-Long-Engine\Ying-Long Engine\CodeFile\Graphics\Light\LightManager.cpp(34,17): warning C4566: 由通用字符名称“\u07B8”表示的字符不能在当前代码页(936)中表示出来
E:\Projects\Ying-Long-Engine\Ying-Long Engine\CodeFile\Graphics\Light\LightManager.cpp(34,17): warning C4566: 由通用字符名称“\u07B2”表示的字符不能在当前代码页(936)中表示出来
E:\Projects\Ying-Long-Engine\Ying-Long Engine\CodeFile\Graphics\Light\LightManager.cpp(38,28): warning C4996: 'YingLong::Graphics': Use DX12Renderer instead
E:\Projects\Ying-Long-Engine\Ying-Long Engine\CodeFile\Graphics\Bindable\ConstantBuffers.h(37,3): warning C4996: 'YingLong::Bindable::Bindable': Use BindableDX12 instead
  (编译源文件“CodeFile/Graphics/Light/LightManager.cpp”)
      E:\Projects\Ying-Long-Engine\Ying-Long Engine\CodeFile\Graphics\Bindable\ConstantBuffers.h(202,1):
      参见对函数 "YingLong::ConstantBuffer<C>::ConstantBuffer(const YingLong::ConstantBuffer<C> &)" 的引用
          with
          [
              C=YingLong::PointLight::ConstantBuffer
          ]
  
E:\Projects\Ying-Long-Engine\Ying-Long Engine\CodeFile\Graphics\Bindable\ConstantBuffers.h(130,4): warning C4996: 'YingLong::Graphics': Use DX12Renderer instead
  (编译源文件“CodeFile/Graphics/Light/LightManager.cpp”)
      E:\Projects\Ying-Long-Engine\Ying-Long Engine\CodeFile\Graphics\Bindable\ConstantBuffers.h(130,4):
      模板实例化上下文(最早的实例化上下文)为
          E:\Projects\Ying-Long-Engine\Ying-Long Engine\CodeFile\Graphics\Light\LightManager.cpp(10,63):
          查看对正在编译的 类 模板 实例化“YingLong::PixelConstantBuffer<YingLong::SpotLight::ConstantBuffer>”的引用
          E:\Projects\Ying-Long-Engine\Ying-Long Engine\CodeFile\Graphics\Bindable\ConstantBuffers.h(180,37):
          查看对正在编译的 类 模板 实例化“YingLong::ConstantBuffer<C>”的引用
          with
          [
              C=YingLong::SpotLight::ConstantBuffer
          ]
          E:\Projects\Ying-Long-Engine\Ying-Long Engine\CodeFile\Graphics\Bindable\ConstantBuffers.h(116,3):
          在编译 类 模板 成员函数“YingLong::ConstantBuffer<C>::ConstantBuffer(YingLong::Graphics &,UINT)”时
          with
          [
              C=YingLong::SpotLight::ConstantBuffer
          ]
              E:\Projects\Ying-Long-Engine\Ying-Long Engine\CodeFile\Graphics\Bindable\ConstantBuffers.h(185,3):
              请参阅 "YingLong::PixelConstantBuffer<YingLong::SpotLight::ConstantBuffer>::PixelConstantBuffer" 中对 "YingLong::ConstantBuffer<C>::ConstantBuffer" 的第一个引用
          with
          [
              C=YingLong::SpotLight::ConstantBuffer
          ]
  
E:\Projects\Ying-Long-Engine\Ying-Long Engine\CodeFile\Graphics\Bindable\ConstantBuffers.h(117,3): warning C4996: 'YingLong::Bindable::~Bindable': Use BindableDX12 instead
  (编译源文件“CodeFile/Graphics/Light/LightManager.cpp”)
  
E:\Projects\Ying-Long-Engine\Ying-Long Engine\CodeFile\Graphics\Bindable\ConstantBuffers.h(130,4): warning C4996: 'YingLong::Bindable::GetDevice': Use BindableDX12 instead
  (编译源文件“CodeFile/Graphics/Light/LightManager.cpp”)
  
E:\Projects\Ying-Long-Engine\Ying-Long Engine\CodeFile\Graphics\Bindable\ConstantBuffers.h(59,4): warning C4996: 'YingLong::Graphics': Use DX12Renderer instead
  (编译源文件“CodeFile/Graphics/Light/LightManager.cpp”)
      E:\Projects\Ying-Long-Engine\Ying-Long Engine\CodeFile\Graphics\Bindable\ConstantBuffers.h(59,4):
      模板实例化上下文(最早的实例化上下文)为
          E:\Projects\Ying-Long-Engine\Ying-Long Engine\CodeFile\Graphics\Bindable\ConstantBuffers.h(49,8):
          在编译 类 模板 成员函数“void YingLong::ConstantBuffer<C>::Update(YingLong::Graphics &,const C &)”时
          with
          [
              C=YingLong::SpotLight::ConstantBuffer
          ]
              E:\Projects\Ying-Long-Engine\Ying-Long Engine\CodeFile\Graphics\Light\LightManager.cpp(75,34):
              请参阅 "YingLong::LightManager::Update" 中对 "YingLong::ConstantBuffer<C>::Update" 的第一个引用
          with
          [
              C=YingLong::SpotLight::ConstantBuffer
          ]
  
E:\Projects\Ying-Long-Engine\Ying-Long Engine\CodeFile\Graphics\Bindable\ConstantBuffers.h(59,4): warning C4996: 'YingLong::Bindable::GetDevicContext': Use BindableDX12 instead
  (编译源文件“CodeFile/Graphics/Light/LightManager.cpp”)
  
E:\Projects\Ying-Long-Engine\Ying-Long Engine\CodeFile\Graphics\Bindable\ConstantBuffers.h(70,4): warning C4996: 'YingLong::Bindable::GetDevicContext': Use BindableDX12 instead
  (编译源文件“CodeFile/Graphics/Light/LightManager.cpp”)
  
E:\Projects\Ying-Long-Engine\Ying-Long Engine\CodeFile\Graphics\Bindable\ConstantBuffers.h(196,14): warning C4996: 'YingLong::Bindable::GetDevicContext': Use BindableDX12 instead
  (编译源文件“CodeFile/Graphics/Light/LightManager.cpp”)
      E:\Projects\Ying-Long-Engine\Ying-Long Engine\CodeFile\Graphics\Bindable\ConstantBuffers.h(196,14):
      模板实例化上下文(最早的实例化上下文)为
          E:\Projects\Ying-Long-Engine\Ying-Long Engine\CodeFile\Graphics\Bindable\ConstantBuffers.h(194,8):
          在编译 类 模板 成员函数“void YingLong::PixelConstantBuffer<YingLong::MaterialCBufferData>::Bind(YingLong::Graphics &) noexcept”时
  
C:\Program Files\Microsoft Visual Studio\2022\Community\VC\Tools\MSVC\14.44.35207\include\memory(3309,9): warning C4996: 'YingLong::Bindable::~Bindable': Use BindableDX12 instead
  (编译源文件“CodeFile/Graphics/Light/LightManager.cpp”)
      C:\Program Files\Microsoft Visual Studio\2022\Community\VC\Tools\MSVC\14.44.35207\include\memory(3309,9):
      模板实例化上下文(最早的实例化上下文)为
          E:\Projects\Ying-Long-Engine\Ying-Long Engine\CodeFile\Graphics\Drawable\DrawableBase.h(34,8):
          在编译类模板“YingLong::DrawableBase”时
          E:\Projects\Ying-Long-Engine\Ying-Long Engine\CodeFile\Graphics\Drawable\DrawableBase.h(63,4):
          查看对正在编译的 类 模板 实例化“std::unique_ptr<YingLong::Bindable,std::default_delete<YingLong::Bindable>>”的引用
          C:\Program Files\Microsoft Visual Studio\2022\Community\VC\Tools\MSVC\14.44.35207\include\memory(3352,92):
          查看对正在编译的 类 模板 实例化“std::default_delete<YingLong::Bindable>”的引用
          C:\Program Files\Microsoft Visual Studio\2022\Community\VC\Tools\MSVC\14.44.35207\include\memory(3307,23):
          在编译 类 模板 成员函数“void std::default_delete<YingLong::Bindable>::operator ()(_Ty *) noexcept const”时
          with
          [
              _Ty=YingLong::Bindable
          ]
              C:\Program Files\Microsoft Visual Studio\2022\Community\VC\Tools\MSVC\14.44.35207\include\memory(3427,33):
              请参阅 "std::unique_ptr<YingLong::Bindable,std::default_delete<YingLong::Bindable>>::~unique_ptr" 中对 "std::default_delete<YingLong::Bindable>::operator ()" 的第一个引用
              C:\Program Files\Microsoft Visual Studio\2022\Community\VC\Tools\MSVC\14.44.35207\include\memory(3483,1):
              请参阅 "std::unique_ptr<YingLong::Bindable,std::default_delete<YingLong::Bindable>>::~unique_ptr" 中对 "std::unique_ptr<YingLong::Bindable,std::default_delete<YingLong::Bindable>>::~unique_ptr" 的第一个引用
  
  Ying-Long Engine.vcxproj -> E:\Projects\Ying-Long-Engine\Build\Debug - windows\x86_64\Ying-Long Engine.exe
