  Application.cpp
  Keyboard.cpp
  Mouse.cpp
  Window.cpp
  Entity.cpp
  Scene.cpp
  System.cpp
  EntryPoint.cpp
  Exception.cpp
  Saver.cpp
  AABB.cpp
  AABBManager.cpp
  Bindable.cpp
  IndexBuffer.cpp
  InputLayout.cpp
  PixelShader.cpp
  WARNING: Bindable.h is deprecated. Use BindableDX12 instead.
  WARNING: Bindable.h is deprecated. Use BindableDX12 instead.
  WARNING: Bindable.h is deprecated. Use BindableDX12 instead.
E:\Projects\Ying-Long-Engine\Ying-Long-Engine\Ying-Long Engine\CodeFile\ECS\Scene\Scene.cpp(1,1): warning C4819: 该文件包含不能在当前代码页(936)中表示的字符。请将该文件保存为 Unicode 格式以防止数据丢失
E:\Projects\Ying-Long-Engine\Ying-Long-Engine\Ying-Long Engine\CodeFile\ECS\Scene\Scene.h(1,1): warning C4819: 该文件包含不能在当前代码页(936)中表示的字符。请将该文件保存为 Unicode 格式以防止数据丢失
  (编译源文件“CodeFile/ECS/Scene/Scene.cpp”)
  
E:\Projects\Ying-Long-Engine\Ying-Long-Engine\Ying-Long Engine\CodeFile\Application\Application.cpp(1,1): warning C4819: 该文件包含不能在当前代码页(936)中表示的字符。请将该文件保存为 Unicode 格式以防止数据丢失
  WARNING: Bindable.h is deprecated. Use BindableDX12 instead.
  Sampler.cpp
  WARNING: Bindable.h is deprecated. Use BindableDX12 instead.
  SolidColorConstantBuffer.cpp
  Texture.cpp
  Topology.cpp
  WARNING: Bindable.h is deprecated. Use BindableDX12 instead.
E:\Projects\Ying-Long-Engine\Ying-Long-Engine\Ying-Long Engine\CodeFile\ECS\Scene\Scene.h(1,1): warning C4819: 该文件包含不能在当前代码页(936)中表示的字符。请将该文件保存为 Unicode 格式以防止数据丢失
  (编译源文件“CodeFile/ECS/System/System.cpp”)
  
  WARNING: Bindable.h is deprecated. Use BindableDX12 instead.
  WARNING: Graphics.h is deprecated. Use DX12Renderer instead.
E:\Projects\Ying-Long-Engine\Ying-Long-Engine\Ying-Long Engine\CodeFile\Graphics\Bindable\IndexBuffer.h(6,29): warning C4996: 'DE::Bindable': Use BindableDX12 instead
  (编译源文件“CodeFile/Graphics/Bindable/IndexBuffer.cpp”)
  
  WARNING: Graphics.h is deprecated. Use DX12Renderer instead.
E:\Projects\Ying-Long-Engine\Ying-Long-Engine\Ying-Long Engine\CodeFile\Graphics\Bindable\InputLayout.h(6,29): warning C4996: 'DE::Bindable': Use BindableDX12 instead
  (编译源文件“CodeFile/Graphics/Bindable/InputLayout.cpp”)
  
E:\Projects\Ying-Long-Engine\Ying-Long-Engine\Ying-Long Engine\CodeFile\Graphics\Bindable\InputLayout.cpp(8,2): warning C4996: 'DE::Bindable::~Bindable': Use BindableDX12 instead
E:\Projects\Ying-Long-Engine\Ying-Long-Engine\Ying-Long Engine\CodeFile\Graphics\Bindable\InputLayout.cpp(9,3): warning C4996: 'DE::Bindable::GetDevice': Use BindableDX12 instead
E:\Projects\Ying-Long-Engine\Ying-Long-Engine\Ying-Long Engine\CodeFile\Graphics\Bindable\InputLayout.cpp(17,3): warning C4996: 'DE::Bindable::GetDevicContext': Use BindableDX12 instead
E:\Projects\Ying-Long-Engine\Ying-Long-Engine\Ying-Long Engine\CodeFile\Graphics\Bindable\PixelShader.h(10,29): warning C4996: 'DE::Bindable': Use BindableDX12 instead
  (编译源文件“CodeFile/Graphics/Bindable/PixelShader.cpp”)
  
  WARNING: Graphics.h is deprecated. Use DX12Renderer instead.
E:\Projects\Ying-Long-Engine\Ying-Long-Engine\Ying-Long Engine\CodeFile\Graphics\Bindable\PixelShader.cpp(7,2): warning C4996: 'DE::Bindable::~Bindable': Use BindableDX12 instead
E:\Projects\Ying-Long-Engine\Ying-Long-Engine\Ying-Long Engine\CodeFile\Graphics\Bindable\PixelShader.h(15,4): warning C4996: 'DE::Bindable::~Bindable': Use BindableDX12 instead
  (编译源文件“CodeFile/Graphics/Bindable/PixelShader.cpp”)
      E:\Projects\Ying-Long-Engine\Ying-Long-Engine\Ying-Long Engine\CodeFile\Graphics\Bindable\PixelShader.cpp(7,2):
      参见对函数 "DE::PixelShader::~PixelShader(void)" 的引用
  
E:\Projects\Ying-Long-Engine\Ying-Long-Engine\Ying-Long Engine\CodeFile\Graphics\Bindable\PixelShader.cpp(26,8): warning C4996: 'DE::Bindable::GetDevice': Use BindableDX12 instead
E:\Projects\Ying-Long-Engine\Ying-Long-Engine\Ying-Long Engine\CodeFile\Graphics\Bindable\PixelShader.cpp(42,3): warning C4996: 'DE::Bindable::GetDevicContext': Use BindableDX12 instead
  TransformConstantBuffer.cpp
  WARNING: Bindable.h is deprecated. Use BindableDX12 instead.
  WARNING: Graphics.h is deprecated. Use DX12Renderer instead.
  WARNING: Bindable.h is deprecated. Use BindableDX12 instead.
  WARNING: Bindable.h is deprecated. Use BindableDX12 instead.
  VertexShader.cpp
E:\Projects\Ying-Long-Engine\Ying-Long-Engine\Ying-Long Engine\CodeFile\Graphics\Bindable\Sampler.h(6,25): warning C4996: 'DE::Bindable': Use BindableDX12 instead
  (编译源文件“CodeFile/Graphics/Bindable/Sampler.cpp”)
  
E:\Projects\Ying-Long-Engine\Ying-Long-Engine\Ying-Long Engine\CodeFile\Graphics\Bindable\Sampler.cpp(6,2): warning C4996: 'DE::Bindable::~Bindable': Use BindableDX12 instead
E:\Projects\Ying-Long-Engine\Ying-Long-Engine\Ying-Long Engine\CodeFile\Graphics\Bindable\Sampler.cpp(11,2): warning C4996: 'DE::Bindable::~Bindable': Use BindableDX12 instead
E:\Projects\Ying-Long-Engine\Ying-Long-Engine\Ying-Long Engine\CodeFile\Graphics\Bindable\Sampler.cpp(16,2): warning C4996: 'DE::Bindable::~Bindable': Use BindableDX12 instead
E:\Projects\Ying-Long-Engine\Ying-Long-Engine\Ying-Long Engine\CodeFile\Graphics\Bindable\Sampler.cpp(28,3): warning C4996: 'DE::Bindable::GetDevice': Use BindableDX12 instead
E:\Projects\Ying-Long-Engine\Ying-Long-Engine\Ying-Long Engine\CodeFile\Graphics\Bindable\Sampler.cpp(33,3): warning C4996: 'DE::Bindable::GetDevicContext': Use BindableDX12 instead
  Camera.cpp
  DX12Core.cpp
E:\Projects\Ying-Long-Engine\Ying-Long-Engine\Ying-Long Engine\CodeFile\Graphics\Bindable\IndexBuffer.h(6,29): warning C4996: 'DE::Bindable': Use BindableDX12 instead
  (编译源文件“CodeFile/Application/Application.cpp”)
  
  WARNING: DepthStencil.h is deprecated. Use DepthStencilDX12 instead.
  WARNING: RenderTarget.h is deprecated. Use RenderTargetDX12 instead.
  WARNING: Bindable.h is deprecated. Use BindableDX12 instead.
E:\Projects\Ying-Long-Engine\Ying-Long-Engine\Ying-Long Engine\CodeFile\Graphics\Graphics.h(90,19): warning C4996: 'DE::RenderTarget': Use RenderTargetDX12 instead
  (编译源文件“CodeFile/Graphics/Bindable/Bindable.cpp”)
  
E:\Projects\Ying-Long-Engine\Ying-Long-Engine\Ying-Long Engine\CodeFile\Graphics\Graphics.h(91,19): warning C4996: 'DE::RenderTarget': Use RenderTargetDX12 instead
  (编译源文件“CodeFile/Graphics/Bindable/Bindable.cpp”)
  
E:\Projects\Ying-Long-Engine\Ying-Long-Engine\Ying-Long Engine\CodeFile\Graphics\Graphics.h(92,19): warning C4996: 'DE::DepthStencil': Use DepthStencilDX12 instead
  (编译源文件“CodeFile/Graphics/Bindable/Bindable.cpp”)
  
  WARNING: Drawable.h is deprecated. Use DX12Drawable instead.
E:\Projects\Ying-Long-Engine\Ying-Long-Engine\Ying-Long Engine\CodeFile\Graphics\Bindable\Topology.h(6,26): warning C4996: 'DE::Bindable': Use BindableDX12 instead
  (编译源文件“CodeFile/Graphics/Bindable/Topology.cpp”)
  
E:\Projects\Ying-Long-Engine\Ying-Long-Engine\Ying-Long Engine\CodeFile\Graphics\Bindable\Topology.cpp(6,2): warning C4996: 'DE::Bindable::~Bindable': Use BindableDX12 instead
E:\Projects\Ying-Long-Engine\Ying-Long-Engine\Ying-Long Engine\CodeFile\Graphics\Bindable\Topology.cpp(12,3): warning C4996: 'DE::Bindable::GetDevicContext': Use BindableDX12 instead
  WARNING: Graphics.h is deprecated. Use DX12Renderer instead.
E:\Projects\Ying-Long-Engine\Ying-Long-Engine\Ying-Long Engine\CodeFile\Graphics\Bindable\Bindable.cpp(6,61): warning C4996: 'DE::Graphics': Use DX12Renderer instead
E:\Projects\Ying-Long-Engine\Ying-Long-Engine\Ying-Long Engine\CodeFile\Graphics\Bindable\Bindable.cpp(8,18): warning C4996: 'DE::Graphics::pDeviceContext': Use DX12Renderer instead
E:\Projects\Ying-Long-Engine\Ying-Long-Engine\Ying-Long Engine\CodeFile\Graphics\Bindable\Bindable.cpp(11,48): warning C4996: 'DE::Graphics': Use DX12Renderer instead
E:\Projects\Ying-Long-Engine\Ying-Long-Engine\Ying-Long Engine\CodeFile\Graphics\Bindable\Bindable.cpp(13,18): warning C4996: 'DE::Graphics::pDevice': Use DX12Renderer instead
E:\Projects\Ying-Long-Engine\Ying-Long-Engine\Ying-Long Engine\CodeFile\Graphics\Drawable\Drawable.h(39,32): warning C4996: 'DE::Bindable': Use BindableDX12 instead
  (编译源文件“CodeFile/Application/Application.cpp”)
  
E:\Projects\Ying-Long-Engine\Ying-Long-Engine\Ying-Long Engine\CodeFile\Graphics\Drawable\Drawable.h(44,45): warning C4996: 'DE::Bindable': Use BindableDX12 instead
  (编译源文件“CodeFile/Application/Application.cpp”)
  
E:\Projects\Ying-Long-Engine\Ying-Long-Engine\Ying-Long Engine\CodeFile\Graphics\Drawable\Drawable.h(47,31): warning C4996: 'DE::Bindable': Use BindableDX12 instead
  (编译源文件“CodeFile/Application/Application.cpp”)
  
  WARNING: Graphics.h is deprecated. Use DX12Renderer instead.
E:\Projects\Ying-Long-Engine\Ying-Long-Engine\Ying-Long Engine\CodeFile\Graphics\Drawable\DrawableBase.h(19,38): warning C4996: 'DE::Bindable': Use BindableDX12 instead
  (编译源文件“CodeFile/Application/Application.cpp”)
      E:\Projects\Ying-Long-Engine\Ying-Long-Engine\Ying-Long Engine\CodeFile\Graphics\Drawable\DrawableBase.h(19,38):
      模板实例化上下文(最早的实例化上下文)为
          E:\Projects\Ying-Long-Engine\Ying-Long-Engine\Ying-Long Engine\CodeFile\Graphics\Drawable\DrawableBase.h(12,8):
          在编译类模板“DE::DrawableBase”时
  
E:\Projects\Ying-Long-Engine\Ying-Long-Engine\Ying-Long Engine\CodeFile\Graphics\Drawable\DrawableBase.h(46,37): warning C4996: 'DE::Bindable': Use BindableDX12 instead
  (编译源文件“CodeFile/Application/Application.cpp”)
  
E:\Projects\Ying-Long-Engine\Ying-Long-Engine\Ying-Long Engine\CodeFile\Graphics\Drawable\DrawableBase.h(51,38): warning C4996: 'DE::Bindable': Use BindableDX12 instead
  (编译源文件“CodeFile/Application/Application.cpp”)
  
E:\Projects\Ying-Long-Engine\Ying-Long-Engine\Ying-Long Engine\CodeFile\Graphics\Drawable\DrawableBase.h(55,30): warning C4996: 'DE::Bindable': Use BindableDX12 instead
  (编译源文件“CodeFile/Application/Application.cpp”)
  
  WARNING: DepthStencil.h is deprecated. Use DepthStencilDX12 instead.
  WARNING: RenderTarget.h is deprecated. Use RenderTargetDX12 instead.
E:\Projects\Ying-Long-Engine\Ying-Long-Engine\Ying-Long Engine\CodeFile\Graphics\Graphics.h(90,19): warning C4996: 'DE::RenderTarget': Use RenderTargetDX12 instead
  (编译源文件“CodeFile/Application/Application.cpp”)
  
  WARNING: DepthStencil.h is deprecated. Use DepthStencilDX12 instead.
  WARNING: RenderTarget.h is deprecated. Use RenderTargetDX12 instead.
E:\Projects\Ying-Long-Engine\Ying-Long-Engine\Ying-Long Engine\CodeFile\Graphics\Graphics.h(91,19): warning C4996: 'DE::RenderTarget': Use RenderTargetDX12 instead
  (编译源文件“CodeFile/Application/Application.cpp”)
  
E:\Projects\Ying-Long-Engine\Ying-Long-Engine\Ying-Long Engine\CodeFile\Graphics\Graphics.h(92,19): warning C4996: 'DE::DepthStencil': Use DepthStencilDX12 instead
  (编译源文件“CodeFile/Application/Application.cpp”)
  
E:\Projects\Ying-Long-Engine\Ying-Long-Engine\Ying-Long Engine\CodeFile\Graphics\Bindable\ConstantBuffers.h(13,15): warning C4996: 'DE::Graphics': Use DX12Renderer instead
  (编译源文件“CodeFile/Application/Application.cpp”)
      E:\Projects\Ying-Long-Engine\Ying-Long-Engine\Ying-Long Engine\CodeFile\Graphics\Bindable\ConstantBuffers.h(13,15):
      模板实例化上下文(最早的实例化上下文)为
          E:\Projects\Ying-Long-Engine\Ying-Long-Engine\Ying-Long Engine\CodeFile\Graphics\Bindable\ConstantBuffers.h(8,9):
          在编译类模板“DE::ConstantBuffer”时
  
E:\Projects\Ying-Long-Engine\Ying-Long-Engine\Ying-Long Engine\CodeFile\Graphics\Bindable\ConstantBuffers.h(28,18): warning C4996: 'DE::Graphics': Use DX12Renderer instead
  (编译源文件“CodeFile/Application/Application.cpp”)
  
E:\Projects\Ying-Long-Engine\Ying-Long-Engine\Ying-Long Engine\CodeFile\Graphics\Bindable\ConstantBuffers.h(47,18): warning C4996: 'DE::Graphics': Use DX12Renderer instead
  (编译源文件“CodeFile/Application/Application.cpp”)
  
E:\Projects\Ying-Long-Engine\Ying-Long-Engine\Ying-Long Engine\CodeFile\Graphics\Bindable\ConstantBuffers.h(77,13): warning C4996: 'DE::Graphics': Use DX12Renderer instead
  (编译源文件“CodeFile/Application/Application.cpp”)
      E:\Projects\Ying-Long-Engine\Ying-Long-Engine\Ying-Long Engine\CodeFile\Graphics\Bindable\ConstantBuffers.h(77,13):
      模板实例化上下文(最早的实例化上下文)为
          E:\Projects\Ying-Long-Engine\Ying-Long-Engine\Ying-Long Engine\CodeFile\Graphics\Bindable\ConstantBuffers.h(70,8):
          在编译类模板“DE::VertexConstantBuffer”时
  
E:\Projects\Ying-Long-Engine\Ying-Long-Engine\Ying-Long Engine\CodeFile\Graphics\Bindable\ConstantBuffers.h(91,13): warning C4996: 'DE::Graphics': Use DX12Renderer instead
  (编译源文件“CodeFile/Application/Application.cpp”)
      E:\Projects\Ying-Long-Engine\Ying-Long-Engine\Ying-Long Engine\CodeFile\Graphics\Bindable\ConstantBuffers.h(91,13):
      模板实例化上下文(最早的实例化上下文)为
          E:\Projects\Ying-Long-Engine\Ying-Long-Engine\Ying-Long Engine\CodeFile\Graphics\Bindable\ConstantBuffers.h(85,8):
          在编译类模板“DE::PixelConstantBuffer”时
  
E:\Projects\Ying-Long-Engine\Ying-Long-Engine\Ying-Long Engine\CodeFile\Graphics\Bindable\TransformConstantBuffer.h(8,41): warning C4996: 'DE::Bindable': Use BindableDX12 instead
  (编译源文件“CodeFile/Application/Application.cpp”)
  
E:\Projects\Ying-Long-Engine\Ying-Long-Engine\Ying-Long Engine\CodeFile\Graphics\Bindable\TransformConstantBuffer.h(11,27): warning C4996: 'DE::Graphics': Use DX12Renderer instead
  (编译源文件“CodeFile/Application/Application.cpp”)
  
E:\Projects\Ying-Long-Engine\Ying-Long-Engine\Ying-Long Engine\CodeFile\Graphics\Bindable\TransformConstantBuffer.h(11,53): warning C4996: 'DE::Drawable': Use DX12Drawable instead
  (编译源文件“CodeFile/Application/Application.cpp”)
  
E:\Projects\Ying-Long-Engine\Ying-Long-Engine\Ying-Long Engine\CodeFile\Graphics\Bindable\TransformConstantBuffer.h(12,13): warning C4996: 'DE::Graphics': Use DX12Renderer instead
  (编译源文件“CodeFile/Application/Application.cpp”)
  
  WARNING: DepthStencil.h is deprecated. Use DepthStencilDX12 instead.
E:\Projects\Ying-Long-Engine\Ying-Long-Engine\Ying-Long Engine\CodeFile\Graphics\Bindable\TransformConstantBuffer.h(22,9): warning C4996: 'DE::Drawable': Use DX12Drawable instead
  (编译源文件“CodeFile/Application/Application.cpp”)
  
  WARNING: RenderTarget.h is deprecated. Use RenderTargetDX12 instead.
E:\Projects\Ying-Long-Engine\Ying-Long-Engine\Ying-Long Engine\CodeFile\Graphics\Bindable\SolidColorConstantBuffer.h(14,42): warning C4996: 'DE::Bindable': Use BindableDX12 instead
  (编译源文件“CodeFile/Application/Application.cpp”)
  
E:\Projects\Ying-Long-Engine\Ying-Long-Engine\Ying-Long Engine\CodeFile\Graphics\Bindable\SolidColorConstantBuffer.h(17,28): warning C4996: 'DE::Graphics': Use DX12Renderer instead
  (编译源文件“CodeFile/Application/Application.cpp”)
  
E:\Projects\Ying-Long-Engine\Ying-Long-Engine\Ying-Long Engine\CodeFile\Graphics\Bindable\SolidColorConstantBuffer.h(18,13): warning C4996: 'DE::Graphics': Use DX12Renderer instead
  (编译源文件“CodeFile/Application/Application.cpp”)
  
E:\Projects\Ying-Long-Engine\Ying-Long-Engine\Ying-Long Engine\CodeFile\Graphics\Drawable\Capsule.h(13,19): warning C4996: 'DE::Graphics': Use DX12Renderer instead
  (编译源文件“CodeFile/Application/Application.cpp”)
  
E:\Projects\Ying-Long-Engine\Ying-Long-Engine\Ying-Long Engine\CodeFile\Graphics\Bindable\InputLayout.h(6,29): warning C4996: 'DE::Bindable': Use BindableDX12 instead
  (编译源文件“CodeFile/Application/Application.cpp”)
  
E:\Projects\Ying-Long-Engine\Ying-Long-Engine\Ying-Long Engine\CodeFile\Graphics\Bindable\InputLayout.h(9,15): warning C4996: 'DE::Graphics': Use DX12Renderer instead
  (编译源文件“CodeFile/Application/Application.cpp”)
  
E:\Projects\Ying-Long-Engine\Ying-Long-Engine\Ying-Long Engine\CodeFile\Graphics\Bindable\InputLayout.h(11,13): warning C4996: 'DE::Graphics': Use DX12Renderer instead
  (编译源文件“CodeFile/Application/Application.cpp”)
  
E:\Projects\Ying-Long-Engine\Ying-Long-Engine\Ying-Long Engine\CodeFile\Graphics\Bindable\VertexShader.h(10,30): warning C4996: 'DE::Bindable': Use BindableDX12 instead
  (编译源文件“CodeFile/Application/Application.cpp”)
  
E:\Projects\Ying-Long-Engine\Ying-Long-Engine\Ying-Long Engine\CodeFile\Graphics\Bindable\VertexShader.h(14,16): warning C4996: 'DE::Graphics': Use DX12Renderer instead
  (编译源文件“CodeFile/Application/Application.cpp”)
  
E:\Projects\Ying-Long-Engine\Ying-Long-Engine\Ying-Long Engine\CodeFile\Graphics\Bindable\VertexShader.h(17,19): warning C4996: 'DE::Graphics': Use DX12Renderer instead
  (编译源文件“CodeFile/Application/Application.cpp”)
  
E:\Projects\Ying-Long-Engine\Ying-Long-Engine\Ying-Long Engine\CodeFile\Graphics\Bindable\VertexShader.h(19,13): warning C4996: 'DE::Graphics': Use DX12Renderer instead
  (编译源文件“CodeFile/Application/Application.cpp”)
  
E:\Projects\Ying-Long-Engine\Ying-Long-Engine\Ying-Long Engine\CodeFile\Graphics\Bindable\PixelShader.h(10,29): warning C4996: 'DE::Bindable': Use BindableDX12 instead
  (编译源文件“CodeFile/Application/Application.cpp”)
  
E:\Projects\Ying-Long-Engine\Ying-Long-Engine\Ying-Long Engine\CodeFile\Graphics\Bindable\PixelShader.h(14,15): warning C4996: 'DE::Graphics': Use DX12Renderer instead
  (编译源文件“CodeFile/Application/Application.cpp”)
  
E:\Projects\Ying-Long-Engine\Ying-Long-Engine\Ying-Long Engine\CodeFile\Graphics\Bindable\PixelShader.h(17,19): warning C4996: 'DE::Graphics': Use DX12Renderer instead
  (编译源文件“CodeFile/Application/Application.cpp”)
  
E:\Projects\Ying-Long-Engine\Ying-Long-Engine\Ying-Long Engine\CodeFile\Graphics\Bindable\PixelShader.h(19,13): warning C4996: 'DE::Graphics': Use DX12Renderer instead
  (编译源文件“CodeFile/Application/Application.cpp”)
  
E:\Projects\Ying-Long-Engine\Ying-Long-Engine\Ying-Long Engine\CodeFile\Graphics\Bindable\Topology.h(6,26): warning C4996: 'DE::Bindable': Use BindableDX12 instead
  (编译源文件“CodeFile/Application/Application.cpp”)
  
E:\Projects\Ying-Long-Engine\Ying-Long-Engine\Ying-Long Engine\CodeFile\Graphics\Bindable\Topology.h(9,12): warning C4996: 'DE::Graphics': Use DX12Renderer instead
  (编译源文件“CodeFile/Application/Application.cpp”)
  
E:\Projects\Ying-Long-Engine\Ying-Long-Engine\Ying-Long Engine\CodeFile\Graphics\Bindable\Topology.h(10,13): warning C4996: 'DE::Graphics': Use DX12Renderer instead
  (编译源文件“CodeFile/Application/Application.cpp”)
  
E:\Projects\Ying-Long-Engine\Ying-Long-Engine\Ying-Long Engine\CodeFile\Graphics\Graphics.h(90,19): warning C4996: 'DE::RenderTarget': Use RenderTargetDX12 instead
  (编译源文件“CodeFile/Application/Window/Window.cpp”)
  
E:\Projects\Ying-Long-Engine\Ying-Long-Engine\Ying-Long Engine\CodeFile\Graphics\Graphics.h(91,19): warning C4996: 'DE::RenderTarget': Use RenderTargetDX12 instead
  (编译源文件“CodeFile/Application/Window/Window.cpp”)
  
E:\Projects\Ying-Long-Engine\Ying-Long-Engine\Ying-Long Engine\CodeFile\Graphics\Graphics.h(92,19): warning C4996: 'DE::DepthStencil': Use DepthStencilDX12 instead
  (编译源文件“CodeFile/Application/Window/Window.cpp”)
  
  WARNING: Graphics.h is deprecated. Use DX12Renderer instead.
E:\Projects\Ying-Long-Engine\Ying-Long-Engine\Ying-Long Engine\CodeFile\Graphics\Graphics.h(90,19): warning C4996: 'DE::RenderTarget': Use RenderTargetDX12 instead
  (编译源文件“CodeFile/ECS/Scene/Scene.cpp”)
  
E:\Projects\Ying-Long-Engine\Ying-Long-Engine\Ying-Long Engine\CodeFile\Graphics\Bindable\Texture.h(7,25): warning C4996: 'DE::Bindable': Use BindableDX12 instead
  (编译源文件“CodeFile/Application/Application.cpp”)
  
E:\Projects\Ying-Long-Engine\Ying-Long-Engine\Ying-Long Engine\CodeFile\Graphics\Bindable\Texture.h(11,11): warning C4996: 'DE::Graphics': Use DX12Renderer instead
  (编译源文件“CodeFile/Application/Application.cpp”)
  
E:\Projects\Ying-Long-Engine\Ying-Long-Engine\Ying-Long Engine\CodeFile\Graphics\Bindable\Texture.h(14,19): warning C4996: 'DE::Graphics': Use DX12Renderer instead
  (编译源文件“CodeFile/Application/Application.cpp”)
  
E:\Projects\Ying-Long-Engine\Ying-Long-Engine\Ying-Long Engine\CodeFile\Graphics\Graphics.h(91,19): warning C4996: 'DE::RenderTarget': Use RenderTargetDX12 instead
  (编译源文件“CodeFile/ECS/Scene/Scene.cpp”)
  
E:\Projects\Ying-Long-Engine\Ying-Long-Engine\Ying-Long Engine\CodeFile\Graphics\Bindable\Texture.h(16,13): warning C4996: 'DE::Graphics': Use DX12Renderer instead
  (编译源文件“CodeFile/Application/Application.cpp”)
  
E:\Projects\Ying-Long-Engine\Ying-Long-Engine\Ying-Long Engine\CodeFile\Graphics\Graphics.h(92,19): warning C4996: 'DE::DepthStencil': Use DepthStencilDX12 instead
  (编译源文件“CodeFile/ECS/Scene/Scene.cpp”)
  
E:\Projects\Ying-Long-Engine\Ying-Long-Engine\Ying-Long Engine\CodeFile\Graphics\Bindable\VertexBuffer.h(8,33): warning C4996: 'DE::Bindable': Use BindableDX12 instead
  (编译源文件“CodeFile/Application/Application.cpp”)
  
E:\Projects\Ying-Long-Engine\Ying-Long-Engine\Ying-Long Engine\CodeFile\Graphics\Bindable\VertexBuffer.h(13,22): warning C4996: 'DE::Graphics': Use DX12Renderer instead
  (编译源文件“CodeFile/Application/Application.cpp”)
  
E:\Projects\Ying-Long-Engine\Ying-Long-Engine\Ying-Long Engine\CodeFile\Graphics\Bindable\VertexBuffer.h(30,19): warning C4996: 'DE::Graphics': Use DX12Renderer instead
  (编译源文件“CodeFile/Application/Application.cpp”)
  
E:\Projects\Ying-Long-Engine\Ying-Long-Engine\Ying-Long Engine\CodeFile\Graphics\Bindable\VertexBuffer.h(33,13): warning C4996: 'DE::Bindable::GetDevicContext': Use BindableDX12 instead
  (编译源文件“CodeFile/Application/Application.cpp”)
  
E:\Projects\Ying-Long-Engine\Ying-Long-Engine\Ying-Long Engine\CodeFile\Graphics\Drawable\SolidSphere.h(21,23): warning C4996: 'DE::Graphics': Use DX12Renderer instead
  (编译源文件“CodeFile/Application/Application.cpp”)
  
E:\Projects\Ying-Long-Engine\Ying-Long-Engine\Ying-Long Engine\CodeFile\Graphics\Light\PointLight.h(43,14): warning C4996: 'DE::Graphics': Use DX12Renderer instead
  (编译源文件“CodeFile/Application/Application.cpp”)
  
E:\Projects\Ying-Long-Engine\Ying-Long-Engine\Ying-Long Engine\CodeFile\Graphics\Light\PointLight.h(47,13): warning C4996: 'DE::Graphics': Use DX12Renderer instead
  (编译源文件“CodeFile/Application/Application.cpp”)
  
E:\Projects\Ying-Long-Engine\Ying-Long-Engine\Ying-Long Engine\CodeFile\Graphics\Drawable\Box.h(18,15): warning C4996: 'DE::Graphics': Use DX12Renderer instead
  (编译源文件“CodeFile/Application/Application.cpp”)
  
  WARNING: DepthStencil.h is deprecated. Use DepthStencilDX12 instead.
  WARNING: RenderTarget.h is deprecated. Use RenderTargetDX12 instead.
E:\Projects\Ying-Long-Engine\Ying-Long-Engine\Ying-Long Engine\CodeFile\Application\Window\Window.h(81,3): warning C4996: 'DE::Graphics': Use DX12Renderer instead
  (编译源文件“CodeFile/Application/Window/Window.cpp”)
  
E:\Projects\Ying-Long-Engine\Ying-Long-Engine\Ying-Long Engine\CodeFile\Application\Window\Window.h(127,19): warning C4996: 'DE::Graphics': Use DX12Renderer instead
  (编译源文件“CodeFile/Application/Window/Window.cpp”)
  
E:\Projects\Ying-Long-Engine\Ying-Long-Engine\Ying-Long Engine\CodeFile\Graphics\Graphics.h(90,19): warning C4996: 'DE::RenderTarget': Use RenderTargetDX12 instead
  (编译源文件“CodeFile/Graphics/Bindable/IndexBuffer.cpp”)
  
E:\Projects\Ying-Long-Engine\Ying-Long-Engine\Ying-Long Engine\CodeFile\Graphics\Graphics.h(91,19): warning C4996: 'DE::RenderTarget': Use RenderTargetDX12 instead
  (编译源文件“CodeFile/Graphics/Bindable/IndexBuffer.cpp”)
  
E:\Projects\Ying-Long-Engine\Ying-Long-Engine\Ying-Long Engine\CodeFile\Graphics\Graphics.h(92,19): warning C4996: 'DE::DepthStencil': Use DepthStencilDX12 instead
  (编译源文件“CodeFile/Graphics/Bindable/IndexBuffer.cpp”)
  
  WARNING: Bindable.h is deprecated. Use BindableDX12 instead.
E:\Projects\Ying-Long-Engine\Ying-Long-Engine\Ying-Long Engine\CodeFile\Graphics\Bindable\ConstantBuffers.h(13,15): warning C4996: 'DE::Graphics': Use DX12Renderer instead
  (编译源文件“CodeFile/ECS/Scene/Scene.cpp”)
      E:\Projects\Ying-Long-Engine\Ying-Long-Engine\Ying-Long Engine\CodeFile\Graphics\Bindable\ConstantBuffers.h(13,15):
      模板实例化上下文(最早的实例化上下文)为
          E:\Projects\Ying-Long-Engine\Ying-Long-Engine\Ying-Long Engine\CodeFile\Graphics\Bindable\ConstantBuffers.h(8,9):
          在编译类模板“DE::ConstantBuffer”时
  
E:\Projects\Ying-Long-Engine\Ying-Long-Engine\Ying-Long Engine\CodeFile\Graphics\Bindable\ConstantBuffers.h(28,18): warning C4996: 'DE::Graphics': Use DX12Renderer instead
  (编译源文件“CodeFile/ECS/Scene/Scene.cpp”)
  
E:\Projects\Ying-Long-Engine\Ying-Long-Engine\Ying-Long Engine\CodeFile\Graphics\Bindable\ConstantBuffers.h(47,18): warning C4996: 'DE::Graphics': Use DX12Renderer instead
  (编译源文件“CodeFile/ECS/Scene/Scene.cpp”)
  
E:\Projects\Ying-Long-Engine\Ying-Long-Engine\Ying-Long Engine\CodeFile\Graphics\Bindable\IndexBuffer.cpp(6,27): warning C4996: 'DE::Graphics': Use DX12Renderer instead
E:\Projects\Ying-Long-Engine\Ying-Long-Engine\Ying-Long Engine\CodeFile\Graphics\Bindable\ConstantBuffers.h(77,13): warning C4996: 'DE::Graphics': Use DX12Renderer instead
  (编译源文件“CodeFile/ECS/Scene/Scene.cpp”)
      E:\Projects\Ying-Long-Engine\Ying-Long-Engine\Ying-Long Engine\CodeFile\Graphics\Bindable\ConstantBuffers.h(77,13):
      模板实例化上下文(最早的实例化上下文)为
          E:\Projects\Ying-Long-Engine\Ying-Long-Engine\Ying-Long Engine\CodeFile\Graphics\Bindable\ConstantBuffers.h(70,8):
          在编译类模板“DE::VertexConstantBuffer”时
  
E:\Projects\Ying-Long-Engine\Ying-Long-Engine\Ying-Long Engine\CodeFile\Graphics\Bindable\ConstantBuffers.h(91,13): warning C4996: 'DE::Graphics': Use DX12Renderer instead
  (编译源文件“CodeFile/ECS/Scene/Scene.cpp”)
      E:\Projects\Ying-Long-Engine\Ying-Long-Engine\Ying-Long Engine\CodeFile\Graphics\Bindable\ConstantBuffers.h(91,13):
      模板实例化上下文(最早的实例化上下文)为
          E:\Projects\Ying-Long-Engine\Ying-Long-Engine\Ying-Long Engine\CodeFile\Graphics\Bindable\ConstantBuffers.h(85,8):
          在编译类模板“DE::PixelConstantBuffer”时
  
E:\Projects\Ying-Long-Engine\Ying-Long-Engine\Ying-Long Engine\CodeFile\Graphics\Bindable\IndexBuffer.h(6,29): warning C4996: 'DE::Bindable': Use BindableDX12 instead
  (编译源文件“CodeFile/ECS/Scene/Scene.cpp”)
  
E:\Projects\Ying-Long-Engine\Ying-Long-Engine\Ying-Long Engine\CodeFile\Graphics\Bindable\IndexBuffer.h(9,15): warning C4996: 'DE::Graphics': Use DX12Renderer instead
  (编译源文件“CodeFile/ECS/Scene/Scene.cpp”)
  
E:\Projects\Ying-Long-Engine\Ying-Long-Engine\Ying-Long Engine\CodeFile\Graphics\Bindable\IndexBuffer.h(10,13): warning C4996: 'DE::Graphics': Use DX12Renderer instead
  (编译源文件“CodeFile/ECS/Scene/Scene.cpp”)
  
  WARNING: Drawable.h is deprecated. Use DX12Drawable instead.
E:\Projects\Ying-Long-Engine\Ying-Long-Engine\Ying-Long Engine\CodeFile\Graphics\Bindable\IndexBuffer.cpp(19,3): warning C4996: 'DE::Graphics': Use DX12Renderer instead
E:\Projects\Ying-Long-Engine\Ying-Long-Engine\Ying-Long Engine\CodeFile\Graphics\Bindable\IndexBuffer.cpp(8,2): warning C4996: 'DE::Bindable::~Bindable': Use BindableDX12 instead
E:\Projects\Ying-Long-Engine\Ying-Long-Engine\Ying-Long Engine\CodeFile\Graphics\Bindable\IndexBuffer.cpp(19,3): warning C4996: 'DE::Bindable::GetDevice': Use BindableDX12 instead
E:\Projects\Ying-Long-Engine\Ying-Long-Engine\Ying-Long Engine\CodeFile\Graphics\Drawable\Drawable.h(37,13): warning C4996: 'DE::Graphics': Use DX12Renderer instead
  (编译源文件“CodeFile/ECS/Scene/Scene.cpp”)
  
E:\Projects\Ying-Long-Engine\Ying-Long-Engine\Ying-Long Engine\CodeFile\Graphics\Drawable\Drawable.h(39,32): warning C4996: 'DE::Bindable': Use BindableDX12 instead
  (编译源文件“CodeFile/ECS/Scene/Scene.cpp”)
  
E:\Projects\Ying-Long-Engine\Ying-Long-Engine\Ying-Long Engine\CodeFile\Application\Window\Window.h(81,3): warning C4996: 'DE::Graphics': Use DX12Renderer instead
  (编译源文件“CodeFile/Application/Application.cpp”)
  
E:\Projects\Ying-Long-Engine\Ying-Long-Engine\Ying-Long Engine\CodeFile\Graphics\Drawable\Drawable.h(44,45): warning C4996: 'DE::Bindable': Use BindableDX12 instead
  (编译源文件“CodeFile/ECS/Scene/Scene.cpp”)
  
E:\Projects\Ying-Long-Engine\Ying-Long-Engine\Ying-Long Engine\CodeFile\Application\Window\Window.h(127,19): warning C4996: 'DE::Graphics': Use DX12Renderer instead
  (编译源文件“CodeFile/Application/Application.cpp”)
  
E:\Projects\Ying-Long-Engine\Ying-Long-Engine\Ying-Long Engine\CodeFile\Graphics\Drawable\Drawable.h(47,31): warning C4996: 'DE::Bindable': Use BindableDX12 instead
  (编译源文件“CodeFile/ECS/Scene/Scene.cpp”)
  
E:\Projects\Ying-Long-Engine\Ying-Long-Engine\Ying-Long Engine\CodeFile\Graphics\Bindable\IndexBuffer.cpp(23,25): warning C4996: 'DE::Graphics': Use DX12Renderer instead
E:\Projects\Ying-Long-Engine\Ying-Long-Engine\Ying-Long Engine\CodeFile\Graphics\Bindable\IndexBuffer.cpp(25,3): warning C4996: 'DE::Bindable::GetDevicContext': Use BindableDX12 instead
E:\Projects\Ying-Long-Engine\Ying-Long-Engine\Ying-Long Engine\CodeFile\Graphics\Drawable\DrawableBase.h(19,38): warning C4996: 'DE::Bindable': Use BindableDX12 instead
  (编译源文件“CodeFile/ECS/Scene/Scene.cpp”)
      E:\Projects\Ying-Long-Engine\Ying-Long-Engine\Ying-Long Engine\CodeFile\Graphics\Drawable\DrawableBase.h(19,38):
      模板实例化上下文(最早的实例化上下文)为
          E:\Projects\Ying-Long-Engine\Ying-Long-Engine\Ying-Long Engine\CodeFile\Graphics\Drawable\DrawableBase.h(12,8):
          在编译类模板“DE::DrawableBase”时
  
E:\Projects\Ying-Long-Engine\Ying-Long-Engine\Ying-Long Engine\CodeFile\Graphics\Light\SpotLight.h(46,13): warning C4996: 'DE::Graphics': Use DX12Renderer instead
  (编译源文件“CodeFile/Application/Application.cpp”)
  
E:\Projects\Ying-Long-Engine\Ying-Long-Engine\Ying-Long Engine\CodeFile\Graphics\Light\SpotLight.h(50,13): warning C4996: 'DE::Graphics': Use DX12Renderer instead
  (编译源文件“CodeFile/Application/Application.cpp”)
  
E:\Projects\Ying-Long-Engine\Ying-Long-Engine\Ying-Long Engine\CodeFile\Graphics\Drawable\DrawableBase.h(46,37): warning C4996: 'DE::Bindable': Use BindableDX12 instead
  (编译源文件“CodeFile/ECS/Scene/Scene.cpp”)
  
E:\Projects\Ying-Long-Engine\Ying-Long-Engine\Ying-Long Engine\CodeFile\Graphics\Drawable\DrawableBase.h(51,38): warning C4996: 'DE::Bindable': Use BindableDX12 instead
  (编译源文件“CodeFile/ECS/Scene/Scene.cpp”)
  
E:\Projects\Ying-Long-Engine\Ying-Long-Engine\Ying-Long Engine\CodeFile\Graphics\Light\LightManager.h(10,26): warning C4996: 'DE::Graphics': Use DX12Renderer instead
  (编译源文件“CodeFile/Application/Application.cpp”)
  
E:\Projects\Ying-Long-Engine\Ying-Long-Engine\Ying-Long Engine\CodeFile\Graphics\Light\LightManager.h(14,22): warning C4996: 'DE::Graphics': Use DX12Renderer instead
  (编译源文件“CodeFile/Application/Application.cpp”)
  
E:\Projects\Ying-Long-Engine\Ying-Long-Engine\Ying-Long Engine\CodeFile\Graphics\Drawable\DrawableBase.h(55,30): warning C4996: 'DE::Bindable': Use BindableDX12 instead
  (编译源文件“CodeFile/ECS/Scene/Scene.cpp”)
  
E:\Projects\Ying-Long-Engine\Ying-Long-Engine\Ying-Long Engine\CodeFile\Graphics\Bindable\InputLayout.h(6,29): warning C4996: 'DE::Bindable': Use BindableDX12 instead
  (编译源文件“CodeFile/ECS/Scene/Scene.cpp”)
  
E:\Projects\Ying-Long-Engine\Ying-Long-Engine\Ying-Long Engine\CodeFile\Graphics\Bindable\InputLayout.h(9,15): warning C4996: 'DE::Graphics': Use DX12Renderer instead
  (编译源文件“CodeFile/ECS/Scene/Scene.cpp”)
  
E:\Projects\Ying-Long-Engine\Ying-Long-Engine\Ying-Long Engine\CodeFile\Graphics\Bindable\InputLayout.h(11,13): warning C4996: 'DE::Graphics': Use DX12Renderer instead
  (编译源文件“CodeFile/ECS/Scene/Scene.cpp”)
  
E:\Projects\Ying-Long-Engine\Ying-Long-Engine\Ying-Long Engine\CodeFile\Graphics\Bindable\TransformConstantBuffer.h(8,41): warning C4996: 'DE::Bindable': Use BindableDX12 instead
  (编译源文件“CodeFile/ECS/Scene/Scene.cpp”)
  
E:\Projects\Ying-Long-Engine\Ying-Long-Engine\Ying-Long Engine\CodeFile\Graphics\Bindable\TransformConstantBuffer.h(11,27): warning C4996: 'DE::Graphics': Use DX12Renderer instead
  (编译源文件“CodeFile/ECS/Scene/Scene.cpp”)
  
E:\Projects\Ying-Long-Engine\Ying-Long-Engine\Ying-Long Engine\CodeFile\Graphics\Bindable\TransformConstantBuffer.h(11,53): warning C4996: 'DE::Drawable': Use DX12Drawable instead
  (编译源文件“CodeFile/ECS/Scene/Scene.cpp”)
  
E:\Projects\Ying-Long-Engine\Ying-Long-Engine\Ying-Long Engine\CodeFile\Graphics\Bindable\TransformConstantBuffer.h(12,13): warning C4996: 'DE::Graphics': Use DX12Renderer instead
  (编译源文件“CodeFile/ECS/Scene/Scene.cpp”)
  
E:\Projects\Ying-Long-Engine\Ying-Long-Engine\Ying-Long Engine\CodeFile\Graphics\Bindable\TransformConstantBuffer.h(22,9): warning C4996: 'DE::Drawable': Use DX12Drawable instead
  (编译源文件“CodeFile/ECS/Scene/Scene.cpp”)
  
E:\Projects\Ying-Long-Engine\Ying-Long-Engine\Ying-Long Engine\CodeFile\Graphics\Bindable\SolidColorConstantBuffer.h(14,42): warning C4996: 'DE::Bindable': Use BindableDX12 instead
  (编译源文件“CodeFile/ECS/Scene/Scene.cpp”)
  
E:\Projects\Ying-Long-Engine\Ying-Long-Engine\Ying-Long Engine\CodeFile\Graphics\Bindable\SolidColorConstantBuffer.h(17,28): warning C4996: 'DE::Graphics': Use DX12Renderer instead
  (编译源文件“CodeFile/ECS/Scene/Scene.cpp”)
  
E:\Projects\Ying-Long-Engine\Ying-Long-Engine\Ying-Long Engine\CodeFile\Graphics\Bindable\SolidColorConstantBuffer.h(18,13): warning C4996: 'DE::Graphics': Use DX12Renderer instead
  (编译源文件“CodeFile/ECS/Scene/Scene.cpp”)
  
E:\Projects\Ying-Long-Engine\Ying-Long-Engine\Ying-Long Engine\CodeFile\Graphics\Bindable\VertexShader.h(10,30): warning C4996: 'DE::Bindable': Use BindableDX12 instead
  (编译源文件“CodeFile/ECS/Scene/Scene.cpp”)
  
E:\Projects\Ying-Long-Engine\Ying-Long-Engine\Ying-Long Engine\CodeFile\Graphics\Bindable\VertexShader.h(14,16): warning C4996: 'DE::Graphics': Use DX12Renderer instead
  (编译源文件“CodeFile/ECS/Scene/Scene.cpp”)
  
E:\Projects\Ying-Long-Engine\Ying-Long-Engine\Ying-Long Engine\CodeFile\Graphics\Bindable\VertexShader.h(17,19): warning C4996: 'DE::Graphics': Use DX12Renderer instead
  (编译源文件“CodeFile/ECS/Scene/Scene.cpp”)
  
E:\Projects\Ying-Long-Engine\Ying-Long-Engine\Ying-Long Engine\CodeFile\Graphics\Bindable\VertexShader.h(19,13): warning C4996: 'DE::Graphics': Use DX12Renderer instead
  (编译源文件“CodeFile/ECS/Scene/Scene.cpp”)
  
E:\Projects\Ying-Long-Engine\Ying-Long-Engine\Ying-Long Engine\CodeFile\Graphics\Bindable\PixelShader.h(10,29): warning C4996: 'DE::Bindable': Use BindableDX12 instead
  (编译源文件“CodeFile/ECS/Scene/Scene.cpp”)
  
E:\Projects\Ying-Long-Engine\Ying-Long-Engine\Ying-Long Engine\CodeFile\Graphics\Bindable\PixelShader.h(14,15): warning C4996: 'DE::Graphics': Use DX12Renderer instead
  (编译源文件“CodeFile/ECS/Scene/Scene.cpp”)
  
E:\Projects\Ying-Long-Engine\Ying-Long-Engine\Ying-Long Engine\CodeFile\Graphics\Bindable\PixelShader.h(17,19): warning C4996: 'DE::Graphics': Use DX12Renderer instead
  (编译源文件“CodeFile/ECS/Scene/Scene.cpp”)
  
E:\Projects\Ying-Long-Engine\Ying-Long-Engine\Ying-Long Engine\CodeFile\Graphics\Bindable\PixelShader.h(19,13): warning C4996: 'DE::Graphics': Use DX12Renderer instead
  (编译源文件“CodeFile/ECS/Scene/Scene.cpp”)
  
E:\Projects\Ying-Long-Engine\Ying-Long-Engine\Ying-Long Engine\CodeFile\Graphics\Bindable\Topology.h(6,26): warning C4996: 'DE::Bindable': Use BindableDX12 instead
  (编译源文件“CodeFile/ECS/Scene/Scene.cpp”)
  
E:\Projects\Ying-Long-Engine\Ying-Long-Engine\Ying-Long Engine\CodeFile\Graphics\Bindable\Topology.h(9,12): warning C4996: 'DE::Graphics': Use DX12Renderer instead
  (编译源文件“CodeFile/ECS/Scene/Scene.cpp”)
  
E:\Projects\Ying-Long-Engine\Ying-Long-Engine\Ying-Long Engine\CodeFile\Graphics\Bindable\Topology.h(10,13): warning C4996: 'DE::Graphics': Use DX12Renderer instead
  (编译源文件“CodeFile/ECS/Scene/Scene.cpp”)
  
  WARNING: Graphics.h is deprecated. Use DX12Renderer instead.
E:\Projects\Ying-Long-Engine\Ying-Long-Engine\Ying-Long Engine\CodeFile\Graphics\Bindable\Texture.h(7,25): warning C4996: 'DE::Bindable': Use BindableDX12 instead
  (编译源文件“CodeFile/ECS/Scene/Scene.cpp”)
  
E:\Projects\Ying-Long-Engine\Ying-Long-Engine\Ying-Long Engine\CodeFile\Graphics\Bindable\Texture.h(11,11): warning C4996: 'DE::Graphics': Use DX12Renderer instead
  (编译源文件“CodeFile/ECS/Scene/Scene.cpp”)
  
E:\Projects\Ying-Long-Engine\Ying-Long-Engine\Ying-Long Engine\CodeFile\Graphics\Bindable\Texture.h(14,19): warning C4996: 'DE::Graphics': Use DX12Renderer instead
  (编译源文件“CodeFile/ECS/Scene/Scene.cpp”)
  
E:\Projects\Ying-Long-Engine\Ying-Long-Engine\Ying-Long Engine\CodeFile\Graphics\Bindable\Texture.h(16,13): warning C4996: 'DE::Graphics': Use DX12Renderer instead
  (编译源文件“CodeFile/ECS/Scene/Scene.cpp”)
  
E:\Projects\Ying-Long-Engine\Ying-Long-Engine\Ying-Long Engine\CodeFile\Graphics\Bindable\VertexBuffer.h(8,33): warning C4996: 'DE::Bindable': Use BindableDX12 instead
  (编译源文件“CodeFile/ECS/Scene/Scene.cpp”)
  
E:\Projects\Ying-Long-Engine\Ying-Long-Engine\Ying-Long Engine\CodeFile\Graphics\Bindable\VertexBuffer.h(13,22): warning C4996: 'DE::Graphics': Use DX12Renderer instead
  (编译源文件“CodeFile/ECS/Scene/Scene.cpp”)
  
E:\Projects\Ying-Long-Engine\Ying-Long-Engine\Ying-Long Engine\CodeFile\Graphics\Bindable\VertexBuffer.h(30,19): warning C4996: 'DE::Graphics': Use DX12Renderer instead
  (编译源文件“CodeFile/ECS/Scene/Scene.cpp”)
  
E:\Projects\Ying-Long-Engine\Ying-Long-Engine\Ying-Long Engine\CodeFile\Graphics\Bindable\Sampler.h(6,25): warning C4996: 'DE::Bindable': Use BindableDX12 instead
  (编译源文件“CodeFile/Application/Application.cpp”)
  
E:\Projects\Ying-Long-Engine\Ying-Long-Engine\Ying-Long Engine\CodeFile\Graphics\Bindable\VertexBuffer.h(33,13): warning C4996: 'DE::Bindable::GetDevicContext': Use BindableDX12 instead
  (编译源文件“CodeFile/ECS/Scene/Scene.cpp”)
  
E:\Projects\Ying-Long-Engine\Ying-Long-Engine\Ying-Long Engine\CodeFile\Graphics\Bindable\Sampler.h(10,11): warning C4996: 'DE::Graphics': Use DX12Renderer instead
  (编译源文件“CodeFile/Application/Application.cpp”)
  
E:\Projects\Ying-Long-Engine\Ying-Long-Engine\Ying-Long Engine\CodeFile\Graphics\Bindable\Sampler.h(13,26): warning C4996: 'DE::Graphics': Use DX12Renderer instead
  (编译源文件“CodeFile/Application/Application.cpp”)
  
E:\Projects\Ying-Long-Engine\Ying-Long-Engine\Ying-Long Engine\CodeFile\Graphics\Bindable\Sampler.h(15,13): warning C4996: 'DE::Graphics': Use DX12Renderer instead
  (编译源文件“CodeFile/Application/Application.cpp”)
  
E:\Projects\Ying-Long-Engine\Ying-Long-Engine\Ying-Long Engine\CodeFile\Graphics\Drawable\SolidSphere.h(21,23): warning C4996: 'DE::Graphics': Use DX12Renderer instead
  (编译源文件“CodeFile/ECS/Scene/Scene.cpp”)
  
E:\Projects\Ying-Long-Engine\Ying-Long-Engine\Ying-Long Engine\CodeFile\Graphics\Light\PointLight.h(43,14): warning C4996: 'DE::Graphics': Use DX12Renderer instead
  (编译源文件“CodeFile/ECS/Scene/Scene.cpp”)
  
E:\Projects\Ying-Long-Engine\Ying-Long-Engine\Ying-Long Engine\CodeFile\Graphics\Light\PointLight.h(47,13): warning C4996: 'DE::Graphics': Use DX12Renderer instead
  (编译源文件“CodeFile/ECS/Scene/Scene.cpp”)
  
E:\Projects\Ying-Long-Engine\Ying-Long-Engine\Ying-Long Engine\CodeFile\Graphics\Drawable\Mesh.h(50,19): warning C4996: 'DE::Graphics': Use DX12Renderer instead
  (编译源文件“CodeFile/Application/Application.cpp”)
  
E:\Projects\Ying-Long-Engine\Ying-Long-Engine\Ying-Long Engine\CodeFile\Graphics\Drawable\Mesh.h(56,13): warning C4996: 'DE::Graphics': Use DX12Renderer instead
  (编译源文件“CodeFile/Application/Application.cpp”)
  
E:\Projects\Ying-Long-Engine\Ying-Long-Engine\Ying-Long Engine\CodeFile\Graphics\Light\SpotLight.h(46,13): warning C4996: 'DE::Graphics': Use DX12Renderer instead
  (编译源文件“CodeFile/ECS/Scene/Scene.cpp”)
  
E:\Projects\Ying-Long-Engine\Ying-Long-Engine\Ying-Long Engine\CodeFile\Graphics\Light\SpotLight.h(50,13): warning C4996: 'DE::Graphics': Use DX12Renderer instead
  (编译源文件“CodeFile/ECS/Scene/Scene.cpp”)
  
E:\Projects\Ying-Long-Engine\Ying-Long-Engine\Ying-Long Engine\CodeFile\Graphics\Light\LightManager.h(10,26): warning C4996: 'DE::Graphics': Use DX12Renderer instead
  (编译源文件“CodeFile/ECS/Scene/Scene.cpp”)
  
E:\Projects\Ying-Long-Engine\Ying-Long-Engine\Ying-Long Engine\CodeFile\Graphics\Light\LightManager.h(14,22): warning C4996: 'DE::Graphics': Use DX12Renderer instead
  (编译源文件“CodeFile/ECS/Scene/Scene.cpp”)
  
E:\Projects\Ying-Long-Engine\Ying-Long-Engine\Ying-Long Engine\CodeFile\Graphics\Bindable\ConstantBuffers.h(11,3): warning C4996: 'DE::Bindable::~Bindable': Use BindableDX12 instead
  (编译源文件“CodeFile/Application/Application.cpp”)
      E:\Projects\Ying-Long-Engine\Ying-Long-Engine\Ying-Long Engine\CodeFile\Graphics\Bindable\ConstantBuffers.h(99,1):
      参见对函数 "DE::ConstantBuffer<C>::ConstantBuffer(void)" 的引用
          with
          [
              C=DE::MaterialCBufferData
          ]
  
E:\Projects\Ying-Long-Engine\Ying-Long-Engine\Ying-Long Engine\CodeFile\Graphics\Drawable\Mesh.h(66,8): warning C4996: 'DE::Graphics': Use DX12Renderer instead
  (编译源文件“CodeFile/Application/Application.cpp”)
  
E:\Projects\Ying-Long-Engine\Ying-Long-Engine\Ying-Long Engine\CodeFile\Graphics\Drawable\Model.h(12,9): warning C4996: 'DE::Graphics': Use DX12Renderer instead
  (编译源文件“CodeFile/Application/Application.cpp”)
  
E:\Projects\Ying-Long-Engine\Ying-Long-Engine\Ying-Long Engine\CodeFile\Graphics\Drawable\Model.h(15,13): warning C4996: 'DE::Graphics': Use DX12Renderer instead
  (编译源文件“CodeFile/Application/Application.cpp”)
  
  DX12DemoScene.cpp
E:\Projects\Ying-Long-Engine\Ying-Long-Engine\Ying-Long Engine\CodeFile\Graphics\Bindable\IndexBuffer.h(6,29): warning C4996: 'DE::Bindable': Use BindableDX12 instead
  (编译源文件“CodeFile/EntryPoint/EntryPoint.cpp”)
  
  WARNING: Drawable.h is deprecated. Use DX12Drawable instead.
  WARNING: DepthStencil.h is deprecated. Use DepthStencilDX12 instead.
  WARNING: RenderTarget.h is deprecated. Use RenderTargetDX12 instead.
  WARNING: Bindable.h is deprecated. Use BindableDX12 instead.
E:\Projects\Ying-Long-Engine\Ying-Long-Engine\Ying-Long Engine\CodeFile\Graphics\Bindable\IndexBuffer.h(6,29): warning C4996: 'DE::Bindable': Use BindableDX12 instead
  (编译源文件“CodeFile/Application/Window/Window.cpp”)
  
E:\Projects\Ying-Long-Engine\Ying-Long-Engine\Ying-Long Engine\CodeFile\Graphics\Bindable\IndexBuffer.h(9,15): warning C4996: 'DE::Graphics': Use DX12Renderer instead
  (编译源文件“CodeFile/Application/Window/Window.cpp”)
  
E:\Projects\Ying-Long-Engine\Ying-Long-Engine\Ying-Long Engine\CodeFile\Graphics\Bindable\IndexBuffer.h(10,13): warning C4996: 'DE::Graphics': Use DX12Renderer instead
  (编译源文件“CodeFile/Application/Window/Window.cpp”)
  
  WARNING: Drawable.h is deprecated. Use DX12Drawable instead.
E:\Projects\Ying-Long-Engine\Ying-Long-Engine\Ying-Long Engine\CodeFile\Graphics\Drawable\Drawable.h(37,13): warning C4996: 'DE::Graphics': Use DX12Renderer instead
  (编译源文件“CodeFile/Application/Window/Window.cpp”)
  
E:\Projects\Ying-Long-Engine\Ying-Long-Engine\Ying-Long Engine\CodeFile\Graphics\Drawable\Drawable.h(39,32): warning C4996: 'DE::Bindable': Use BindableDX12 instead
  (编译源文件“CodeFile/Application/Window/Window.cpp”)
  
E:\Projects\Ying-Long-Engine\Ying-Long-Engine\Ying-Long Engine\CodeFile\Graphics\Drawable\Drawable.h(44,45): warning C4996: 'DE::Bindable': Use BindableDX12 instead
  (编译源文件“CodeFile/Application/Window/Window.cpp”)
  
E:\Projects\Ying-Long-Engine\Ying-Long-Engine\Ying-Long Engine\CodeFile\Graphics\Drawable\Drawable.h(47,31): warning C4996: 'DE::Bindable': Use BindableDX12 instead
  (编译源文件“CodeFile/Application/Window/Window.cpp”)
  
E:\Projects\Ying-Long-Engine\Ying-Long-Engine\Ying-Long Engine\CodeFile\Graphics\Drawable\DrawableBase.h(19,38): warning C4996: 'DE::Bindable': Use BindableDX12 instead
  (编译源文件“CodeFile/Application/Window/Window.cpp”)
      E:\Projects\Ying-Long-Engine\Ying-Long-Engine\Ying-Long Engine\CodeFile\Graphics\Drawable\DrawableBase.h(19,38):
      模板实例化上下文(最早的实例化上下文)为
          E:\Projects\Ying-Long-Engine\Ying-Long-Engine\Ying-Long Engine\CodeFile\Graphics\Drawable\DrawableBase.h(12,8):
          在编译类模板“DE::DrawableBase”时
  
E:\Projects\Ying-Long-Engine\Ying-Long-Engine\Ying-Long Engine\CodeFile\Graphics\Drawable\DrawableBase.h(46,37): warning C4996: 'DE::Bindable': Use BindableDX12 instead
  (编译源文件“CodeFile/Application/Window/Window.cpp”)
  
E:\Projects\Ying-Long-Engine\Ying-Long-Engine\Ying-Long Engine\CodeFile\Graphics\Drawable\DrawableBase.h(51,38): warning C4996: 'DE::Bindable': Use BindableDX12 instead
  (编译源文件“CodeFile/Application/Window/Window.cpp”)
  
E:\Projects\Ying-Long-Engine\Ying-Long-Engine\Ying-Long Engine\CodeFile\Graphics\Drawable\DrawableBase.h(55,30): warning C4996: 'DE::Bindable': Use BindableDX12 instead
  (编译源文件“CodeFile/Application/Window/Window.cpp”)
  
E:\Projects\Ying-Long-Engine\Ying-Long-Engine\Ying-Long Engine\CodeFile\Graphics\Bindable\ConstantBuffers.h(13,15): warning C4996: 'DE::Graphics': Use DX12Renderer instead
  (编译源文件“CodeFile/Application/Window/Window.cpp”)
      E:\Projects\Ying-Long-Engine\Ying-Long-Engine\Ying-Long Engine\CodeFile\Graphics\Bindable\ConstantBuffers.h(13,15):
      模板实例化上下文(最早的实例化上下文)为
          E:\Projects\Ying-Long-Engine\Ying-Long-Engine\Ying-Long Engine\CodeFile\Graphics\Bindable\ConstantBuffers.h(8,9):
          在编译类模板“DE::ConstantBuffer”时
  
E:\Projects\Ying-Long-Engine\Ying-Long-Engine\Ying-Long Engine\CodeFile\Graphics\Bindable\ConstantBuffers.h(28,18): warning C4996: 'DE::Graphics': Use DX12Renderer instead
  (编译源文件“CodeFile/Application/Window/Window.cpp”)
  
E:\Projects\Ying-Long-Engine\Ying-Long-Engine\Ying-Long Engine\CodeFile\Graphics\Bindable\ConstantBuffers.h(47,18): warning C4996: 'DE::Graphics': Use DX12Renderer instead
  (编译源文件“CodeFile/Application/Window/Window.cpp”)
  
E:\Projects\Ying-Long-Engine\Ying-Long-Engine\Ying-Long Engine\CodeFile\Graphics\Bindable\ConstantBuffers.h(77,13): warning C4996: 'DE::Graphics': Use DX12Renderer instead
  (编译源文件“CodeFile/Application/Window/Window.cpp”)
      E:\Projects\Ying-Long-Engine\Ying-Long-Engine\Ying-Long Engine\CodeFile\Graphics\Bindable\ConstantBuffers.h(77,13):
      模板实例化上下文(最早的实例化上下文)为
          E:\Projects\Ying-Long-Engine\Ying-Long-Engine\Ying-Long Engine\CodeFile\Graphics\Bindable\ConstantBuffers.h(70,8):
          在编译类模板“DE::VertexConstantBuffer”时
  
E:\Projects\Ying-Long-Engine\Ying-Long-Engine\Ying-Long Engine\CodeFile\Graphics\Bindable\ConstantBuffers.h(91,13): warning C4996: 'DE::Graphics': Use DX12Renderer instead
  (编译源文件“CodeFile/Application/Window/Window.cpp”)
      E:\Projects\Ying-Long-Engine\Ying-Long-Engine\Ying-Long Engine\CodeFile\Graphics\Bindable\ConstantBuffers.h(91,13):
      模板实例化上下文(最早的实例化上下文)为
          E:\Projects\Ying-Long-Engine\Ying-Long-Engine\Ying-Long Engine\CodeFile\Graphics\Bindable\ConstantBuffers.h(85,8):
          在编译类模板“DE::PixelConstantBuffer”时
  
E:\Projects\Ying-Long-Engine\Ying-Long-Engine\Ying-Long Engine\CodeFile\Graphics\Bindable\TransformConstantBuffer.h(8,41): warning C4996: 'DE::Bindable': Use BindableDX12 instead
  (编译源文件“CodeFile/Application/Window/Window.cpp”)
  
E:\Projects\Ying-Long-Engine\Ying-Long-Engine\Ying-Long Engine\CodeFile\Graphics\Bindable\TransformConstantBuffer.h(11,27): warning C4996: 'DE::Graphics': Use DX12Renderer instead
  (编译源文件“CodeFile/Application/Window/Window.cpp”)
  
E:\Projects\Ying-Long-Engine\Ying-Long-Engine\Ying-Long Engine\CodeFile\Graphics\Bindable\TransformConstantBuffer.h(11,53): warning C4996: 'DE::Drawable': Use DX12Drawable instead
  (编译源文件“CodeFile/Application/Window/Window.cpp”)
  
E:\Projects\Ying-Long-Engine\Ying-Long-Engine\Ying-Long Engine\CodeFile\Graphics\Bindable\TransformConstantBuffer.h(12,13): warning C4996: 'DE::Graphics': Use DX12Renderer instead
  (编译源文件“CodeFile/Application/Window/Window.cpp”)
  
E:\Projects\Ying-Long-Engine\Ying-Long-Engine\Ying-Long Engine\CodeFile\Graphics\Bindable\TransformConstantBuffer.h(22,9): warning C4996: 'DE::Drawable': Use DX12Drawable instead
  (编译源文件“CodeFile/Application/Window/Window.cpp”)
  
E:\Projects\Ying-Long-Engine\Ying-Long-Engine\Ying-Long Engine\CodeFile\Graphics\Bindable\SolidColorConstantBuffer.h(14,42): warning C4996: 'DE::Bindable': Use BindableDX12 instead
  (编译源文件“CodeFile/Application/Window/Window.cpp”)
  
E:\Projects\Ying-Long-Engine\Ying-Long-Engine\Ying-Long Engine\CodeFile\Graphics\Bindable\SolidColorConstantBuffer.h(17,28): warning C4996: 'DE::Graphics': Use DX12Renderer instead
  (编译源文件“CodeFile/Application/Window/Window.cpp”)
  
E:\Projects\Ying-Long-Engine\Ying-Long-Engine\Ying-Long Engine\CodeFile\Graphics\Bindable\SolidColorConstantBuffer.h(18,13): warning C4996: 'DE::Graphics': Use DX12Renderer instead
  (编译源文件“CodeFile/Application/Window/Window.cpp”)
  
E:\Projects\Ying-Long-Engine\Ying-Long-Engine\Ying-Long Engine\CodeFile\Graphics\Drawable\Capsule.h(13,19): warning C4996: 'DE::Graphics': Use DX12Renderer instead
  (编译源文件“CodeFile/Application/Window/Window.cpp”)
  
E:\Projects\Ying-Long-Engine\Ying-Long-Engine\Ying-Long Engine\CodeFile\Graphics\Bindable\InputLayout.h(6,29): warning C4996: 'DE::Bindable': Use BindableDX12 instead
  (编译源文件“CodeFile/Application/Window/Window.cpp”)
  
E:\Projects\Ying-Long-Engine\Ying-Long-Engine\Ying-Long Engine\CodeFile\Graphics\Bindable\InputLayout.h(9,15): warning C4996: 'DE::Graphics': Use DX12Renderer instead
  (编译源文件“CodeFile/Application/Window/Window.cpp”)
  
E:\Projects\Ying-Long-Engine\Ying-Long-Engine\Ying-Long Engine\CodeFile\Graphics\Bindable\InputLayout.h(11,13): warning C4996: 'DE::Graphics': Use DX12Renderer instead
  (编译源文件“CodeFile/Application/Window/Window.cpp”)
  
E:\Projects\Ying-Long-Engine\Ying-Long-Engine\Setup\PhysX\Includes\foundation\PxPreprocessor.h(444,1): error C1189: #error:  Exactly one of NDEBUG and _DEBUG needs to be defined!
  (编译源文件“CodeFile/Application/Application.cpp”)
  
E:\Projects\Ying-Long-Engine\Ying-Long-Engine\Ying-Long Engine\CodeFile\Graphics\Bindable\VertexShader.h(10,30): warning C4996: 'DE::Bindable': Use BindableDX12 instead
  (编译源文件“CodeFile/Application/Window/Window.cpp”)
  
E:\Projects\Ying-Long-Engine\Ying-Long-Engine\Ying-Long Engine\CodeFile\Graphics\Bindable\VertexShader.h(14,16): warning C4996: 'DE::Graphics': Use DX12Renderer instead
  (编译源文件“CodeFile/Application/Window/Window.cpp”)
  
E:\Projects\Ying-Long-Engine\Ying-Long-Engine\Ying-Long Engine\CodeFile\Graphics\Bindable\VertexShader.h(17,19): warning C4996: 'DE::Graphics': Use DX12Renderer instead
  (编译源文件“CodeFile/Application/Window/Window.cpp”)
  
E:\Projects\Ying-Long-Engine\Ying-Long-Engine\Ying-Long Engine\CodeFile\Graphics\Bindable\VertexShader.h(19,13): warning C4996: 'DE::Graphics': Use DX12Renderer instead
  (编译源文件“CodeFile/Application/Window/Window.cpp”)
  
E:\Projects\Ying-Long-Engine\Ying-Long-Engine\Ying-Long Engine\CodeFile\Graphics\Bindable\PixelShader.h(10,29): warning C4996: 'DE::Bindable': Use BindableDX12 instead
  (编译源文件“CodeFile/Application/Window/Window.cpp”)
  
E:\Projects\Ying-Long-Engine\Ying-Long-Engine\Ying-Long Engine\CodeFile\Graphics\Bindable\PixelShader.h(14,15): warning C4996: 'DE::Graphics': Use DX12Renderer instead
  (编译源文件“CodeFile/Application/Window/Window.cpp”)
  
E:\Projects\Ying-Long-Engine\Ying-Long-Engine\Ying-Long Engine\CodeFile\Graphics\Bindable\PixelShader.h(17,19): warning C4996: 'DE::Graphics': Use DX12Renderer instead
  (编译源文件“CodeFile/Application/Window/Window.cpp”)
  
E:\Projects\Ying-Long-Engine\Ying-Long-Engine\Ying-Long Engine\CodeFile\Graphics\Bindable\PixelShader.h(19,13): warning C4996: 'DE::Graphics': Use DX12Renderer instead
  (编译源文件“CodeFile/Application/Window/Window.cpp”)
  
E:\Projects\Ying-Long-Engine\Ying-Long-Engine\Ying-Long Engine\CodeFile\Graphics\Bindable\Topology.h(6,26): warning C4996: 'DE::Bindable': Use BindableDX12 instead
  (编译源文件“CodeFile/Application/Window/Window.cpp”)
  
E:\Projects\Ying-Long-Engine\Ying-Long-Engine\Ying-Long Engine\CodeFile\Graphics\Bindable\Topology.h(9,12): warning C4996: 'DE::Graphics': Use DX12Renderer instead
  (编译源文件“CodeFile/Application/Window/Window.cpp”)
  
E:\Projects\Ying-Long-Engine\Ying-Long-Engine\Ying-Long Engine\CodeFile\Graphics\Bindable\Topology.h(10,13): warning C4996: 'DE::Graphics': Use DX12Renderer instead
  (编译源文件“CodeFile/Application/Window/Window.cpp”)
  
  DX12DescriptorHeap.cpp
E:\Projects\Ying-Long-Engine\Ying-Long-Engine\Ying-Long Engine\CodeFile\Graphics\Graphics.h(90,19): warning C4996: 'DE::RenderTarget': Use RenderTargetDX12 instead
  (编译源文件“CodeFile/ECS/System/System.cpp”)
  
E:\Projects\Ying-Long-Engine\Ying-Long-Engine\Ying-Long Engine\CodeFile\Graphics\Graphics.h(91,19): warning C4996: 'DE::RenderTarget': Use RenderTargetDX12 instead
  (编译源文件“CodeFile/ECS/System/System.cpp”)
  
E:\Projects\Ying-Long-Engine\Ying-Long-Engine\Ying-Long Engine\CodeFile\Graphics\Graphics.h(92,19): warning C4996: 'DE::DepthStencil': Use DepthStencilDX12 instead
  (编译源文件“CodeFile/ECS/System/System.cpp”)
  
  WARNING: Bindable.h is deprecated. Use BindableDX12 instead.
E:\Projects\Ying-Long-Engine\Ying-Long-Engine\Ying-Long Engine\CodeFile\Graphics\Bindable\ConstantBuffers.h(13,15): warning C4996: 'DE::Graphics': Use DX12Renderer instead
  (编译源文件“CodeFile/ECS/System/System.cpp”)
      E:\Projects\Ying-Long-Engine\Ying-Long-Engine\Ying-Long Engine\CodeFile\Graphics\Bindable\ConstantBuffers.h(13,15):
      模板实例化上下文(最早的实例化上下文)为
          E:\Projects\Ying-Long-Engine\Ying-Long-Engine\Ying-Long Engine\CodeFile\Graphics\Bindable\ConstantBuffers.h(8,9):
          在编译类模板“DE::ConstantBuffer”时
  
E:\Projects\Ying-Long-Engine\Ying-Long-Engine\Ying-Long Engine\CodeFile\Graphics\Bindable\ConstantBuffers.h(28,18): warning C4996: 'DE::Graphics': Use DX12Renderer instead
  (编译源文件“CodeFile/ECS/System/System.cpp”)
  
E:\Projects\Ying-Long-Engine\Ying-Long-Engine\Ying-Long Engine\CodeFile\Graphics\Bindable\ConstantBuffers.h(47,18): warning C4996: 'DE::Graphics': Use DX12Renderer instead
  (编译源文件“CodeFile/ECS/System/System.cpp”)
  
E:\Projects\Ying-Long-Engine\Ying-Long-Engine\Ying-Long Engine\CodeFile\Graphics\Bindable\ConstantBuffers.h(77,13): warning C4996: 'DE::Graphics': Use DX12Renderer instead
  (编译源文件“CodeFile/ECS/System/System.cpp”)
      E:\Projects\Ying-Long-Engine\Ying-Long-Engine\Ying-Long Engine\CodeFile\Graphics\Bindable\ConstantBuffers.h(77,13):
      模板实例化上下文(最早的实例化上下文)为
          E:\Projects\Ying-Long-Engine\Ying-Long-Engine\Ying-Long Engine\CodeFile\Graphics\Bindable\ConstantBuffers.h(70,8):
          在编译类模板“DE::VertexConstantBuffer”时
  
E:\Projects\Ying-Long-Engine\Ying-Long-Engine\Ying-Long Engine\CodeFile\Graphics\Bindable\ConstantBuffers.h(91,13): warning C4996: 'DE::Graphics': Use DX12Renderer instead
  (编译源文件“CodeFile/ECS/System/System.cpp”)
      E:\Projects\Ying-Long-Engine\Ying-Long-Engine\Ying-Long Engine\CodeFile\Graphics\Bindable\ConstantBuffers.h(91,13):
      模板实例化上下文(最早的实例化上下文)为
          E:\Projects\Ying-Long-Engine\Ying-Long-Engine\Ying-Long Engine\CodeFile\Graphics\Bindable\ConstantBuffers.h(85,8):
          在编译类模板“DE::PixelConstantBuffer”时
  
E:\Projects\Ying-Long-Engine\Ying-Long-Engine\Ying-Long Engine\CodeFile\Graphics\Bindable\IndexBuffer.h(6,29): warning C4996: 'DE::Bindable': Use BindableDX12 instead
  (编译源文件“CodeFile/ECS/System/System.cpp”)
  
E:\Projects\Ying-Long-Engine\Ying-Long-Engine\Ying-Long Engine\CodeFile\Graphics\Bindable\IndexBuffer.h(9,15): warning C4996: 'DE::Graphics': Use DX12Renderer instead
  (编译源文件“CodeFile/ECS/System/System.cpp”)
  
E:\Projects\Ying-Long-Engine\Ying-Long-Engine\Ying-Long Engine\CodeFile\Graphics\Bindable\IndexBuffer.h(10,13): warning C4996: 'DE::Graphics': Use DX12Renderer instead
  (编译源文件“CodeFile/ECS/System/System.cpp”)
  
  WARNING: Drawable.h is deprecated. Use DX12Drawable instead.
E:\Projects\Ying-Long-Engine\Ying-Long-Engine\Ying-Long Engine\CodeFile\Graphics\Drawable\Drawable.h(39,32): warning C4996: 'DE::Bindable': Use BindableDX12 instead
  (编译源文件“CodeFile/EntryPoint/EntryPoint.cpp”)
  
E:\Projects\Ying-Long-Engine\Ying-Long-Engine\Ying-Long Engine\CodeFile\Graphics\Drawable\Drawable.h(44,45): warning C4996: 'DE::Bindable': Use BindableDX12 instead
  (编译源文件“CodeFile/EntryPoint/EntryPoint.cpp”)
  
E:\Projects\Ying-Long-Engine\Ying-Long-Engine\Ying-Long Engine\CodeFile\Graphics\Drawable\Drawable.h(37,13): warning C4996: 'DE::Graphics': Use DX12Renderer instead
  (编译源文件“CodeFile/ECS/System/System.cpp”)
  
E:\Projects\Ying-Long-Engine\Ying-Long-Engine\Ying-Long Engine\CodeFile\Graphics\Drawable\Drawable.h(47,31): warning C4996: 'DE::Bindable': Use BindableDX12 instead
  (编译源文件“CodeFile/EntryPoint/EntryPoint.cpp”)
  
E:\Projects\Ying-Long-Engine\Ying-Long-Engine\Ying-Long Engine\CodeFile\Graphics\Drawable\Drawable.h(39,32): warning C4996: 'DE::Bindable': Use BindableDX12 instead
  (编译源文件“CodeFile/ECS/System/System.cpp”)
  
  DX12Drawable.cpp
E:\Projects\Ying-Long-Engine\Ying-Long-Engine\Ying-Long Engine\CodeFile\Graphics\Drawable\Drawable.h(44,45): warning C4996: 'DE::Bindable': Use BindableDX12 instead
  (编译源文件“CodeFile/ECS/System/System.cpp”)
  
E:\Projects\Ying-Long-Engine\Ying-Long-Engine\Ying-Long Engine\CodeFile\Graphics\Drawable\Drawable.h(47,31): warning C4996: 'DE::Bindable': Use BindableDX12 instead
  (编译源文件“CodeFile/ECS/System/System.cpp”)
  
E:\Projects\Ying-Long-Engine\Ying-Long-Engine\Ying-Long Engine\CodeFile\Graphics\Drawable\DrawableBase.h(19,38): warning C4996: 'DE::Bindable': Use BindableDX12 instead
  (编译源文件“CodeFile/ECS/System/System.cpp”)
      E:\Projects\Ying-Long-Engine\Ying-Long-Engine\Ying-Long Engine\CodeFile\Graphics\Drawable\DrawableBase.h(19,38):
      模板实例化上下文(最早的实例化上下文)为
          E:\Projects\Ying-Long-Engine\Ying-Long-Engine\Ying-Long Engine\CodeFile\Graphics\Drawable\DrawableBase.h(12,8):
          在编译类模板“DE::DrawableBase”时
  
E:\Projects\Ying-Long-Engine\Ying-Long-Engine\Ying-Long Engine\CodeFile\Graphics\Drawable\DrawableBase.h(46,37): warning C4996: 'DE::Bindable': Use BindableDX12 instead
  (编译源文件“CodeFile/ECS/System/System.cpp”)
  
E:\Projects\Ying-Long-Engine\Ying-Long-Engine\Ying-Long Engine\CodeFile\Graphics\Drawable\DrawableBase.h(51,38): warning C4996: 'DE::Bindable': Use BindableDX12 instead
  (编译源文件“CodeFile/ECS/System/System.cpp”)
  
E:\Projects\Ying-Long-Engine\Ying-Long-Engine\Ying-Long Engine\CodeFile\Graphics\Drawable\DrawableBase.h(19,38): warning C4996: 'DE::Bindable': Use BindableDX12 instead
  (编译源文件“CodeFile/EntryPoint/EntryPoint.cpp”)
      E:\Projects\Ying-Long-Engine\Ying-Long-Engine\Ying-Long Engine\CodeFile\Graphics\Drawable\DrawableBase.h(19,38):
      模板实例化上下文(最早的实例化上下文)为
          E:\Projects\Ying-Long-Engine\Ying-Long-Engine\Ying-Long Engine\CodeFile\Graphics\Drawable\DrawableBase.h(12,8):
          在编译类模板“DE::DrawableBase”时
  
E:\Projects\Ying-Long-Engine\Ying-Long-Engine\Ying-Long Engine\CodeFile\Graphics\Drawable\DrawableBase.h(46,37): warning C4996: 'DE::Bindable': Use BindableDX12 instead
  (编译源文件“CodeFile/EntryPoint/EntryPoint.cpp”)
  
E:\Projects\Ying-Long-Engine\Ying-Long-Engine\Ying-Long Engine\CodeFile\Graphics\Drawable\DrawableBase.h(51,38): warning C4996: 'DE::Bindable': Use BindableDX12 instead
  (编译源文件“CodeFile/EntryPoint/EntryPoint.cpp”)
  
E:\Projects\Ying-Long-Engine\Ying-Long-Engine\Ying-Long Engine\CodeFile\Graphics\Drawable\DrawableBase.h(55,30): warning C4996: 'DE::Bindable': Use BindableDX12 instead
  (编译源文件“CodeFile/EntryPoint/EntryPoint.cpp”)
  
  WARNING: Graphics.h is deprecated. Use DX12Renderer instead.
E:\Projects\Ying-Long-Engine\Ying-Long-Engine\Ying-Long Engine\CodeFile\Graphics\Drawable\DrawableBase.h(55,30): warning C4996: 'DE::Bindable': Use BindableDX12 instead
  (编译源文件“CodeFile/ECS/System/System.cpp”)
  
E:\Projects\Ying-Long-Engine\Ying-Long-Engine\Ying-Long Engine\CodeFile\Graphics\Bindable\InputLayout.h(6,29): warning C4996: 'DE::Bindable': Use BindableDX12 instead
  (编译源文件“CodeFile/ECS/System/System.cpp”)
  
E:\Projects\Ying-Long-Engine\Ying-Long-Engine\Ying-Long Engine\CodeFile\Graphics\Bindable\InputLayout.h(9,15): warning C4996: 'DE::Graphics': Use DX12Renderer instead
  (编译源文件“CodeFile/ECS/System/System.cpp”)
  
E:\Projects\Ying-Long-Engine\Ying-Long-Engine\Ying-Long Engine\CodeFile\Graphics\Bindable\InputLayout.h(11,13): warning C4996: 'DE::Graphics': Use DX12Renderer instead
  (编译源文件“CodeFile/ECS/System/System.cpp”)
  
E:\Projects\Ying-Long-Engine\Ying-Long-Engine\Ying-Long Engine\CodeFile\Graphics\Bindable\TransformConstantBuffer.h(8,41): warning C4996: 'DE::Bindable': Use BindableDX12 instead
  (编译源文件“CodeFile/ECS/System/System.cpp”)
  
E:\Projects\Ying-Long-Engine\Ying-Long-Engine\Ying-Long Engine\CodeFile\Graphics\Bindable\TransformConstantBuffer.h(11,27): warning C4996: 'DE::Graphics': Use DX12Renderer instead
  (编译源文件“CodeFile/ECS/System/System.cpp”)
  
E:\Projects\Ying-Long-Engine\Ying-Long-Engine\Ying-Long Engine\CodeFile\Graphics\Bindable\TransformConstantBuffer.h(11,53): warning C4996: 'DE::Drawable': Use DX12Drawable instead
  (编译源文件“CodeFile/ECS/System/System.cpp”)
  
E:\Projects\Ying-Long-Engine\Ying-Long-Engine\Ying-Long Engine\CodeFile\Graphics\Bindable\TransformConstantBuffer.h(12,13): warning C4996: 'DE::Graphics': Use DX12Renderer instead
  (编译源文件“CodeFile/ECS/System/System.cpp”)
  
E:\Projects\Ying-Long-Engine\Ying-Long-Engine\Ying-Long Engine\CodeFile\Graphics\Bindable\TransformConstantBuffer.h(22,9): warning C4996: 'DE::Drawable': Use DX12Drawable instead
  (编译源文件“CodeFile/ECS/System/System.cpp”)
  
E:\Projects\Ying-Long-Engine\Ying-Long-Engine\Ying-Long Engine\CodeFile\Graphics\Bindable\SolidColorConstantBuffer.h(14,42): warning C4996: 'DE::Bindable': Use BindableDX12 instead
  (编译源文件“CodeFile/ECS/System/System.cpp”)
  
E:\Projects\Ying-Long-Engine\Ying-Long-Engine\Ying-Long Engine\CodeFile\Graphics\Bindable\SolidColorConstantBuffer.h(17,28): warning C4996: 'DE::Graphics': Use DX12Renderer instead
  (编译源文件“CodeFile/ECS/System/System.cpp”)
  
E:\Projects\Ying-Long-Engine\Ying-Long-Engine\Ying-Long Engine\CodeFile\Graphics\Bindable\SolidColorConstantBuffer.h(18,13): warning C4996: 'DE::Graphics': Use DX12Renderer instead
  (编译源文件“CodeFile/ECS/System/System.cpp”)
  
E:\Projects\Ying-Long-Engine\Ying-Long-Engine\Ying-Long Engine\CodeFile\Graphics\Bindable\VertexShader.h(10,30): warning C4996: 'DE::Bindable': Use BindableDX12 instead
  (编译源文件“CodeFile/ECS/System/System.cpp”)
  
E:\Projects\Ying-Long-Engine\Ying-Long-Engine\Ying-Long Engine\CodeFile\Graphics\Bindable\VertexShader.h(14,16): warning C4996: 'DE::Graphics': Use DX12Renderer instead
  (编译源文件“CodeFile/ECS/System/System.cpp”)
  
E:\Projects\Ying-Long-Engine\Ying-Long-Engine\Ying-Long Engine\CodeFile\Graphics\Bindable\VertexShader.h(17,19): warning C4996: 'DE::Graphics': Use DX12Renderer instead
  (编译源文件“CodeFile/ECS/System/System.cpp”)
  
E:\Projects\Ying-Long-Engine\Ying-Long-Engine\Ying-Long Engine\CodeFile\Graphics\Bindable\VertexShader.h(19,13): warning C4996: 'DE::Graphics': Use DX12Renderer instead
  (编译源文件“CodeFile/ECS/System/System.cpp”)
  
  WARNING: DepthStencil.h is deprecated. Use DepthStencilDX12 instead.
E:\Projects\Ying-Long-Engine\Ying-Long-Engine\Ying-Long Engine\CodeFile\Graphics\Bindable\PixelShader.h(10,29): warning C4996: 'DE::Bindable': Use BindableDX12 instead
  (编译源文件“CodeFile/ECS/System/System.cpp”)
  
E:\Projects\Ying-Long-Engine\Ying-Long-Engine\Ying-Long Engine\CodeFile\Graphics\Bindable\PixelShader.h(14,15): warning C4996: 'DE::Graphics': Use DX12Renderer instead
  (编译源文件“CodeFile/ECS/System/System.cpp”)
  
  WARNING: RenderTarget.h is deprecated. Use RenderTargetDX12 instead.
E:\Projects\Ying-Long-Engine\Ying-Long-Engine\Ying-Long Engine\CodeFile\Graphics\Bindable\PixelShader.h(17,19): warning C4996: 'DE::Graphics': Use DX12Renderer instead
  (编译源文件“CodeFile/ECS/System/System.cpp”)
  
E:\Projects\Ying-Long-Engine\Ying-Long-Engine\Ying-Long Engine\CodeFile\Graphics\Bindable\PixelShader.h(19,13): warning C4996: 'DE::Graphics': Use DX12Renderer instead
  (编译源文件“CodeFile/ECS/System/System.cpp”)
  
E:\Projects\Ying-Long-Engine\Ying-Long-Engine\Ying-Long Engine\CodeFile\Graphics\Bindable\Topology.h(6,26): warning C4996: 'DE::Bindable': Use BindableDX12 instead
  (编译源文件“CodeFile/ECS/System/System.cpp”)
  
E:\Projects\Ying-Long-Engine\Ying-Long-Engine\Ying-Long Engine\CodeFile\Graphics\Bindable\Topology.h(9,12): warning C4996: 'DE::Graphics': Use DX12Renderer instead
  (编译源文件“CodeFile/ECS/System/System.cpp”)
  
E:\Projects\Ying-Long-Engine\Ying-Long-Engine\Ying-Long Engine\CodeFile\Graphics\Bindable\Topology.h(10,13): warning C4996: 'DE::Graphics': Use DX12Renderer instead
  (编译源文件“CodeFile/ECS/System/System.cpp”)
  
E:\Projects\Ying-Long-Engine\Ying-Long-Engine\Ying-Long Engine\CodeFile\Graphics\Bindable\Texture.h(7,25): warning C4996: 'DE::Bindable': Use BindableDX12 instead
  (编译源文件“CodeFile/Application/Window/Window.cpp”)
  
E:\Projects\Ying-Long-Engine\Ying-Long-Engine\Ying-Long Engine\CodeFile\Graphics\Bindable\Texture.h(11,11): warning C4996: 'DE::Graphics': Use DX12Renderer instead
  (编译源文件“CodeFile/Application/Window/Window.cpp”)
  
E:\Projects\Ying-Long-Engine\Ying-Long-Engine\Ying-Long Engine\CodeFile\Graphics\Bindable\Texture.h(14,19): warning C4996: 'DE::Graphics': Use DX12Renderer instead
  (编译源文件“CodeFile/Application/Window/Window.cpp”)
  
E:\Projects\Ying-Long-Engine\Ying-Long-Engine\Ying-Long Engine\CodeFile\Graphics\Bindable\Texture.h(16,13): warning C4996: 'DE::Graphics': Use DX12Renderer instead
  (编译源文件“CodeFile/Application/Window/Window.cpp”)
  
E:\Projects\Ying-Long-Engine\Ying-Long-Engine\Ying-Long Engine\CodeFile\Graphics\Bindable\VertexBuffer.h(8,33): warning C4996: 'DE::Bindable': Use BindableDX12 instead
  (编译源文件“CodeFile/Application/Window/Window.cpp”)
  
E:\Projects\Ying-Long-Engine\Ying-Long-Engine\Ying-Long Engine\CodeFile\Graphics\Bindable\VertexBuffer.h(13,22): warning C4996: 'DE::Graphics': Use DX12Renderer instead
  (编译源文件“CodeFile/Application/Window/Window.cpp”)
  
E:\Projects\Ying-Long-Engine\Ying-Long-Engine\Ying-Long Engine\CodeFile\Graphics\Bindable\VertexBuffer.h(30,19): warning C4996: 'DE::Graphics': Use DX12Renderer instead
  (编译源文件“CodeFile/Application/Window/Window.cpp”)
  
E:\Projects\Ying-Long-Engine\Ying-Long-Engine\Ying-Long Engine\CodeFile\Graphics\Graphics.h(90,19): warning C4996: 'DE::RenderTarget': Use RenderTargetDX12 instead
  (编译源文件“CodeFile/EntryPoint/EntryPoint.cpp”)
  
E:\Projects\Ying-Long-Engine\Ying-Long-Engine\Ying-Long Engine\CodeFile\Graphics\Bindable\VertexBuffer.h(33,13): warning C4996: 'DE::Bindable::GetDevicContext': Use BindableDX12 instead
  (编译源文件“CodeFile/Application/Window/Window.cpp”)
  
E:\Projects\Ying-Long-Engine\Ying-Long-Engine\Ying-Long Engine\CodeFile\Graphics\Bindable\Sampler.h(6,25): warning C4996: 'DE::Bindable': Use BindableDX12 instead
  (编译源文件“CodeFile/ECS/Scene/Scene.cpp”)
  
E:\Projects\Ying-Long-Engine\Ying-Long-Engine\Ying-Long Engine\CodeFile\Graphics\Bindable\Sampler.h(10,11): warning C4996: 'DE::Graphics': Use DX12Renderer instead
  (编译源文件“CodeFile/ECS/Scene/Scene.cpp”)
  
E:\Projects\Ying-Long-Engine\Ying-Long-Engine\Ying-Long Engine\CodeFile\Graphics\Bindable\Sampler.h(13,26): warning C4996: 'DE::Graphics': Use DX12Renderer instead
  (编译源文件“CodeFile/ECS/Scene/Scene.cpp”)
  
E:\Projects\Ying-Long-Engine\Ying-Long-Engine\Ying-Long Engine\CodeFile\Graphics\Bindable\Sampler.h(15,13): warning C4996: 'DE::Graphics': Use DX12Renderer instead
  (编译源文件“CodeFile/ECS/Scene/Scene.cpp”)
  
E:\Projects\Ying-Long-Engine\Ying-Long-Engine\Ying-Long Engine\CodeFile\Graphics\Drawable\SolidSphere.h(21,23): warning C4996: 'DE::Graphics': Use DX12Renderer instead
  (编译源文件“CodeFile/Application/Window/Window.cpp”)
  
E:\Projects\Ying-Long-Engine\Ying-Long-Engine\Ying-Long Engine\CodeFile\Graphics\Graphics.h(91,19): warning C4996: 'DE::RenderTarget': Use RenderTargetDX12 instead
  (编译源文件“CodeFile/EntryPoint/EntryPoint.cpp”)
  
E:\Projects\Ying-Long-Engine\Ying-Long-Engine\Ying-Long Engine\CodeFile\Graphics\Light\PointLight.h(43,14): warning C4996: 'DE::Graphics': Use DX12Renderer instead
  (编译源文件“CodeFile/Application/Window/Window.cpp”)
  
E:\Projects\Ying-Long-Engine\Ying-Long-Engine\Ying-Long Engine\CodeFile\Graphics\Graphics.h(92,19): warning C4996: 'DE::DepthStencil': Use DepthStencilDX12 instead
  (编译源文件“CodeFile/EntryPoint/EntryPoint.cpp”)
  
E:\Projects\Ying-Long-Engine\Ying-Long-Engine\Ying-Long Engine\CodeFile\Graphics\Light\PointLight.h(47,13): warning C4996: 'DE::Graphics': Use DX12Renderer instead
  (编译源文件“CodeFile/Application/Window/Window.cpp”)
  
E:\Projects\Ying-Long-Engine\Ying-Long-Engine\Ying-Long Engine\CodeFile\Graphics\Drawable\Box.h(18,15): warning C4996: 'DE::Graphics': Use DX12Renderer instead
  (编译源文件“CodeFile/Application/Window/Window.cpp”)
  
E:\Projects\Ying-Long-Engine\Ying-Long-Engine\Ying-Long Engine\CodeFile\Graphics\Drawable\Mesh.h(50,19): warning C4996: 'DE::Graphics': Use DX12Renderer instead
  (编译源文件“CodeFile/ECS/Scene/Scene.cpp”)
  
E:\Projects\Ying-Long-Engine\Ying-Long-Engine\Ying-Long Engine\CodeFile\Graphics\Drawable\Mesh.h(56,13): warning C4996: 'DE::Graphics': Use DX12Renderer instead
  (编译源文件“CodeFile/ECS/Scene/Scene.cpp”)
  
E:\Projects\Ying-Long-Engine\Ying-Long-Engine\Ying-Long Engine\CodeFile\Graphics\Light\SpotLight.h(46,13): warning C4996: 'DE::Graphics': Use DX12Renderer instead
  (编译源文件“CodeFile/Application/Window/Window.cpp”)
  
E:\Projects\Ying-Long-Engine\Ying-Long-Engine\Ying-Long Engine\CodeFile\Graphics\Light\SpotLight.h(50,13): warning C4996: 'DE::Graphics': Use DX12Renderer instead
  (编译源文件“CodeFile/Application/Window/Window.cpp”)
  
E:\Projects\Ying-Long-Engine\Ying-Long-Engine\Ying-Long Engine\CodeFile\Graphics\Light\LightManager.h(10,26): warning C4996: 'DE::Graphics': Use DX12Renderer instead
  (编译源文件“CodeFile/Application/Window/Window.cpp”)
  
E:\Projects\Ying-Long-Engine\Ying-Long-Engine\Ying-Long Engine\CodeFile\Graphics\Light\LightManager.h(14,22): warning C4996: 'DE::Graphics': Use DX12Renderer instead
  (编译源文件“CodeFile/Application/Window/Window.cpp”)
  
E:\Projects\Ying-Long-Engine\Ying-Long-Engine\Ying-Long Engine\CodeFile\Graphics\Bindable\ConstantBuffers.h(11,3): warning C4996: 'DE::Bindable::~Bindable': Use BindableDX12 instead
  (编译源文件“CodeFile/ECS/Scene/Scene.cpp”)
      E:\Projects\Ying-Long-Engine\Ying-Long-Engine\Ying-Long Engine\CodeFile\Graphics\Bindable\ConstantBuffers.h(99,1):
      参见对函数 "DE::ConstantBuffer<C>::ConstantBuffer(void)" 的引用
          with
          [
              C=DE::MaterialCBufferData
          ]
  
E:\Projects\Ying-Long-Engine\Ying-Long-Engine\Ying-Long Engine\CodeFile\Graphics\Drawable\Mesh.h(66,8): warning C4996: 'DE::Graphics': Use DX12Renderer instead
  (编译源文件“CodeFile/ECS/Scene/Scene.cpp”)
  
E:\Projects\Ying-Long-Engine\Ying-Long-Engine\Ying-Long Engine\CodeFile\Graphics\Drawable\Model.h(12,9): warning C4996: 'DE::Graphics': Use DX12Renderer instead
  (编译源文件“CodeFile/ECS/Scene/Scene.cpp”)
  
E:\Projects\Ying-Long-Engine\Ying-Long-Engine\Ying-Long Engine\CodeFile\Graphics\Drawable\Model.h(15,13): warning C4996: 'DE::Graphics': Use DX12Renderer instead
  (编译源文件“CodeFile/ECS/Scene/Scene.cpp”)
  
E:\Projects\Ying-Long-Engine\Ying-Long-Engine\Ying-Long Engine\CodeFile\Graphics\Bindable\Texture.h(7,25): warning C4996: 'DE::Bindable': Use BindableDX12 instead
  (编译源文件“CodeFile/ECS/System/System.cpp”)
  
E:\Projects\Ying-Long-Engine\Ying-Long-Engine\Ying-Long Engine\CodeFile\Graphics\Bindable\Texture.h(11,11): warning C4996: 'DE::Graphics': Use DX12Renderer instead
  (编译源文件“CodeFile/ECS/System/System.cpp”)
  
E:\Projects\Ying-Long-Engine\Ying-Long-Engine\Ying-Long Engine\CodeFile\Graphics\Bindable\Texture.h(14,19): warning C4996: 'DE::Graphics': Use DX12Renderer instead
  (编译源文件“CodeFile/ECS/System/System.cpp”)
  
E:\Projects\Ying-Long-Engine\Ying-Long-Engine\Ying-Long Engine\CodeFile\Graphics\Bindable\Texture.h(16,13): warning C4996: 'DE::Graphics': Use DX12Renderer instead
  (编译源文件“CodeFile/ECS/System/System.cpp”)
  
E:\Projects\Ying-Long-Engine\Ying-Long-Engine\Ying-Long Engine\CodeFile\Graphics\Bindable\ConstantBuffers.h(13,15): warning C4996: 'DE::Graphics': Use DX12Renderer instead
  (编译源文件“CodeFile/EntryPoint/EntryPoint.cpp”)
      E:\Projects\Ying-Long-Engine\Ying-Long-Engine\Ying-Long Engine\CodeFile\Graphics\Bindable\ConstantBuffers.h(13,15):
      模板实例化上下文(最早的实例化上下文)为
          E:\Projects\Ying-Long-Engine\Ying-Long-Engine\Ying-Long Engine\CodeFile\Graphics\Bindable\ConstantBuffers.h(8,9):
          在编译类模板“DE::ConstantBuffer”时
  
E:\Projects\Ying-Long-Engine\Ying-Long-Engine\Ying-Long Engine\CodeFile\Graphics\Bindable\ConstantBuffers.h(28,18): warning C4996: 'DE::Graphics': Use DX12Renderer instead
  (编译源文件“CodeFile/EntryPoint/EntryPoint.cpp”)
  
E:\Projects\Ying-Long-Engine\Ying-Long-Engine\Ying-Long Engine\CodeFile\Graphics\Bindable\ConstantBuffers.h(47,18): warning C4996: 'DE::Graphics': Use DX12Renderer instead
  (编译源文件“CodeFile/EntryPoint/EntryPoint.cpp”)
  
E:\Projects\Ying-Long-Engine\Ying-Long-Engine\Ying-Long Engine\CodeFile\Graphics\Bindable\ConstantBuffers.h(77,13): warning C4996: 'DE::Graphics': Use DX12Renderer instead
  (编译源文件“CodeFile/EntryPoint/EntryPoint.cpp”)
      E:\Projects\Ying-Long-Engine\Ying-Long-Engine\Ying-Long Engine\CodeFile\Graphics\Bindable\ConstantBuffers.h(77,13):
      模板实例化上下文(最早的实例化上下文)为
          E:\Projects\Ying-Long-Engine\Ying-Long-Engine\Ying-Long Engine\CodeFile\Graphics\Bindable\ConstantBuffers.h(70,8):
          在编译类模板“DE::VertexConstantBuffer”时
  
E:\Projects\Ying-Long-Engine\Ying-Long-Engine\Ying-Long Engine\CodeFile\Graphics\Bindable\ConstantBuffers.h(91,13): warning C4996: 'DE::Graphics': Use DX12Renderer instead
  (编译源文件“CodeFile/EntryPoint/EntryPoint.cpp”)
      E:\Projects\Ying-Long-Engine\Ying-Long-Engine\Ying-Long Engine\CodeFile\Graphics\Bindable\ConstantBuffers.h(91,13):
      模板实例化上下文(最早的实例化上下文)为
          E:\Projects\Ying-Long-Engine\Ying-Long-Engine\Ying-Long Engine\CodeFile\Graphics\Bindable\ConstantBuffers.h(85,8):
          在编译类模板“DE::PixelConstantBuffer”时
  
E:\Projects\Ying-Long-Engine\Ying-Long-Engine\Ying-Long Engine\CodeFile\Graphics\Bindable\TransformConstantBuffer.h(8,41): warning C4996: 'DE::Bindable': Use BindableDX12 instead
  (编译源文件“CodeFile/EntryPoint/EntryPoint.cpp”)
  
E:\Projects\Ying-Long-Engine\Ying-Long-Engine\Ying-Long Engine\CodeFile\Graphics\Bindable\TransformConstantBuffer.h(11,27): warning C4996: 'DE::Graphics': Use DX12Renderer instead
  (编译源文件“CodeFile/EntryPoint/EntryPoint.cpp”)
  
E:\Projects\Ying-Long-Engine\Ying-Long-Engine\Ying-Long Engine\CodeFile\Graphics\Bindable\TransformConstantBuffer.h(11,53): warning C4996: 'DE::Drawable': Use DX12Drawable instead
  (编译源文件“CodeFile/EntryPoint/EntryPoint.cpp”)
  
E:\Projects\Ying-Long-Engine\Ying-Long-Engine\Ying-Long Engine\CodeFile\Graphics\Bindable\TransformConstantBuffer.h(12,13): warning C4996: 'DE::Graphics': Use DX12Renderer instead
  (编译源文件“CodeFile/EntryPoint/EntryPoint.cpp”)
  
E:\Projects\Ying-Long-Engine\Ying-Long-Engine\Ying-Long Engine\CodeFile\Graphics\Bindable\TransformConstantBuffer.h(22,9): warning C4996: 'DE::Drawable': Use DX12Drawable instead
  (编译源文件“CodeFile/EntryPoint/EntryPoint.cpp”)
  
E:\Projects\Ying-Long-Engine\Ying-Long-Engine\Ying-Long Engine\CodeFile\Graphics\Bindable\SolidColorConstantBuffer.h(14,42): warning C4996: 'DE::Bindable': Use BindableDX12 instead
  (编译源文件“CodeFile/EntryPoint/EntryPoint.cpp”)
  
E:\Projects\Ying-Long-Engine\Ying-Long-Engine\Ying-Long Engine\CodeFile\Graphics\Bindable\SolidColorConstantBuffer.h(17,28): warning C4996: 'DE::Graphics': Use DX12Renderer instead
  (编译源文件“CodeFile/EntryPoint/EntryPoint.cpp”)
  
E:\Projects\Ying-Long-Engine\Ying-Long-Engine\Ying-Long Engine\CodeFile\Graphics\Bindable\SolidColorConstantBuffer.h(18,13): warning C4996: 'DE::Graphics': Use DX12Renderer instead
  (编译源文件“CodeFile/EntryPoint/EntryPoint.cpp”)
  
E:\Projects\Ying-Long-Engine\Ying-Long-Engine\Ying-Long Engine\CodeFile\Graphics\Bindable\VertexBuffer.h(8,33): warning C4996: 'DE::Bindable': Use BindableDX12 instead
  (编译源文件“CodeFile/ECS/System/System.cpp”)
  
E:\Projects\Ying-Long-Engine\Ying-Long-Engine\Ying-Long Engine\CodeFile\Graphics\Bindable\VertexBuffer.h(13,22): warning C4996: 'DE::Graphics': Use DX12Renderer instead
  (编译源文件“CodeFile/ECS/System/System.cpp”)
  
E:\Projects\Ying-Long-Engine\Ying-Long-Engine\Ying-Long Engine\CodeFile\Graphics\Bindable\VertexBuffer.h(30,19): warning C4996: 'DE::Graphics': Use DX12Renderer instead
  (编译源文件“CodeFile/ECS/System/System.cpp”)
  
E:\Projects\Ying-Long-Engine\Ying-Long-Engine\Ying-Long Engine\CodeFile\Graphics\Bindable\VertexBuffer.h(33,13): warning C4996: 'DE::Bindable::GetDevicContext': Use BindableDX12 instead
  (编译源文件“CodeFile/ECS/System/System.cpp”)
  
E:\Projects\Ying-Long-Engine\Ying-Long-Engine\Ying-Long Engine\CodeFile\Graphics\Drawable\SolidSphere.h(21,23): warning C4996: 'DE::Graphics': Use DX12Renderer instead
  (编译源文件“CodeFile/ECS/System/System.cpp”)
  
E:\Projects\Ying-Long-Engine\Ying-Long-Engine\Ying-Long Engine\CodeFile\Graphics\Light\PointLight.h(43,14): warning C4996: 'DE::Graphics': Use DX12Renderer instead
  (编译源文件“CodeFile/ECS/System/System.cpp”)
  
E:\Projects\Ying-Long-Engine\Ying-Long-Engine\Ying-Long Engine\CodeFile\Graphics\Light\PointLight.h(47,13): warning C4996: 'DE::Graphics': Use DX12Renderer instead
  (编译源文件“CodeFile/ECS/System/System.cpp”)
  
E:\Projects\Ying-Long-Engine\Ying-Long-Engine\Ying-Long Engine\CodeFile\Graphics\Light\SpotLight.h(46,13): warning C4996: 'DE::Graphics': Use DX12Renderer instead
  (编译源文件“CodeFile/ECS/System/System.cpp”)
  
E:\Projects\Ying-Long-Engine\Ying-Long-Engine\Ying-Long Engine\CodeFile\Graphics\Light\SpotLight.h(50,13): warning C4996: 'DE::Graphics': Use DX12Renderer instead
  (编译源文件“CodeFile/ECS/System/System.cpp”)
  
E:\Projects\Ying-Long-Engine\Ying-Long-Engine\Ying-Long Engine\CodeFile\Graphics\Light\LightManager.h(10,26): warning C4996: 'DE::Graphics': Use DX12Renderer instead
  (编译源文件“CodeFile/ECS/System/System.cpp”)
  
E:\Projects\Ying-Long-Engine\Ying-Long-Engine\Ying-Long Engine\CodeFile\Graphics\Light\LightManager.h(14,22): warning C4996: 'DE::Graphics': Use DX12Renderer instead
  (编译源文件“CodeFile/ECS/System/System.cpp”)
  
E:\Projects\Ying-Long-Engine\Ying-Long-Engine\Ying-Long Engine\CodeFile\Graphics\Drawable\Capsule.h(13,19): warning C4996: 'DE::Graphics': Use DX12Renderer instead
  (编译源文件“CodeFile/EntryPoint/EntryPoint.cpp”)
  
E:\Projects\Ying-Long-Engine\Ying-Long-Engine\Ying-Long Engine\CodeFile\Graphics\Bindable\InputLayout.h(6,29): warning C4996: 'DE::Bindable': Use BindableDX12 instead
  (编译源文件“CodeFile/EntryPoint/EntryPoint.cpp”)
  
E:\Projects\Ying-Long-Engine\Ying-Long-Engine\Ying-Long Engine\CodeFile\Graphics\Bindable\InputLayout.h(9,15): warning C4996: 'DE::Graphics': Use DX12Renderer instead
  (编译源文件“CodeFile/EntryPoint/EntryPoint.cpp”)
  
E:\Projects\Ying-Long-Engine\Ying-Long-Engine\Ying-Long Engine\CodeFile\Graphics\Bindable\InputLayout.h(11,13): warning C4996: 'DE::Graphics': Use DX12Renderer instead
  (编译源文件“CodeFile/EntryPoint/EntryPoint.cpp”)
  
E:\Projects\Ying-Long-Engine\Ying-Long-Engine\Ying-Long Engine\CodeFile\Graphics\Bindable\VertexShader.h(10,30): warning C4996: 'DE::Bindable': Use BindableDX12 instead
  (编译源文件“CodeFile/EntryPoint/EntryPoint.cpp”)
  
E:\Projects\Ying-Long-Engine\Ying-Long-Engine\Ying-Long Engine\CodeFile\Graphics\Bindable\VertexShader.h(14,16): warning C4996: 'DE::Graphics': Use DX12Renderer instead
  (编译源文件“CodeFile/EntryPoint/EntryPoint.cpp”)
  
E:\Projects\Ying-Long-Engine\Ying-Long-Engine\Ying-Long Engine\CodeFile\Graphics\Bindable\VertexShader.h(17,19): warning C4996: 'DE::Graphics': Use DX12Renderer instead
  (编译源文件“CodeFile/EntryPoint/EntryPoint.cpp”)
  
E:\Projects\Ying-Long-Engine\Ying-Long-Engine\Ying-Long Engine\CodeFile\Graphics\Bindable\VertexShader.h(19,13): warning C4996: 'DE::Graphics': Use DX12Renderer instead
  (编译源文件“CodeFile/EntryPoint/EntryPoint.cpp”)
  
E:\Projects\Ying-Long-Engine\Ying-Long-Engine\Ying-Long Engine\CodeFile\Graphics\Bindable\PixelShader.h(10,29): warning C4996: 'DE::Bindable': Use BindableDX12 instead
  (编译源文件“CodeFile/EntryPoint/EntryPoint.cpp”)
  
E:\Projects\Ying-Long-Engine\Ying-Long-Engine\Ying-Long Engine\CodeFile\Graphics\Bindable\PixelShader.h(14,15): warning C4996: 'DE::Graphics': Use DX12Renderer instead
  (编译源文件“CodeFile/EntryPoint/EntryPoint.cpp”)
  
E:\Projects\Ying-Long-Engine\Ying-Long-Engine\Ying-Long Engine\CodeFile\Graphics\Bindable\PixelShader.h(17,19): warning C4996: 'DE::Graphics': Use DX12Renderer instead
  (编译源文件“CodeFile/EntryPoint/EntryPoint.cpp”)
  
E:\Projects\Ying-Long-Engine\Ying-Long-Engine\Ying-Long Engine\CodeFile\Graphics\Bindable\PixelShader.h(19,13): warning C4996: 'DE::Graphics': Use DX12Renderer instead
  (编译源文件“CodeFile/EntryPoint/EntryPoint.cpp”)
  
E:\Projects\Ying-Long-Engine\Ying-Long-Engine\Ying-Long Engine\CodeFile\Graphics\Bindable\Topology.h(6,26): warning C4996: 'DE::Bindable': Use BindableDX12 instead
  (编译源文件“CodeFile/EntryPoint/EntryPoint.cpp”)
  
E:\Projects\Ying-Long-Engine\Ying-Long-Engine\Ying-Long Engine\CodeFile\Graphics\Bindable\Topology.h(9,12): warning C4996: 'DE::Graphics': Use DX12Renderer instead
  (编译源文件“CodeFile/EntryPoint/EntryPoint.cpp”)
  
E:\Projects\Ying-Long-Engine\Ying-Long-Engine\Ying-Long Engine\CodeFile\Graphics\Bindable\Topology.h(10,13): warning C4996: 'DE::Graphics': Use DX12Renderer instead
  (编译源文件“CodeFile/EntryPoint/EntryPoint.cpp”)
  
E:\Projects\Ying-Long-Engine\Ying-Long-Engine\Ying-Long Engine\CodeFile\Graphics\Bindable\Sampler.h(6,25): warning C4996: 'DE::Bindable': Use BindableDX12 instead
  (编译源文件“CodeFile/Application/Window/Window.cpp”)
  
E:\Projects\Ying-Long-Engine\Ying-Long-Engine\Ying-Long Engine\CodeFile\Graphics\Bindable\Sampler.h(10,11): warning C4996: 'DE::Graphics': Use DX12Renderer instead
  (编译源文件“CodeFile/Application/Window/Window.cpp”)
  
E:\Projects\Ying-Long-Engine\Ying-Long-Engine\Ying-Long Engine\CodeFile\Graphics\Bindable\Sampler.h(13,26): warning C4996: 'DE::Graphics': Use DX12Renderer instead
  (编译源文件“CodeFile/Application/Window/Window.cpp”)
  
E:\Projects\Ying-Long-Engine\Ying-Long-Engine\Ying-Long Engine\CodeFile\Graphics\Bindable\Sampler.h(15,13): warning C4996: 'DE::Graphics': Use DX12Renderer instead
  (编译源文件“CodeFile/Application/Window/Window.cpp”)
  
E:\Projects\Ying-Long-Engine\Ying-Long-Engine\Ying-Long Engine\CodeFile\Graphics\Drawable\Mesh.h(50,19): warning C4996: 'DE::Graphics': Use DX12Renderer instead
  (编译源文件“CodeFile/Application/Window/Window.cpp”)
  
E:\Projects\Ying-Long-Engine\Ying-Long-Engine\Ying-Long Engine\CodeFile\Graphics\Drawable\Mesh.h(56,13): warning C4996: 'DE::Graphics': Use DX12Renderer instead
  (编译源文件“CodeFile/Application/Window/Window.cpp”)
  
E:\Projects\Ying-Long-Engine\Ying-Long-Engine\Ying-Long Engine\CodeFile\Graphics\Bindable\ConstantBuffers.h(11,3): warning C4996: 'DE::Bindable::~Bindable': Use BindableDX12 instead
  (编译源文件“CodeFile/Application/Window/Window.cpp”)
      E:\Projects\Ying-Long-Engine\Ying-Long-Engine\Ying-Long Engine\CodeFile\Graphics\Bindable\ConstantBuffers.h(99,1):
      参见对函数 "DE::ConstantBuffer<C>::ConstantBuffer(void)" 的引用
          with
          [
              C=DE::MaterialCBufferData
          ]
  
E:\Projects\Ying-Long-Engine\Ying-Long-Engine\Ying-Long Engine\CodeFile\Graphics\Drawable\Mesh.h(66,8): warning C4996: 'DE::Graphics': Use DX12Renderer instead
  (编译源文件“CodeFile/Application/Window/Window.cpp”)
  
E:\Projects\Ying-Long-Engine\Ying-Long-Engine\Ying-Long Engine\CodeFile\Graphics\Drawable\Model.h(12,9): warning C4996: 'DE::Graphics': Use DX12Renderer instead
  (编译源文件“CodeFile/Application/Window/Window.cpp”)
  
E:\Projects\Ying-Long-Engine\Ying-Long-Engine\Ying-Long Engine\CodeFile\Graphics\Drawable\Model.h(15,13): warning C4996: 'DE::Graphics': Use DX12Renderer instead
  (编译源文件“CodeFile/Application/Window/Window.cpp”)
  
E:\Projects\Ying-Long-Engine\Ying-Long-Engine\Ying-Long Engine\CodeFile\ECS\Scene\Scene.cpp(279,21): warning C4996: 'DE::Graphics': Use DX12Renderer instead
E:\Projects\Ying-Long-Engine\Ying-Long-Engine\Ying-Long Engine\CodeFile\Graphics\Bindable\Texture.h(7,25): warning C4996: 'DE::Bindable': Use BindableDX12 instead
  (编译源文件“CodeFile/EntryPoint/EntryPoint.cpp”)
  
E:\Projects\Ying-Long-Engine\Ying-Long-Engine\Ying-Long Engine\CodeFile\Graphics\Bindable\Texture.h(11,11): warning C4996: 'DE::Graphics': Use DX12Renderer instead
  (编译源文件“CodeFile/EntryPoint/EntryPoint.cpp”)
  
E:\Projects\Ying-Long-Engine\Ying-Long-Engine\Ying-Long Engine\CodeFile\Graphics\Bindable\Texture.h(14,19): warning C4996: 'DE::Graphics': Use DX12Renderer instead
  (编译源文件“CodeFile/EntryPoint/EntryPoint.cpp”)
  
E:\Projects\Ying-Long-Engine\Ying-Long-Engine\Ying-Long Engine\CodeFile\Graphics\Bindable\Texture.h(16,13): warning C4996: 'DE::Graphics': Use DX12Renderer instead
  (编译源文件“CodeFile/EntryPoint/EntryPoint.cpp”)
  
E:\Projects\Ying-Long-Engine\Ying-Long-Engine\Ying-Long Engine\CodeFile\ECS\Scene\Scene.cpp(287,13): warning C4996: 'DE::Graphics::SetCamera': Use DX12Renderer instead
E:\Projects\Ying-Long-Engine\Ying-Long-Engine\Ying-Long Engine\CodeFile\Graphics\Bindable\VertexBuffer.h(8,33): warning C4996: 'DE::Bindable': Use BindableDX12 instead
  (编译源文件“CodeFile/EntryPoint/EntryPoint.cpp”)
  
E:\Projects\Ying-Long-Engine\Ying-Long-Engine\Ying-Long Engine\CodeFile\Graphics\Bindable\VertexBuffer.h(13,22): warning C4996: 'DE::Graphics': Use DX12Renderer instead
  (编译源文件“CodeFile/EntryPoint/EntryPoint.cpp”)
  
E:\Projects\Ying-Long-Engine\Ying-Long-Engine\Ying-Long Engine\CodeFile\Graphics\Bindable\VertexBuffer.h(30,19): warning C4996: 'DE::Graphics': Use DX12Renderer instead
  (编译源文件“CodeFile/EntryPoint/EntryPoint.cpp”)
  
E:\Projects\Ying-Long-Engine\Ying-Long-Engine\Ying-Long Engine\CodeFile\Graphics\Bindable\VertexBuffer.h(33,13): warning C4996: 'DE::Bindable::GetDevicContext': Use BindableDX12 instead
  (编译源文件“CodeFile/EntryPoint/EntryPoint.cpp”)
  
E:\Projects\Ying-Long-Engine\Ying-Long-Engine\Ying-Long Engine\CodeFile\Graphics\Drawable\SolidSphere.h(21,23): warning C4996: 'DE::Graphics': Use DX12Renderer instead
  (编译源文件“CodeFile/EntryPoint/EntryPoint.cpp”)
  
E:\Projects\Ying-Long-Engine\Ying-Long-Engine\Ying-Long Engine\CodeFile\Graphics\Light\PointLight.h(43,14): warning C4996: 'DE::Graphics': Use DX12Renderer instead
  (编译源文件“CodeFile/EntryPoint/EntryPoint.cpp”)
  
E:\Projects\Ying-Long-Engine\Ying-Long-Engine\Ying-Long Engine\CodeFile\Graphics\Light\PointLight.h(47,13): warning C4996: 'DE::Graphics': Use DX12Renderer instead
  (编译源文件“CodeFile/EntryPoint/EntryPoint.cpp”)
  
E:\Projects\Ying-Long-Engine\Ying-Long-Engine\Ying-Long Engine\CodeFile\Graphics\Drawable\Box.h(18,15): warning C4996: 'DE::Graphics': Use DX12Renderer instead
  (编译源文件“CodeFile/EntryPoint/EntryPoint.cpp”)
  
  WARNING: DepthStencil.h is deprecated. Use DepthStencilDX12 instead.
  WARNING: RenderTarget.h is deprecated. Use RenderTargetDX12 instead.
E:\Projects\Ying-Long-Engine\Ying-Long-Engine\Ying-Long Engine\CodeFile\Graphics\Graphics.h(90,19): warning C4996: 'DE::RenderTarget': Use RenderTargetDX12 instead
  (编译源文件“CodeFile/Exception/Exception.cpp”)
  
E:\Projects\Ying-Long-Engine\Ying-Long-Engine\Ying-Long Engine\CodeFile\Graphics\Graphics.h(91,19): warning C4996: 'DE::RenderTarget': Use RenderTargetDX12 instead
  (编译源文件“CodeFile/Exception/Exception.cpp”)
  
E:\Projects\Ying-Long-Engine\Ying-Long-Engine\Ying-Long Engine\CodeFile\Graphics\Graphics.h(92,19): warning C4996: 'DE::DepthStencil': Use DepthStencilDX12 instead
  (编译源文件“CodeFile/Exception/Exception.cpp”)
  
E:\Projects\Ying-Long-Engine\Ying-Long-Engine\Ying-Long Engine\CodeFile\Graphics\Bindable\Sampler.h(6,25): warning C4996: 'DE::Bindable': Use BindableDX12 instead
  (编译源文件“CodeFile/ECS/System/System.cpp”)
  
E:\Projects\Ying-Long-Engine\Ying-Long-Engine\Ying-Long Engine\CodeFile\Graphics\Bindable\Sampler.h(10,11): warning C4996: 'DE::Graphics': Use DX12Renderer instead
  (编译源文件“CodeFile/ECS/System/System.cpp”)
  
E:\Projects\Ying-Long-Engine\Ying-Long-Engine\Ying-Long Engine\CodeFile\Graphics\Bindable\Sampler.h(13,26): warning C4996: 'DE::Graphics': Use DX12Renderer instead
  (编译源文件“CodeFile/ECS/System/System.cpp”)
  
E:\Projects\Ying-Long-Engine\Ying-Long-Engine\Ying-Long Engine\CodeFile\Graphics\Bindable\Sampler.h(15,13): warning C4996: 'DE::Graphics': Use DX12Renderer instead
  (编译源文件“CodeFile/ECS/System/System.cpp”)
  
E:\Projects\Ying-Long-Engine\Ying-Long-Engine\Setup\PhysX\Includes\foundation\PxPreprocessor.h(444,1): error C1189: #error:  Exactly one of NDEBUG and _DEBUG needs to be defined!
  (编译源文件“CodeFile/Application/Window/Window.cpp”)
  
E:\Projects\Ying-Long-Engine\Ying-Long-Engine\Ying-Long Engine\CodeFile\Application\Window\Window.h(81,3): warning C4996: 'DE::Graphics': Use DX12Renderer instead
  (编译源文件“CodeFile/EntryPoint/EntryPoint.cpp”)
  
E:\Projects\Ying-Long-Engine\Ying-Long-Engine\Ying-Long Engine\CodeFile\Application\Window\Window.h(127,19): warning C4996: 'DE::Graphics': Use DX12Renderer instead
  (编译源文件“CodeFile/EntryPoint/EntryPoint.cpp”)
  
E:\Projects\Ying-Long-Engine\Ying-Long-Engine\Ying-Long Engine\CodeFile\Graphics\Drawable\Mesh.h(50,19): warning C4996: 'DE::Graphics': Use DX12Renderer instead
  (编译源文件“CodeFile/ECS/System/System.cpp”)
  
E:\Projects\Ying-Long-Engine\Ying-Long-Engine\Ying-Long Engine\CodeFile\Graphics\Drawable\Mesh.h(56,13): warning C4996: 'DE::Graphics': Use DX12Renderer instead
  (编译源文件“CodeFile/ECS/System/System.cpp”)
  
E:\Projects\Ying-Long-Engine\Ying-Long-Engine\Ying-Long Engine\CodeFile\Graphics\Bindable\ConstantBuffers.h(11,3): warning C4996: 'DE::Bindable::~Bindable': Use BindableDX12 instead
  (编译源文件“CodeFile/ECS/System/System.cpp”)
      E:\Projects\Ying-Long-Engine\Ying-Long-Engine\Ying-Long Engine\CodeFile\Graphics\Bindable\ConstantBuffers.h(99,1):
      参见对函数 "DE::ConstantBuffer<C>::ConstantBuffer(void)" 的引用
          with
          [
              C=DE::MaterialCBufferData
          ]
  
E:\Projects\Ying-Long-Engine\Ying-Long-Engine\Ying-Long Engine\CodeFile\Graphics\Drawable\Mesh.h(66,8): warning C4996: 'DE::Graphics': Use DX12Renderer instead
  (编译源文件“CodeFile/ECS/System/System.cpp”)
  
E:\Projects\Ying-Long-Engine\Ying-Long-Engine\Ying-Long Engine\CodeFile\Graphics\Drawable\Model.h(12,9): warning C4996: 'DE::Graphics': Use DX12Renderer instead
  (编译源文件“CodeFile/ECS/System/System.cpp”)
  
E:\Projects\Ying-Long-Engine\Ying-Long-Engine\Ying-Long Engine\CodeFile\Graphics\Drawable\Model.h(15,13): warning C4996: 'DE::Graphics': Use DX12Renderer instead
  (编译源文件“CodeFile/ECS/System/System.cpp”)
  
E:\Projects\Ying-Long-Engine\Ying-Long-Engine\Ying-Long Engine\CodeFile\Graphics\Light\SpotLight.h(46,13): warning C4996: 'DE::Graphics': Use DX12Renderer instead
  (编译源文件“CodeFile/EntryPoint/EntryPoint.cpp”)
  
E:\Projects\Ying-Long-Engine\Ying-Long-Engine\Ying-Long Engine\CodeFile\Graphics\Light\SpotLight.h(50,13): warning C4996: 'DE::Graphics': Use DX12Renderer instead
  (编译源文件“CodeFile/EntryPoint/EntryPoint.cpp”)
  
E:\Projects\Ying-Long-Engine\Ying-Long-Engine\Ying-Long Engine\CodeFile\Graphics\Light\LightManager.h(10,26): warning C4996: 'DE::Graphics': Use DX12Renderer instead
  (编译源文件“CodeFile/EntryPoint/EntryPoint.cpp”)
  
E:\Projects\Ying-Long-Engine\Ying-Long-Engine\Ying-Long Engine\CodeFile\Graphics\Light\LightManager.h(14,22): warning C4996: 'DE::Graphics': Use DX12Renderer instead
  (编译源文件“CodeFile/EntryPoint/EntryPoint.cpp”)
  
  DX12Fence.cpp
  WARNING: Graphics.h is deprecated. Use DX12Renderer instead.
E:\Projects\Ying-Long-Engine\Ying-Long-Engine\Ying-Long Engine\CodeFile\Application\Window\Window.h(81,3): warning C4996: 'DE::Graphics': Use DX12Renderer instead
  (编译源文件“CodeFile/Exception/Exception.cpp”)
  
E:\Projects\Ying-Long-Engine\Ying-Long-Engine\Ying-Long Engine\CodeFile\Application\Window\Window.h(127,19): warning C4996: 'DE::Graphics': Use DX12Renderer instead
  (编译源文件“CodeFile/Exception/Exception.cpp”)
  
E:\Projects\Ying-Long-Engine\Ying-Long-Engine\Ying-Long Engine\CodeFile\Graphics\Bindable\Sampler.h(6,25): warning C4996: 'DE::Bindable': Use BindableDX12 instead
  (编译源文件“CodeFile/EntryPoint/EntryPoint.cpp”)
  
E:\Projects\Ying-Long-Engine\Ying-Long-Engine\Ying-Long Engine\CodeFile\Graphics\Bindable\Sampler.h(10,11): warning C4996: 'DE::Graphics': Use DX12Renderer instead
  (编译源文件“CodeFile/EntryPoint/EntryPoint.cpp”)
  
E:\Projects\Ying-Long-Engine\Ying-Long-Engine\Ying-Long Engine\CodeFile\Graphics\Bindable\Sampler.h(13,26): warning C4996: 'DE::Graphics': Use DX12Renderer instead
  (编译源文件“CodeFile/EntryPoint/EntryPoint.cpp”)
  
E:\Projects\Ying-Long-Engine\Ying-Long-Engine\Ying-Long Engine\CodeFile\Graphics\Bindable\Sampler.h(15,13): warning C4996: 'DE::Graphics': Use DX12Renderer instead
  (编译源文件“CodeFile/EntryPoint/EntryPoint.cpp”)
  
E:\Projects\Ying-Long-Engine\Ying-Long-Engine\Ying-Long Engine\CodeFile\Graphics\Drawable\Mesh.h(50,19): warning C4996: 'DE::Graphics': Use DX12Renderer instead
  (编译源文件“CodeFile/EntryPoint/EntryPoint.cpp”)
  
E:\Projects\Ying-Long-Engine\Ying-Long-Engine\Ying-Long Engine\CodeFile\Graphics\Drawable\Mesh.h(56,13): warning C4996: 'DE::Graphics': Use DX12Renderer instead
  (编译源文件“CodeFile/EntryPoint/EntryPoint.cpp”)
  
E:\Projects\Ying-Long-Engine\Ying-Long-Engine\Ying-Long Engine\CodeFile\Graphics\Bindable\ConstantBuffers.h(11,3): warning C4996: 'DE::Bindable::~Bindable': Use BindableDX12 instead
  (编译源文件“CodeFile/EntryPoint/EntryPoint.cpp”)
      E:\Projects\Ying-Long-Engine\Ying-Long-Engine\Ying-Long Engine\CodeFile\Graphics\Bindable\ConstantBuffers.h(99,1):
      参见对函数 "DE::ConstantBuffer<C>::ConstantBuffer(void)" 的引用
          with
          [
              C=DE::MaterialCBufferData
          ]
  
E:\Projects\Ying-Long-Engine\Ying-Long-Engine\Ying-Long Engine\CodeFile\Graphics\Drawable\Mesh.h(66,8): warning C4996: 'DE::Graphics': Use DX12Renderer instead
  (编译源文件“CodeFile/EntryPoint/EntryPoint.cpp”)
  
E:\Projects\Ying-Long-Engine\Ying-Long-Engine\Ying-Long Engine\CodeFile\Graphics\Drawable\Model.h(12,9): warning C4996: 'DE::Graphics': Use DX12Renderer instead
  (编译源文件“CodeFile/EntryPoint/EntryPoint.cpp”)
  
E:\Projects\Ying-Long-Engine\Ying-Long-Engine\Ying-Long Engine\CodeFile\Graphics\Drawable\Model.h(15,13): warning C4996: 'DE::Graphics': Use DX12Renderer instead
  (编译源文件“CodeFile/EntryPoint/EntryPoint.cpp”)
  
  WARNING: Bindable.h is deprecated. Use BindableDX12 instead.
E:\Projects\Ying-Long-Engine\Ying-Long-Engine\Ying-Long Engine\CodeFile\Graphics\Bindable\ConstantBuffers.h(59,4): warning C4996: 'DE::Graphics': Use DX12Renderer instead
  (编译源文件“CodeFile/ECS/Scene/Scene.cpp”)
      E:\Projects\Ying-Long-Engine\Ying-Long-Engine\Ying-Long Engine\CodeFile\Graphics\Bindable\ConstantBuffers.h(59,4):
      模板实例化上下文(最早的实例化上下文)为
          E:\Projects\Ying-Long-Engine\Ying-Long-Engine\Ying-Long Engine\CodeFile\Graphics\Drawable\Mesh.h(43,33):
          查看对正在编译的 类 模板 实例化“DE::PixelConstantBuffer<DE::MaterialCBufferData>”的引用
          E:\Projects\Ying-Long-Engine\Ying-Long-Engine\Ying-Long Engine\CodeFile\Graphics\Bindable\ConstantBuffers.h(85,37):
          查看对正在编译的 类 模板 实例化“DE::ConstantBuffer<C>”的引用
          with
          [
              C=DE::MaterialCBufferData
          ]
          E:\Projects\Ying-Long-Engine\Ying-Long-Engine\Ying-Long Engine\CodeFile\Graphics\Bindable\ConstantBuffers.h(47,3):
          在编译 类 模板 成员函数“DE::ConstantBuffer<C>::ConstantBuffer(DE::Graphics &,UINT)”时
          with
          [
              C=DE::MaterialCBufferData
          ]
              E:\Projects\Ying-Long-Engine\Ying-Long-Engine\Ying-Long Engine\CodeFile\Graphics\Bindable\ConstantBuffers.h(90,3):
              请参阅 "DE::PixelConstantBuffer<DE::MaterialCBufferData>::PixelConstantBuffer" 中对 "DE::ConstantBuffer<C>::ConstantBuffer" 的第一个引用
          with
          [
              C=DE::MaterialCBufferData
          ]
  
E:\Projects\Ying-Long-Engine\Ying-Long-Engine\Ying-Long Engine\CodeFile\Graphics\Bindable\ConstantBuffers.h(48,3): warning C4996: 'DE::Bindable::~Bindable': Use BindableDX12 instead
  (编译源文件“CodeFile/ECS/Scene/Scene.cpp”)
  
E:\Projects\Ying-Long-Engine\Ying-Long-Engine\Ying-Long Engine\CodeFile\Graphics\Bindable\ConstantBuffers.h(59,4): warning C4996: 'DE::Bindable::GetDevice': Use BindableDX12 instead
  (编译源文件“CodeFile/ECS/Scene/Scene.cpp”)
  
E:\Projects\Ying-Long-Engine\Ying-Long-Engine\Ying-Long Engine\CodeFile\Graphics\Bindable\ConstantBuffers.h(93,14): warning C4996: 'DE::Bindable::GetDevicContext': Use BindableDX12 instead
  (编译源文件“CodeFile/ECS/Scene/Scene.cpp”)
      E:\Projects\Ying-Long-Engine\Ying-Long-Engine\Ying-Long Engine\CodeFile\Graphics\Bindable\ConstantBuffers.h(93,14):
      模板实例化上下文(最早的实例化上下文)为
          E:\Projects\Ying-Long-Engine\Ying-Long-Engine\Ying-Long Engine\CodeFile\Graphics\Bindable\ConstantBuffers.h(91,8):
          在编译 类 模板 成员函数“void DE::PixelConstantBuffer<DE::MaterialCBufferData>::Bind(DE::Graphics &) noexcept”时
  
E:\Projects\Ying-Long-Engine\Ying-Long-Engine\Ying-Long Engine\CodeFile\Graphics\Bindable\Texture.h(7,25): warning C4996: 'DE::Bindable': Use BindableDX12 instead
  (编译源文件“CodeFile/Graphics/Bindable/Texture.cpp”)
  
E:\Projects\Ying-Long-Engine\Ying-Long-Engine\Ying-Long Engine\CodeFile\Graphics\Bindable\Texture.cpp(6,2): warning C4996: 'DE::Bindable::~Bindable': Use BindableDX12 instead
E:\Projects\Ying-Long-Engine\Ying-Long-Engine\Ying-Long Engine\CodeFile\Graphics\Bindable\Texture.cpp(11,2): warning C4996: 'DE::Bindable::~Bindable': Use BindableDX12 instead
E:\Projects\Ying-Long-Engine\Ying-Long-Engine\Ying-Long Engine\CodeFile\Graphics\Bindable\Texture.cpp(43,16): warning C4996: 'DE::Bindable::GetDevice': Use BindableDX12 instead
E:\Projects\Ying-Long-Engine\Ying-Long-Engine\Ying-Long Engine\CodeFile\Graphics\Bindable\Texture.cpp(61,8): warning C4996: 'DE::Bindable::GetDevice': Use BindableDX12 instead
E:\Projects\Ying-Long-Engine\Ying-Long-Engine\Ying-Long Engine\CodeFile\Graphics\Bindable\Texture.cpp(72,3): warning C4996: 'DE::Bindable::GetDevicContext': Use BindableDX12 instead
E:\Projects\Ying-Long-Engine\Ying-Long-Engine\Setup\PhysX\Includes\foundation\PxPreprocessor.h(444,1): error C1189: #error:  Exactly one of NDEBUG and _DEBUG needs to be defined!
  (编译源文件“CodeFile/EntryPoint/EntryPoint.cpp”)
  
E:\Projects\Ying-Long-Engine\Ying-Long-Engine\Ying-Long Engine\CodeFile\Graphics\Bindable\ConstantBuffers.h(59,4): warning C4996: 'DE::Graphics': Use DX12Renderer instead
  (编译源文件“CodeFile/ECS/System/System.cpp”)
      E:\Projects\Ying-Long-Engine\Ying-Long-Engine\Ying-Long Engine\CodeFile\Graphics\Bindable\ConstantBuffers.h(59,4):
      模板实例化上下文(最早的实例化上下文)为
          E:\Projects\Ying-Long-Engine\Ying-Long-Engine\Ying-Long Engine\CodeFile\Graphics\Drawable\Mesh.h(43,33):
          查看对正在编译的 类 模板 实例化“DE::PixelConstantBuffer<DE::MaterialCBufferData>”的引用
          E:\Projects\Ying-Long-Engine\Ying-Long-Engine\Ying-Long Engine\CodeFile\Graphics\Bindable\ConstantBuffers.h(85,37):
          查看对正在编译的 类 模板 实例化“DE::ConstantBuffer<C>”的引用
          with
          [
              C=DE::MaterialCBufferData
          ]
          E:\Projects\Ying-Long-Engine\Ying-Long-Engine\Ying-Long Engine\CodeFile\Graphics\Bindable\ConstantBuffers.h(47,3):
          在编译 类 模板 成员函数“DE::ConstantBuffer<C>::ConstantBuffer(DE::Graphics &,UINT)”时
          with
          [
              C=DE::MaterialCBufferData
          ]
              E:\Projects\Ying-Long-Engine\Ying-Long-Engine\Ying-Long Engine\CodeFile\Graphics\Bindable\ConstantBuffers.h(90,3):
              请参阅 "DE::PixelConstantBuffer<DE::MaterialCBufferData>::PixelConstantBuffer" 中对 "DE::ConstantBuffer<C>::ConstantBuffer" 的第一个引用
          with
          [
              C=DE::MaterialCBufferData
          ]
  
E:\Projects\Ying-Long-Engine\Ying-Long-Engine\Ying-Long Engine\CodeFile\Graphics\Bindable\ConstantBuffers.h(48,3): warning C4996: 'DE::Bindable::~Bindable': Use BindableDX12 instead
  (编译源文件“CodeFile/ECS/System/System.cpp”)
  
E:\Projects\Ying-Long-Engine\Ying-Long-Engine\Ying-Long Engine\CodeFile\Graphics\Bindable\ConstantBuffers.h(59,4): warning C4996: 'DE::Bindable::GetDevice': Use BindableDX12 instead
  (编译源文件“CodeFile/ECS/System/System.cpp”)
  
E:\Projects\Ying-Long-Engine\Ying-Long-Engine\Ying-Long Engine\CodeFile\Graphics\Bindable\ConstantBuffers.h(93,14): warning C4996: 'DE::Bindable::GetDevicContext': Use BindableDX12 instead
  (编译源文件“CodeFile/ECS/System/System.cpp”)
      E:\Projects\Ying-Long-Engine\Ying-Long-Engine\Ying-Long Engine\CodeFile\Graphics\Bindable\ConstantBuffers.h(93,14):
      模板实例化上下文(最早的实例化上下文)为
          E:\Projects\Ying-Long-Engine\Ying-Long-Engine\Ying-Long Engine\CodeFile\Graphics\Bindable\ConstantBuffers.h(91,8):
          在编译 类 模板 成员函数“void DE::PixelConstantBuffer<DE::MaterialCBufferData>::Bind(DE::Graphics &) noexcept”时
  
  DX12PipelineState.cpp
E:\Projects\Ying-Long-Engine\Ying-Long-Engine\Ying-Long Engine\CodeFile\Graphics\Bindable\VertexShader.h(10,30): warning C4996: 'DE::Bindable': Use BindableDX12 instead
  (编译源文件“CodeFile/Graphics/Bindable/VertexShader.cpp”)
  
E:\Projects\Ying-Long-Engine\Ying-Long-Engine\Ying-Long Engine\CodeFile\Graphics\Bindable\VertexShader.cpp(7,2): warning C4996: 'DE::Bindable::~Bindable': Use BindableDX12 instead
E:\Projects\Ying-Long-Engine\Ying-Long-Engine\Ying-Long Engine\CodeFile\Graphics\Bindable\VertexShader.h(15,4): warning C4996: 'DE::Bindable::~Bindable': Use BindableDX12 instead
  (编译源文件“CodeFile/Graphics/Bindable/VertexShader.cpp”)
      E:\Projects\Ying-Long-Engine\Ying-Long-Engine\Ying-Long Engine\CodeFile\Graphics\Bindable\VertexShader.cpp(7,2):
      参见对函数 "DE::VertexShader::~VertexShader(void)" 的引用
  
E:\Projects\Ying-Long-Engine\Ying-Long-Engine\Ying-Long Engine\CodeFile\Graphics\Bindable\VertexShader.cpp(28,8): warning C4996: 'DE::Bindable::GetDevice': Use BindableDX12 instead
E:\Projects\Ying-Long-Engine\Ying-Long-Engine\Ying-Long Engine\CodeFile\Graphics\Bindable\VertexShader.cpp(43,3): warning C4996: 'DE::Bindable::GetDevicContext': Use BindableDX12 instead
  DX12Primitives.cpp
  DX12Renderer.cpp
  DX12RootSignature.cpp
  WARNING: DepthStencil.h is deprecated. Use DepthStencilDX12 instead.
  WARNING: RenderTarget.h is deprecated. Use RenderTargetDX12 instead.
E:\Projects\Ying-Long-Engine\Ying-Long-Engine\Ying-Long Engine\CodeFile\Graphics\Graphics.h(90,19): warning C4996: 'DE::RenderTarget': Use RenderTargetDX12 instead
  (编译源文件“CodeFile/Graphics/Bindable/SolidColorConstantBuffer.cpp”)
  
E:\Projects\Ying-Long-Engine\Ying-Long-Engine\Ying-Long Engine\CodeFile\Graphics\Graphics.h(91,19): warning C4996: 'DE::RenderTarget': Use RenderTargetDX12 instead
  (编译源文件“CodeFile/Graphics/Bindable/SolidColorConstantBuffer.cpp”)
  
E:\Projects\Ying-Long-Engine\Ying-Long-Engine\Ying-Long Engine\CodeFile\Graphics\Graphics.h(92,19): warning C4996: 'DE::DepthStencil': Use DepthStencilDX12 instead
  (编译源文件“CodeFile/Graphics/Bindable/SolidColorConstantBuffer.cpp”)
  
E:\Projects\Ying-Long-Engine\Ying-Long-Engine\Ying-Long Engine\CodeFile\Graphics\Bindable\ConstantBuffers.h(13,15): warning C4996: 'DE::Graphics': Use DX12Renderer instead
  (编译源文件“CodeFile/Graphics/Bindable/SolidColorConstantBuffer.cpp”)
      E:\Projects\Ying-Long-Engine\Ying-Long-Engine\Ying-Long Engine\CodeFile\Graphics\Bindable\ConstantBuffers.h(13,15):
      模板实例化上下文(最早的实例化上下文)为
          E:\Projects\Ying-Long-Engine\Ying-Long-Engine\Ying-Long Engine\CodeFile\Graphics\Bindable\ConstantBuffers.h(8,9):
          在编译类模板“DE::ConstantBuffer”时
  
E:\Projects\Ying-Long-Engine\Ying-Long-Engine\Ying-Long Engine\CodeFile\Graphics\Bindable\ConstantBuffers.h(28,18): warning C4996: 'DE::Graphics': Use DX12Renderer instead
  (编译源文件“CodeFile/Graphics/Bindable/SolidColorConstantBuffer.cpp”)
  
E:\Projects\Ying-Long-Engine\Ying-Long-Engine\Ying-Long Engine\CodeFile\Graphics\Bindable\ConstantBuffers.h(47,18): warning C4996: 'DE::Graphics': Use DX12Renderer instead
  (编译源文件“CodeFile/Graphics/Bindable/SolidColorConstantBuffer.cpp”)
  
E:\Projects\Ying-Long-Engine\Ying-Long-Engine\Ying-Long Engine\CodeFile\Graphics\Bindable\ConstantBuffers.h(77,13): warning C4996: 'DE::Graphics': Use DX12Renderer instead
  (编译源文件“CodeFile/Graphics/Bindable/SolidColorConstantBuffer.cpp”)
      E:\Projects\Ying-Long-Engine\Ying-Long-Engine\Ying-Long Engine\CodeFile\Graphics\Bindable\ConstantBuffers.h(77,13):
      模板实例化上下文(最早的实例化上下文)为
          E:\Projects\Ying-Long-Engine\Ying-Long-Engine\Ying-Long Engine\CodeFile\Graphics\Bindable\ConstantBuffers.h(70,8):
          在编译类模板“DE::VertexConstantBuffer”时
  
E:\Projects\Ying-Long-Engine\Ying-Long-Engine\Ying-Long Engine\CodeFile\Graphics\Bindable\ConstantBuffers.h(91,13): warning C4996: 'DE::Graphics': Use DX12Renderer instead
  (编译源文件“CodeFile/Graphics/Bindable/SolidColorConstantBuffer.cpp”)
      E:\Projects\Ying-Long-Engine\Ying-Long-Engine\Ying-Long Engine\CodeFile\Graphics\Bindable\ConstantBuffers.h(91,13):
      模板实例化上下文(最早的实例化上下文)为
          E:\Projects\Ying-Long-Engine\Ying-Long-Engine\Ying-Long Engine\CodeFile\Graphics\Bindable\ConstantBuffers.h(85,8):
          在编译类模板“DE::PixelConstantBuffer”时
  
E:\Projects\Ying-Long-Engine\Ying-Long-Engine\Ying-Long Engine\CodeFile\Graphics\Bindable\SolidColorConstantBuffer.h(14,42): warning C4996: 'DE::Bindable': Use BindableDX12 instead
  (编译源文件“CodeFile/Graphics/Bindable/SolidColorConstantBuffer.cpp”)
  
E:\Projects\Ying-Long-Engine\Ying-Long-Engine\Ying-Long Engine\CodeFile\Graphics\Bindable\SolidColorConstantBuffer.h(17,28): warning C4996: 'DE::Graphics': Use DX12Renderer instead
  (编译源文件“CodeFile/Graphics/Bindable/SolidColorConstantBuffer.cpp”)
  
E:\Projects\Ying-Long-Engine\Ying-Long-Engine\Ying-Long Engine\CodeFile\Graphics\Bindable\SolidColorConstantBuffer.h(18,13): warning C4996: 'DE::Graphics': Use DX12Renderer instead
  (编译源文件“CodeFile/Graphics/Bindable/SolidColorConstantBuffer.cpp”)
  
E:\Projects\Ying-Long-Engine\Ying-Long-Engine\Ying-Long Engine\CodeFile\Graphics\Bindable\IndexBuffer.h(6,29): warning C4996: 'DE::Bindable': Use BindableDX12 instead
  (编译源文件“CodeFile/Graphics/Bindable/SolidColorConstantBuffer.cpp”)
  
E:\Projects\Ying-Long-Engine\Ying-Long-Engine\Ying-Long Engine\CodeFile\Graphics\Bindable\IndexBuffer.h(9,15): warning C4996: 'DE::Graphics': Use DX12Renderer instead
  (编译源文件“CodeFile/Graphics/Bindable/SolidColorConstantBuffer.cpp”)
  
E:\Projects\Ying-Long-Engine\Ying-Long-Engine\Ying-Long Engine\CodeFile\Graphics\Bindable\IndexBuffer.h(10,13): warning C4996: 'DE::Graphics': Use DX12Renderer instead
  (编译源文件“CodeFile/Graphics/Bindable/SolidColorConstantBuffer.cpp”)
  
  WARNING: Drawable.h is deprecated. Use DX12Drawable instead.
E:\Projects\Ying-Long-Engine\Ying-Long-Engine\Ying-Long Engine\CodeFile\Graphics\Drawable\Drawable.h(37,13): warning C4996: 'DE::Graphics': Use DX12Renderer instead
  (编译源文件“CodeFile/Graphics/Bindable/SolidColorConstantBuffer.cpp”)
  
E:\Projects\Ying-Long-Engine\Ying-Long-Engine\Ying-Long Engine\CodeFile\Graphics\Drawable\Drawable.h(39,32): warning C4996: 'DE::Bindable': Use BindableDX12 instead
  (编译源文件“CodeFile/Graphics/Bindable/SolidColorConstantBuffer.cpp”)
  
E:\Projects\Ying-Long-Engine\Ying-Long-Engine\Ying-Long Engine\CodeFile\Graphics\Drawable\Drawable.h(44,45): warning C4996: 'DE::Bindable': Use BindableDX12 instead
  (编译源文件“CodeFile/Graphics/Bindable/SolidColorConstantBuffer.cpp”)
  
E:\Projects\Ying-Long-Engine\Ying-Long-Engine\Ying-Long Engine\CodeFile\Graphics\Drawable\Drawable.h(47,31): warning C4996: 'DE::Bindable': Use BindableDX12 instead
  (编译源文件“CodeFile/Graphics/Bindable/SolidColorConstantBuffer.cpp”)
  
E:\Projects\Ying-Long-Engine\Ying-Long-Engine\Ying-Long Engine\CodeFile\Graphics\Drawable\DrawableBase.h(19,38): warning C4996: 'DE::Bindable': Use BindableDX12 instead
  (编译源文件“CodeFile/Graphics/Bindable/SolidColorConstantBuffer.cpp”)
      E:\Projects\Ying-Long-Engine\Ying-Long-Engine\Ying-Long Engine\CodeFile\Graphics\Drawable\DrawableBase.h(19,38):
      模板实例化上下文(最早的实例化上下文)为
          E:\Projects\Ying-Long-Engine\Ying-Long-Engine\Ying-Long Engine\CodeFile\Graphics\Drawable\DrawableBase.h(12,8):
          在编译类模板“DE::DrawableBase”时
  
E:\Projects\Ying-Long-Engine\Ying-Long-Engine\Ying-Long Engine\CodeFile\Graphics\Drawable\DrawableBase.h(46,37): warning C4996: 'DE::Bindable': Use BindableDX12 instead
  (编译源文件“CodeFile/Graphics/Bindable/SolidColorConstantBuffer.cpp”)
  
E:\Projects\Ying-Long-Engine\Ying-Long-Engine\Ying-Long Engine\CodeFile\Graphics\Drawable\DrawableBase.h(51,38): warning C4996: 'DE::Bindable': Use BindableDX12 instead
  (编译源文件“CodeFile/Graphics/Bindable/SolidColorConstantBuffer.cpp”)
  
E:\Projects\Ying-Long-Engine\Ying-Long-Engine\Ying-Long Engine\CodeFile\Graphics\Drawable\DrawableBase.h(55,30): warning C4996: 'DE::Bindable': Use BindableDX12 instead
  (编译源文件“CodeFile/Graphics/Bindable/SolidColorConstantBuffer.cpp”)
  
E:\Projects\Ying-Long-Engine\Ying-Long-Engine\Ying-Long Engine\CodeFile\Graphics\Bindable\InputLayout.h(6,29): warning C4996: 'DE::Bindable': Use BindableDX12 instead
  (编译源文件“CodeFile/Graphics/Bindable/SolidColorConstantBuffer.cpp”)
  
E:\Projects\Ying-Long-Engine\Ying-Long-Engine\Ying-Long Engine\CodeFile\Graphics\Bindable\InputLayout.h(9,15): warning C4996: 'DE::Graphics': Use DX12Renderer instead
  (编译源文件“CodeFile/Graphics/Bindable/SolidColorConstantBuffer.cpp”)
  
E:\Projects\Ying-Long-Engine\Ying-Long-Engine\Ying-Long Engine\CodeFile\Graphics\Bindable\InputLayout.h(11,13): warning C4996: 'DE::Graphics': Use DX12Renderer instead
  (编译源文件“CodeFile/Graphics/Bindable/SolidColorConstantBuffer.cpp”)
  
E:\Projects\Ying-Long-Engine\Ying-Long-Engine\Ying-Long Engine\CodeFile\Graphics\Bindable\TransformConstantBuffer.h(8,41): warning C4996: 'DE::Bindable': Use BindableDX12 instead
  (编译源文件“CodeFile/Graphics/Bindable/SolidColorConstantBuffer.cpp”)
  
E:\Projects\Ying-Long-Engine\Ying-Long-Engine\Ying-Long Engine\CodeFile\Graphics\Bindable\TransformConstantBuffer.h(11,27): warning C4996: 'DE::Graphics': Use DX12Renderer instead
  (编译源文件“CodeFile/Graphics/Bindable/SolidColorConstantBuffer.cpp”)
  
E:\Projects\Ying-Long-Engine\Ying-Long-Engine\Ying-Long Engine\CodeFile\Graphics\Bindable\TransformConstantBuffer.h(11,53): warning C4996: 'DE::Drawable': Use DX12Drawable instead
  (编译源文件“CodeFile/Graphics/Bindable/SolidColorConstantBuffer.cpp”)
  
E:\Projects\Ying-Long-Engine\Ying-Long-Engine\Ying-Long Engine\CodeFile\Graphics\Bindable\TransformConstantBuffer.h(12,13): warning C4996: 'DE::Graphics': Use DX12Renderer instead
  (编译源文件“CodeFile/Graphics/Bindable/SolidColorConstantBuffer.cpp”)
  
E:\Projects\Ying-Long-Engine\Ying-Long-Engine\Ying-Long Engine\CodeFile\Graphics\Bindable\TransformConstantBuffer.h(22,9): warning C4996: 'DE::Drawable': Use DX12Drawable instead
  (编译源文件“CodeFile/Graphics/Bindable/SolidColorConstantBuffer.cpp”)
  
E:\Projects\Ying-Long-Engine\Ying-Long-Engine\Ying-Long Engine\CodeFile\Graphics\Bindable\VertexShader.h(10,30): warning C4996: 'DE::Bindable': Use BindableDX12 instead
  (编译源文件“CodeFile/Graphics/Bindable/SolidColorConstantBuffer.cpp”)
  
E:\Projects\Ying-Long-Engine\Ying-Long-Engine\Ying-Long Engine\CodeFile\Graphics\Bindable\VertexShader.h(14,16): warning C4996: 'DE::Graphics': Use DX12Renderer instead
  (编译源文件“CodeFile/Graphics/Bindable/SolidColorConstantBuffer.cpp”)
  
E:\Projects\Ying-Long-Engine\Ying-Long-Engine\Ying-Long Engine\CodeFile\Graphics\Bindable\VertexShader.h(17,19): warning C4996: 'DE::Graphics': Use DX12Renderer instead
  (编译源文件“CodeFile/Graphics/Bindable/SolidColorConstantBuffer.cpp”)
  
E:\Projects\Ying-Long-Engine\Ying-Long-Engine\Ying-Long Engine\CodeFile\Graphics\Bindable\VertexShader.h(19,13): warning C4996: 'DE::Graphics': Use DX12Renderer instead
  (编译源文件“CodeFile/Graphics/Bindable/SolidColorConstantBuffer.cpp”)
  
E:\Projects\Ying-Long-Engine\Ying-Long-Engine\Ying-Long Engine\CodeFile\Graphics\Bindable\PixelShader.h(10,29): warning C4996: 'DE::Bindable': Use BindableDX12 instead
  (编译源文件“CodeFile/Graphics/Bindable/SolidColorConstantBuffer.cpp”)
  
E:\Projects\Ying-Long-Engine\Ying-Long-Engine\Ying-Long Engine\CodeFile\Graphics\Bindable\PixelShader.h(14,15): warning C4996: 'DE::Graphics': Use DX12Renderer instead
  (编译源文件“CodeFile/Graphics/Bindable/SolidColorConstantBuffer.cpp”)
  
E:\Projects\Ying-Long-Engine\Ying-Long-Engine\Ying-Long Engine\CodeFile\Graphics\Bindable\PixelShader.h(17,19): warning C4996: 'DE::Graphics': Use DX12Renderer instead
  (编译源文件“CodeFile/Graphics/Bindable/SolidColorConstantBuffer.cpp”)
  
E:\Projects\Ying-Long-Engine\Ying-Long-Engine\Ying-Long Engine\CodeFile\Graphics\Bindable\PixelShader.h(19,13): warning C4996: 'DE::Graphics': Use DX12Renderer instead
  (编译源文件“CodeFile/Graphics/Bindable/SolidColorConstantBuffer.cpp”)
  
E:\Projects\Ying-Long-Engine\Ying-Long-Engine\Ying-Long Engine\CodeFile\Graphics\Bindable\Topology.h(6,26): warning C4996: 'DE::Bindable': Use BindableDX12 instead
  (编译源文件“CodeFile/Graphics/Bindable/SolidColorConstantBuffer.cpp”)
  
E:\Projects\Ying-Long-Engine\Ying-Long-Engine\Ying-Long Engine\CodeFile\Graphics\Bindable\Topology.h(9,12): warning C4996: 'DE::Graphics': Use DX12Renderer instead
  (编译源文件“CodeFile/Graphics/Bindable/SolidColorConstantBuffer.cpp”)
  
E:\Projects\Ying-Long-Engine\Ying-Long-Engine\Ying-Long Engine\CodeFile\Graphics\Bindable\Topology.h(10,13): warning C4996: 'DE::Graphics': Use DX12Renderer instead
  (编译源文件“CodeFile/Graphics/Bindable/SolidColorConstantBuffer.cpp”)
  
  DX12UploadBuffer.cpp
E:\Projects\Ying-Long-Engine\Ying-Long-Engine\Ying-Long Engine\CodeFile\Graphics\Bindable\Texture.h(7,25): warning C4996: 'DE::Bindable': Use BindableDX12 instead
  (编译源文件“CodeFile/Graphics/Bindable/SolidColorConstantBuffer.cpp”)
  
E:\Projects\Ying-Long-Engine\Ying-Long-Engine\Ying-Long Engine\CodeFile\Graphics\Bindable\Texture.h(11,11): warning C4996: 'DE::Graphics': Use DX12Renderer instead
  (编译源文件“CodeFile/Graphics/Bindable/SolidColorConstantBuffer.cpp”)
  
E:\Projects\Ying-Long-Engine\Ying-Long-Engine\Ying-Long Engine\CodeFile\Graphics\Bindable\Texture.h(14,19): warning C4996: 'DE::Graphics': Use DX12Renderer instead
  (编译源文件“CodeFile/Graphics/Bindable/SolidColorConstantBuffer.cpp”)
  
E:\Projects\Ying-Long-Engine\Ying-Long-Engine\Ying-Long Engine\CodeFile\Graphics\Bindable\Texture.h(16,13): warning C4996: 'DE::Graphics': Use DX12Renderer instead
  (编译源文件“CodeFile/Graphics/Bindable/SolidColorConstantBuffer.cpp”)
  
E:\Projects\Ying-Long-Engine\Ying-Long-Engine\Ying-Long Engine\CodeFile\Graphics\Bindable\VertexBuffer.h(8,33): warning C4996: 'DE::Bindable': Use BindableDX12 instead
  (编译源文件“CodeFile/Graphics/Bindable/SolidColorConstantBuffer.cpp”)
  
E:\Projects\Ying-Long-Engine\Ying-Long-Engine\Ying-Long Engine\CodeFile\Graphics\Bindable\VertexBuffer.h(13,22): warning C4996: 'DE::Graphics': Use DX12Renderer instead
  (编译源文件“CodeFile/Graphics/Bindable/SolidColorConstantBuffer.cpp”)
  
E:\Projects\Ying-Long-Engine\Ying-Long-Engine\Ying-Long Engine\CodeFile\Graphics\Bindable\VertexBuffer.h(30,19): warning C4996: 'DE::Graphics': Use DX12Renderer instead
  (编译源文件“CodeFile/Graphics/Bindable/SolidColorConstantBuffer.cpp”)
  
E:\Projects\Ying-Long-Engine\Ying-Long-Engine\Ying-Long Engine\CodeFile\Graphics\Bindable\VertexBuffer.h(33,13): warning C4996: 'DE::Bindable::GetDevicContext': Use BindableDX12 instead
  (编译源文件“CodeFile/Graphics/Bindable/SolidColorConstantBuffer.cpp”)
  
E:\Projects\Ying-Long-Engine\Ying-Long-Engine\Ying-Long Engine\CodeFile\Graphics\Drawable\SolidSphere.h(21,23): warning C4996: 'DE::Graphics': Use DX12Renderer instead
  (编译源文件“CodeFile/Graphics/Bindable/SolidColorConstantBuffer.cpp”)
  
E:\Projects\Ying-Long-Engine\Ying-Long-Engine\Ying-Long Engine\CodeFile\Graphics\Bindable\SolidColorConstantBuffer.cpp(6,57): warning C4996: 'DE::Graphics': Use DX12Renderer instead
E:\Projects\Ying-Long-Engine\Ying-Long-Engine\Ying-Long Engine\CodeFile\Graphics\Bindable\SolidColorConstantBuffer.cpp(8,2): warning C4996: 'DE::Bindable::~Bindable': Use BindableDX12 instead
E:\Projects\Ying-Long-Engine\Ying-Long-Engine\Ying-Long Engine\CodeFile\Graphics\Bindable\SolidColorConstantBuffer.cpp(12,38): warning C4996: 'DE::Graphics': Use DX12Renderer instead
E:\Projects\Ying-Long-Engine\Ying-Long-Engine\Ying-Long Engine\CodeFile\Graphics\Bindable\ConstantBuffers.h(19,4): warning C4996: 'DE::Graphics': Use DX12Renderer instead
  (编译源文件“CodeFile/Graphics/Bindable/SolidColorConstantBuffer.cpp”)
      E:\Projects\Ying-Long-Engine\Ying-Long-Engine\Ying-Long Engine\CodeFile\Graphics\Bindable\ConstantBuffers.h(19,4):
      模板实例化上下文(最早的实例化上下文)为
          E:\Projects\Ying-Long-Engine\Ying-Long-Engine\Ying-Long Engine\CodeFile\Graphics\Bindable\SolidColorConstantBuffer.cpp(14,3):
          查看对正在编译的 类 模板 实例化“DE::PixelConstantBuffer<DE::SolidColorConstantBufferData>”的引用
          E:\Projects\Ying-Long-Engine\Ying-Long-Engine\Ying-Long Engine\CodeFile\Graphics\Bindable\ConstantBuffers.h(85,37):
          查看对正在编译的 类 模板 实例化“DE::ConstantBuffer<C>”的引用
          with
          [
              C=DE::SolidColorConstantBufferData
          ]
          E:\Projects\Ying-Long-Engine\Ying-Long-Engine\Ying-Long Engine\CodeFile\Graphics\Bindable\ConstantBuffers.h(13,8):
          在编译 类 模板 成员函数“void DE::ConstantBuffer<C>::Update(DE::Graphics &,const C &)”时
          with
          [
              C=DE::SolidColorConstantBufferData
          ]
              E:\Projects\Ying-Long-Engine\Ying-Long-Engine\Ying-Long Engine\CodeFile\Graphics\Bindable\SolidColorConstantBuffer.cpp(14,26):
              请参阅 "DE::SolidColorConstantBuffer::Bind" 中对 "DE::ConstantBuffer<C>::Update" 的第一个引用
          with
          [
              C=DE::SolidColorConstantBufferData
          ]
  
E:\Projects\Ying-Long-Engine\Ying-Long-Engine\Ying-Long Engine\CodeFile\Graphics\Bindable\ConstantBuffers.h(19,4): warning C4996: 'DE::Bindable::GetDevicContext': Use BindableDX12 instead
  (编译源文件“CodeFile/Graphics/Bindable/SolidColorConstantBuffer.cpp”)
  
E:\Projects\Ying-Long-Engine\Ying-Long-Engine\Ying-Long Engine\CodeFile\Graphics\Bindable\ConstantBuffers.h(26,4): warning C4996: 'DE::Bindable::GetDevicContext': Use BindableDX12 instead
  (编译源文件“CodeFile/Graphics/Bindable/SolidColorConstantBuffer.cpp”)
  
E:\Projects\Ying-Long-Engine\Ying-Long-Engine\Ying-Long Engine\CodeFile\Graphics\Bindable\ConstantBuffers.h(93,14): warning C4996: 'DE::Bindable::GetDevicContext': Use BindableDX12 instead
  (编译源文件“CodeFile/Graphics/Bindable/SolidColorConstantBuffer.cpp”)
      E:\Projects\Ying-Long-Engine\Ying-Long-Engine\Ying-Long Engine\CodeFile\Graphics\Bindable\ConstantBuffers.h(93,14):
      模板实例化上下文(最早的实例化上下文)为
          E:\Projects\Ying-Long-Engine\Ying-Long-Engine\Ying-Long Engine\CodeFile\Graphics\Bindable\ConstantBuffers.h(91,8):
          在编译 类 模板 成员函数“void DE::PixelConstantBuffer<DE::SolidColorConstantBufferData>::Bind(DE::Graphics &) noexcept”时
              E:\Projects\Ying-Long-Engine\Ying-Long-Engine\Ying-Long Engine\CodeFile\Graphics\Bindable\SolidColorConstantBuffer.cpp(15,24):
              请参阅 "DE::SolidColorConstantBuffer::Bind" 中对 "DE::PixelConstantBuffer<DE::SolidColorConstantBufferData>::Bind" 的第一个引用
  
  DepthStencilDX12.cpp
C:\Program Files\Microsoft Visual Studio\2022\Community\VC\Tools\MSVC\14.44.35207\include\memory(3309,9): warning C4996: 'DE::Bindable::~Bindable': Use BindableDX12 instead
  (编译源文件“CodeFile/ECS/Scene/Scene.cpp”)
      C:\Program Files\Microsoft Visual Studio\2022\Community\VC\Tools\MSVC\14.44.35207\include\memory(3309,9):
      模板实例化上下文(最早的实例化上下文)为
          E:\Projects\Ying-Long-Engine\Ying-Long-Engine\Ying-Long Engine\CodeFile\Graphics\Drawable\DrawableBase.h(12,8):
          在编译类模板“DE::DrawableBase”时
          E:\Projects\Ying-Long-Engine\Ying-Long-Engine\Ying-Long Engine\CodeFile\Graphics\Drawable\DrawableBase.h(21,4):
          查看对正在编译的 类 模板 实例化“std::unique_ptr<DE::Bindable,std::default_delete<DE::Bindable>>”的引用
          C:\Program Files\Microsoft Visual Studio\2022\Community\VC\Tools\MSVC\14.44.35207\include\memory(3352,92):
          查看对正在编译的 类 模板 实例化“std::default_delete<DE::Bindable>”的引用
          C:\Program Files\Microsoft Visual Studio\2022\Community\VC\Tools\MSVC\14.44.35207\include\memory(3307,23):
          在编译 类 模板 成员函数“void std::default_delete<DE::Bindable>::operator ()(_Ty *) noexcept const”时
          with
          [
              _Ty=DE::Bindable
          ]
              C:\Program Files\Microsoft Visual Studio\2022\Community\VC\Tools\MSVC\14.44.35207\include\memory(3427,33):
              请参阅 "std::unique_ptr<DE::Bindable,std::default_delete<DE::Bindable>>::~unique_ptr" 中对 "std::default_delete<DE::Bindable>::operator ()" 的第一个引用
              C:\Program Files\Microsoft Visual Studio\2022\Community\VC\Tools\MSVC\14.44.35207\include\memory(3483,1):
              请参阅 "std::unique_ptr<DE::Bindable,std::default_delete<DE::Bindable>>::~unique_ptr" 中对 "std::unique_ptr<DE::Bindable,std::default_delete<DE::Bindable>>::~unique_ptr" 的第一个引用
  
  WARNING: DepthStencil.h is deprecated. Use DepthStencilDX12 instead.
  WARNING: RenderTarget.h is deprecated. Use RenderTargetDX12 instead.
E:\Projects\Ying-Long-Engine\Ying-Long-Engine\Ying-Long Engine\CodeFile\Graphics\Graphics.h(90,19): warning C4996: 'DE::RenderTarget': Use RenderTargetDX12 instead
  (编译源文件“CodeFile/Graphics/Bindable/TransformConstantBuffer.cpp”)
  
E:\Projects\Ying-Long-Engine\Ying-Long-Engine\Ying-Long Engine\CodeFile\Graphics\Graphics.h(91,19): warning C4996: 'DE::RenderTarget': Use RenderTargetDX12 instead
  (编译源文件“CodeFile/Graphics/Bindable/TransformConstantBuffer.cpp”)
  
E:\Projects\Ying-Long-Engine\Ying-Long-Engine\Ying-Long Engine\CodeFile\Graphics\Graphics.h(92,19): warning C4996: 'DE::DepthStencil': Use DepthStencilDX12 instead
  (编译源文件“CodeFile/Graphics/Bindable/TransformConstantBuffer.cpp”)
  
E:\Projects\Ying-Long-Engine\Ying-Long-Engine\Ying-Long Engine\CodeFile\Graphics\Bindable\ConstantBuffers.h(13,15): warning C4996: 'DE::Graphics': Use DX12Renderer instead
  (编译源文件“CodeFile/Graphics/Bindable/TransformConstantBuffer.cpp”)
      E:\Projects\Ying-Long-Engine\Ying-Long-Engine\Ying-Long Engine\CodeFile\Graphics\Bindable\ConstantBuffers.h(13,15):
      模板实例化上下文(最早的实例化上下文)为
          E:\Projects\Ying-Long-Engine\Ying-Long-Engine\Ying-Long Engine\CodeFile\Graphics\Bindable\ConstantBuffers.h(8,9):
          在编译类模板“DE::ConstantBuffer”时
  
E:\Projects\Ying-Long-Engine\Ying-Long-Engine\Ying-Long Engine\CodeFile\Graphics\Bindable\ConstantBuffers.h(28,18): warning C4996: 'DE::Graphics': Use DX12Renderer instead
  (编译源文件“CodeFile/Graphics/Bindable/TransformConstantBuffer.cpp”)
  
E:\Projects\Ying-Long-Engine\Ying-Long-Engine\Ying-Long Engine\CodeFile\Graphics\Bindable\ConstantBuffers.h(47,18): warning C4996: 'DE::Graphics': Use DX12Renderer instead
  (编译源文件“CodeFile/Graphics/Bindable/TransformConstantBuffer.cpp”)
  
E:\Projects\Ying-Long-Engine\Ying-Long-Engine\Ying-Long Engine\CodeFile\Graphics\Bindable\ConstantBuffers.h(77,13): warning C4996: 'DE::Graphics': Use DX12Renderer instead
  (编译源文件“CodeFile/Graphics/Bindable/TransformConstantBuffer.cpp”)
      E:\Projects\Ying-Long-Engine\Ying-Long-Engine\Ying-Long Engine\CodeFile\Graphics\Bindable\ConstantBuffers.h(77,13):
      模板实例化上下文(最早的实例化上下文)为
          E:\Projects\Ying-Long-Engine\Ying-Long-Engine\Ying-Long Engine\CodeFile\Graphics\Bindable\ConstantBuffers.h(70,8):
          在编译类模板“DE::VertexConstantBuffer”时
  
  ImGuiDX12.cpp
E:\Projects\Ying-Long-Engine\Ying-Long-Engine\Ying-Long Engine\CodeFile\Graphics\Bindable\ConstantBuffers.h(91,13): warning C4996: 'DE::Graphics': Use DX12Renderer instead
  (编译源文件“CodeFile/Graphics/Bindable/TransformConstantBuffer.cpp”)
      E:\Projects\Ying-Long-Engine\Ying-Long-Engine\Ying-Long Engine\CodeFile\Graphics\Bindable\ConstantBuffers.h(91,13):
      模板实例化上下文(最早的实例化上下文)为
          E:\Projects\Ying-Long-Engine\Ying-Long-Engine\Ying-Long Engine\CodeFile\Graphics\Bindable\ConstantBuffers.h(85,8):
          在编译类模板“DE::PixelConstantBuffer”时
  
  WARNING: Drawable.h is deprecated. Use DX12Drawable instead.
E:\Projects\Ying-Long-Engine\Ying-Long-Engine\Ying-Long Engine\CodeFile\Graphics\Bindable\IndexBuffer.h(6,29): warning C4996: 'DE::Bindable': Use BindableDX12 instead
  (编译源文件“CodeFile/Graphics/Bindable/TransformConstantBuffer.cpp”)
  
E:\Projects\Ying-Long-Engine\Ying-Long-Engine\Ying-Long Engine\CodeFile\Graphics\Bindable\IndexBuffer.h(9,15): warning C4996: 'DE::Graphics': Use DX12Renderer instead
  (编译源文件“CodeFile/Graphics/Bindable/TransformConstantBuffer.cpp”)
  
E:\Projects\Ying-Long-Engine\Ying-Long-Engine\Ying-Long Engine\CodeFile\Graphics\Bindable\IndexBuffer.h(10,13): warning C4996: 'DE::Graphics': Use DX12Renderer instead
  (编译源文件“CodeFile/Graphics/Bindable/TransformConstantBuffer.cpp”)
  
E:\Projects\Ying-Long-Engine\Ying-Long-Engine\Ying-Long Engine\CodeFile\Graphics\Drawable\Drawable.h(37,13): warning C4996: 'DE::Graphics': Use DX12Renderer instead
  (编译源文件“CodeFile/Graphics/Bindable/TransformConstantBuffer.cpp”)
  
E:\Projects\Ying-Long-Engine\Ying-Long-Engine\Ying-Long Engine\CodeFile\Graphics\Drawable\Drawable.h(39,32): warning C4996: 'DE::Bindable': Use BindableDX12 instead
  (编译源文件“CodeFile/Graphics/Bindable/TransformConstantBuffer.cpp”)
  
E:\Projects\Ying-Long-Engine\Ying-Long-Engine\Ying-Long Engine\CodeFile\Graphics\Drawable\Drawable.h(44,45): warning C4996: 'DE::Bindable': Use BindableDX12 instead
  (编译源文件“CodeFile/Graphics/Bindable/TransformConstantBuffer.cpp”)
  
E:\Projects\Ying-Long-Engine\Ying-Long-Engine\Ying-Long Engine\CodeFile\Graphics\Drawable\Drawable.h(47,31): warning C4996: 'DE::Bindable': Use BindableDX12 instead
  (编译源文件“CodeFile/Graphics/Bindable/TransformConstantBuffer.cpp”)
  
E:\Projects\Ying-Long-Engine\Ying-Long-Engine\Ying-Long Engine\CodeFile\Graphics\Bindable\TransformConstantBuffer.h(8,41): warning C4996: 'DE::Bindable': Use BindableDX12 instead
  (编译源文件“CodeFile/Graphics/Bindable/TransformConstantBuffer.cpp”)
  
E:\Projects\Ying-Long-Engine\Ying-Long-Engine\Ying-Long Engine\CodeFile\Graphics\Bindable\TransformConstantBuffer.h(11,27): warning C4996: 'DE::Graphics': Use DX12Renderer instead
  (编译源文件“CodeFile/Graphics/Bindable/TransformConstantBuffer.cpp”)
  
E:\Projects\Ying-Long-Engine\Ying-Long-Engine\Ying-Long Engine\CodeFile\Graphics\Bindable\TransformConstantBuffer.h(11,53): warning C4996: 'DE::Drawable': Use DX12Drawable instead
  (编译源文件“CodeFile/Graphics/Bindable/TransformConstantBuffer.cpp”)
  
E:\Projects\Ying-Long-Engine\Ying-Long-Engine\Ying-Long Engine\CodeFile\Graphics\Bindable\TransformConstantBuffer.h(12,13): warning C4996: 'DE::Graphics': Use DX12Renderer instead
  (编译源文件“CodeFile/Graphics/Bindable/TransformConstantBuffer.cpp”)
  
E:\Projects\Ying-Long-Engine\Ying-Long-Engine\Ying-Long Engine\CodeFile\Graphics\Bindable\TransformConstantBuffer.h(22,9): warning C4996: 'DE::Drawable': Use DX12Drawable instead
  (编译源文件“CodeFile/Graphics/Bindable/TransformConstantBuffer.cpp”)
  
E:\Projects\Ying-Long-Engine\Ying-Long-Engine\Ying-Long Engine\CodeFile\Graphics\Bindable\TransformConstantBuffer.cpp(6,51): warning C4996: 'DE::Graphics': Use DX12Renderer instead
E:\Projects\Ying-Long-Engine\Ying-Long-Engine\Ying-Long Engine\CodeFile\Graphics\Bindable\TransformConstantBuffer.cpp(7,9): warning C4996: 'DE::Drawable': Use DX12Drawable instead
E:\Projects\Ying-Long-Engine\Ying-Long-Engine\Ying-Long Engine\CodeFile\Graphics\Bindable\TransformConstantBuffer.cpp(8,2): warning C4996: 'DE::Bindable::~Bindable': Use BindableDX12 instead
E:\Projects\Ying-Long-Engine\Ying-Long-Engine\Ying-Long Engine\CodeFile\Graphics\Bindable\TransformConstantBuffer.cpp(15,37): warning C4996: 'DE::Graphics': Use DX12Renderer instead
E:\Projects\Ying-Long-Engine\Ying-Long-Engine\Ying-Long Engine\CodeFile\Graphics\Bindable\TransformConstantBuffer.cpp(17,29): warning C4996: 'DE::Drawable::GetTransformXM': Use DX12Drawable instead
C:\Program Files\Microsoft Visual Studio\2022\Community\VC\Tools\MSVC\14.44.35207\include\memory(3309,9): warning C4996: 'DE::Bindable::~Bindable': Use BindableDX12 instead
  (编译源文件“CodeFile/ECS/System/System.cpp”)
      C:\Program Files\Microsoft Visual Studio\2022\Community\VC\Tools\MSVC\14.44.35207\include\memory(3309,9):
      模板实例化上下文(最早的实例化上下文)为
          E:\Projects\Ying-Long-Engine\Ying-Long-Engine\Ying-Long Engine\CodeFile\Graphics\Drawable\DrawableBase.h(12,8):
          在编译类模板“DE::DrawableBase”时
          E:\Projects\Ying-Long-Engine\Ying-Long-Engine\Ying-Long Engine\CodeFile\Graphics\Drawable\DrawableBase.h(21,4):
          查看对正在编译的 类 模板 实例化“std::unique_ptr<DE::Bindable,std::default_delete<DE::Bindable>>”的引用
          C:\Program Files\Microsoft Visual Studio\2022\Community\VC\Tools\MSVC\14.44.35207\include\memory(3352,92):
          查看对正在编译的 类 模板 实例化“std::default_delete<DE::Bindable>”的引用
          C:\Program Files\Microsoft Visual Studio\2022\Community\VC\Tools\MSVC\14.44.35207\include\memory(3307,23):
          在编译 类 模板 成员函数“void std::default_delete<DE::Bindable>::operator ()(_Ty *) noexcept const”时
          with
          [
              _Ty=DE::Bindable
          ]
              C:\Program Files\Microsoft Visual Studio\2022\Community\VC\Tools\MSVC\14.44.35207\include\memory(3427,33):
              请参阅 "std::unique_ptr<DE::Bindable,std::default_delete<DE::Bindable>>::~unique_ptr" 中对 "std::default_delete<DE::Bindable>::operator ()" 的第一个引用
              C:\Program Files\Microsoft Visual Studio\2022\Community\VC\Tools\MSVC\14.44.35207\include\memory(3483,1):
              请参阅 "std::unique_ptr<DE::Bindable,std::default_delete<DE::Bindable>>::~unique_ptr" 中对 "std::unique_ptr<DE::Bindable,std::default_delete<DE::Bindable>>::~unique_ptr" 的第一个引用
  
E:\Projects\Ying-Long-Engine\Ying-Long-Engine\Ying-Long Engine\CodeFile\Graphics\Bindable\TransformConstantBuffer.cpp(21,48): warning C4996: 'DE::Graphics::GetCamera': Use DX12Renderer instead
E:\Projects\Ying-Long-Engine\Ying-Long-Engine\Ying-Long Engine\CodeFile\Graphics\Bindable\ConstantBuffers.h(19,4): warning C4996: 'DE::Graphics': Use DX12Renderer instead
  (编译源文件“CodeFile/Graphics/Bindable/TransformConstantBuffer.cpp”)
      E:\Projects\Ying-Long-Engine\Ying-Long-Engine\Ying-Long Engine\CodeFile\Graphics\Bindable\ConstantBuffers.h(19,4):
      模板实例化上下文(最早的实例化上下文)为
          E:\Projects\Ying-Long-Engine\Ying-Long-Engine\Ying-Long Engine\CodeFile\Graphics\Bindable\TransformConstantBuffer.cpp(9,8):
          查看对正在编译的 类 模板 实例化“DE::VertexConstantBuffer<DE::TransformConstantBuffer::Transforms>”的引用
          E:\Projects\Ying-Long-Engine\Ying-Long-Engine\Ying-Long Engine\CodeFile\Graphics\Bindable\ConstantBuffers.h(70,38):
          查看对正在编译的 类 模板 实例化“DE::ConstantBuffer<C>”的引用
          with
          [
              C=DE::TransformConstantBuffer::Transforms
          ]
          E:\Projects\Ying-Long-Engine\Ying-Long-Engine\Ying-Long Engine\CodeFile\Graphics\Bindable\ConstantBuffers.h(13,8):
          在编译 类 模板 成员函数“void DE::ConstantBuffer<C>::Update(DE::Graphics &,const C &)”时
          with
          [
              C=DE::TransformConstantBuffer::Transforms
          ]
              E:\Projects\Ying-Long-Engine\Ying-Long-Engine\Ying-Long Engine\CodeFile\Graphics\Bindable\TransformConstantBuffer.cpp(23,32):
              请参阅 "DE::TransformConstantBuffer::Bind" 中对 "DE::ConstantBuffer<C>::Update" 的第一个引用
          with
          [
              C=DE::TransformConstantBuffer::Transforms
          ]
  
E:\Projects\Ying-Long-Engine\Ying-Long-Engine\Ying-Long Engine\CodeFile\Graphics\Bindable\ConstantBuffers.h(19,4): warning C4996: 'DE::Bindable::GetDevicContext': Use BindableDX12 instead
  (编译源文件“CodeFile/Graphics/Bindable/TransformConstantBuffer.cpp”)
  
E:\Projects\Ying-Long-Engine\Ying-Long-Engine\Ying-Long Engine\CodeFile\Graphics\Bindable\ConstantBuffers.h(26,4): warning C4996: 'DE::Bindable::GetDevicContext': Use BindableDX12 instead
  (编译源文件“CodeFile/Graphics/Bindable/TransformConstantBuffer.cpp”)
  
E:\Projects\Ying-Long-Engine\Ying-Long-Engine\Ying-Long Engine\CodeFile\Graphics\Bindable\ConstantBuffers.h(79,14): warning C4996: 'DE::Bindable::GetDevicContext': Use BindableDX12 instead
  (编译源文件“CodeFile/Graphics/Bindable/TransformConstantBuffer.cpp”)
      E:\Projects\Ying-Long-Engine\Ying-Long-Engine\Ying-Long Engine\CodeFile\Graphics\Bindable\ConstantBuffers.h(79,14):
      模板实例化上下文(最早的实例化上下文)为
          E:\Projects\Ying-Long-Engine\Ying-Long-Engine\Ying-Long Engine\CodeFile\Graphics\Bindable\ConstantBuffers.h(77,8):
          在编译 类 模板 成员函数“void DE::VertexConstantBuffer<DE::TransformConstantBuffer::Transforms>::Bind(DE::Graphics &) noexcept”时
              E:\Projects\Ying-Long-Engine\Ying-Long-Engine\Ying-Long Engine\CodeFile\Graphics\Bindable\TransformConstantBuffer.cpp(24,30):
              请参阅 "DE::TransformConstantBuffer::Bind" 中对 "DE::VertexConstantBuffer<DE::TransformConstantBuffer::Transforms>::Bind" 的第一个引用
  
E:\Projects\Ying-Long-Engine\Ying-Long-Engine\Ying-Long Engine\CodeFile\Graphics\Bindable\ConstantBuffers.h(59,4): warning C4996: 'DE::Graphics': Use DX12Renderer instead
  (编译源文件“CodeFile/Graphics/Bindable/SolidColorConstantBuffer.cpp”)
      E:\Projects\Ying-Long-Engine\Ying-Long-Engine\Ying-Long Engine\CodeFile\Graphics\Bindable\ConstantBuffers.h(59,4):
      模板实例化上下文(最早的实例化上下文)为
          E:\Projects\Ying-Long-Engine\Ying-Long-Engine\Ying-Long Engine\CodeFile\Graphics\Bindable\ConstantBuffers.h(47,3):
          在编译 类 模板 成员函数“DE::ConstantBuffer<C>::ConstantBuffer(DE::Graphics &,UINT)”时
          with
          [
              C=DE::SolidColorConstantBufferData
          ]
              E:\Projects\Ying-Long-Engine\Ying-Long-Engine\Ying-Long Engine\CodeFile\Graphics\Bindable\ConstantBuffers.h(90,3):
              请参阅 "DE::PixelConstantBuffer<DE::SolidColorConstantBufferData>::PixelConstantBuffer" 中对 "DE::ConstantBuffer<C>::ConstantBuffer" 的第一个引用
          with
          [
              C=DE::SolidColorConstantBufferData
          ]
  
E:\Projects\Ying-Long-Engine\Ying-Long-Engine\Ying-Long Engine\CodeFile\Graphics\Bindable\ConstantBuffers.h(48,3): warning C4996: 'DE::Bindable::~Bindable': Use BindableDX12 instead
  (编译源文件“CodeFile/Graphics/Bindable/SolidColorConstantBuffer.cpp”)
  
E:\Projects\Ying-Long-Engine\Ying-Long-Engine\Ying-Long Engine\CodeFile\Graphics\Bindable\ConstantBuffers.h(59,4): warning C4996: 'DE::Bindable::GetDevice': Use BindableDX12 instead
  (编译源文件“CodeFile/Graphics/Bindable/SolidColorConstantBuffer.cpp”)
  
C:\Program Files\Microsoft Visual Studio\2022\Community\VC\Tools\MSVC\14.44.35207\include\memory(3309,9): warning C4996: 'DE::Bindable::~Bindable': Use BindableDX12 instead
  (编译源文件“CodeFile/Graphics/Bindable/SolidColorConstantBuffer.cpp”)
      C:\Program Files\Microsoft Visual Studio\2022\Community\VC\Tools\MSVC\14.44.35207\include\memory(3309,9):
      模板实例化上下文(最早的实例化上下文)为
          E:\Projects\Ying-Long-Engine\Ying-Long-Engine\Ying-Long Engine\CodeFile\Graphics\Drawable\DrawableBase.h(12,8):
          在编译类模板“DE::DrawableBase”时
          E:\Projects\Ying-Long-Engine\Ying-Long-Engine\Ying-Long Engine\CodeFile\Graphics\Drawable\DrawableBase.h(21,4):
          查看对正在编译的 类 模板 实例化“std::unique_ptr<DE::Bindable,std::default_delete<DE::Bindable>>”的引用
          C:\Program Files\Microsoft Visual Studio\2022\Community\VC\Tools\MSVC\14.44.35207\include\memory(3352,92):
          查看对正在编译的 类 模板 实例化“std::default_delete<DE::Bindable>”的引用
          C:\Program Files\Microsoft Visual Studio\2022\Community\VC\Tools\MSVC\14.44.35207\include\memory(3307,23):
          在编译 类 模板 成员函数“void std::default_delete<DE::Bindable>::operator ()(_Ty *) noexcept const”时
          with
          [
              _Ty=DE::Bindable
          ]
              C:\Program Files\Microsoft Visual Studio\2022\Community\VC\Tools\MSVC\14.44.35207\include\memory(3427,33):
              请参阅 "std::unique_ptr<DE::Bindable,std::default_delete<DE::Bindable>>::~unique_ptr" 中对 "std::default_delete<DE::Bindable>::operator ()" 的第一个引用
              C:\Program Files\Microsoft Visual Studio\2022\Community\VC\Tools\MSVC\14.44.35207\include\memory(3483,1):
              请参阅 "std::unique_ptr<DE::Bindable,std::default_delete<DE::Bindable>>::~unique_ptr" 中对 "std::unique_ptr<DE::Bindable,std::default_delete<DE::Bindable>>::~unique_ptr" 的第一个引用
  
E:\Projects\Ying-Long-Engine\Ying-Long-Engine\Ying-Long Engine\CodeFile\Graphics\Bindable\ConstantBuffers.h(59,4): warning C4996: 'DE::Graphics': Use DX12Renderer instead
  (编译源文件“CodeFile/Graphics/Bindable/TransformConstantBuffer.cpp”)
      E:\Projects\Ying-Long-Engine\Ying-Long-Engine\Ying-Long Engine\CodeFile\Graphics\Bindable\ConstantBuffers.h(59,4):
      模板实例化上下文(最早的实例化上下文)为
          E:\Projects\Ying-Long-Engine\Ying-Long-Engine\Ying-Long Engine\CodeFile\Graphics\Bindable\ConstantBuffers.h(47,3):
          在编译 类 模板 成员函数“DE::ConstantBuffer<C>::ConstantBuffer(DE::Graphics &,UINT)”时
          with
          [
              C=DE::TransformConstantBuffer::Transforms
          ]
              E:\Projects\Ying-Long-Engine\Ying-Long-Engine\Ying-Long Engine\CodeFile\Graphics\Bindable\ConstantBuffers.h(76,3):
              请参阅 "DE::VertexConstantBuffer<DE::TransformConstantBuffer::Transforms>::VertexConstantBuffer" 中对 "DE::ConstantBuffer<C>::ConstantBuffer" 的第一个引用
          with
          [
              C=DE::TransformConstantBuffer::Transforms
          ]
  
E:\Projects\Ying-Long-Engine\Ying-Long-Engine\Ying-Long Engine\CodeFile\Graphics\Bindable\ConstantBuffers.h(48,3): warning C4996: 'DE::Bindable::~Bindable': Use BindableDX12 instead
  (编译源文件“CodeFile/Graphics/Bindable/TransformConstantBuffer.cpp”)
  
E:\Projects\Ying-Long-Engine\Ying-Long-Engine\Ying-Long Engine\CodeFile\Graphics\Bindable\ConstantBuffers.h(59,4): warning C4996: 'DE::Bindable::GetDevice': Use BindableDX12 instead
  (编译源文件“CodeFile/Graphics/Bindable/TransformConstantBuffer.cpp”)
  
  RenderTargetDX12.cpp
C:\Program Files\Microsoft Visual Studio\2022\Community\VC\Tools\MSVC\14.44.35207\include\xutility(4813,18): warning C4244: “=”: 从“const wchar_t”转换到“char”，可能丢失数据
  (编译源文件“CodeFile/Graphics/DX12/DX12Core.cpp”)
      C:\Program Files\Microsoft Visual Studio\2022\Community\VC\Tools\MSVC\14.44.35207\include\xutility(4813,18):
      模板实例化上下文(最早的实例化上下文)为
          E:\Projects\Ying-Long-Engine\Ying-Long-Engine\Ying-Long Engine\CodeFile\Graphics\DX12\DX12ShaderCompiler.h(26,39):
          查看对正在编译的函数 模板 实例化“std::basic_string<char,std::char_traits<char>,std::allocator<char>>::basic_string<std::_String_const_iterator<std::_String_val<std::_Simple_types<_Elem>>>,0>(_Iter,_Iter,const _Alloc &)”的引用
          with
          [
              _Elem=wchar_t,
              _Iter=std::_String_const_iterator<std::_String_val<std::_Simple_types<wchar_t>>>,
              _Alloc=std::allocator<char>
          ]
              E:\Projects\Ying-Long-Engine\Ying-Long-Engine\Ying-Long Engine\CodeFile\Graphics\DX12\DX12ShaderCompiler.h(26,39):
              请参阅 "DE::DX12ShaderCompiler::CompileShader" 中对 "std::basic_string<char,std::char_traits<char>,std::allocator<char>>::basic_string" 的第一个引用
          C:\Program Files\Microsoft Visual Studio\2022\Community\VC\Tools\MSVC\14.44.35207\include\xstring(812,17):
          查看对正在编译的函数 模板 实例化“void std::basic_string<char,std::char_traits<char>,std::allocator<char>>::_Construct_from_iter<const wchar_t*,const wchar_t*,_Size_type>(_Iter,const _Sent,_Size)”的引用
          with
          [
              _Size_type=unsigned __int64,
              _Iter=const wchar_t *,
              _Sent=const wchar_t *,
              _Size=unsigned __int64
          ]
          C:\Program Files\Microsoft Visual Studio\2022\Community\VC\Tools\MSVC\14.44.35207\include\xstring(968,18):
          查看对正在编译的函数 模板 实例化“_OutIt *std::_Copy_n_unchecked4<const wchar_t*,_Size,char*>(_InIt,_SizeTy,_OutIt)”的引用
          with
          [
              _OutIt=char *,
              _Size=unsigned __int64,
              _InIt=const wchar_t *,
              _SizeTy=unsigned __int64
          ]
  
C:\Program Files\Microsoft Visual Studio\2022\Community\VC\Tools\MSVC\14.44.35207\include\xutility(4813,18): warning C4244: “=”: 从“wchar_t”转换到“char”，可能丢失数据
  (编译源文件“CodeFile/Graphics/DX12/DX12Core.cpp”)
      C:\Program Files\Microsoft Visual Studio\2022\Community\VC\Tools\MSVC\14.44.35207\include\xutility(4813,18):
      模板实例化上下文(最早的实例化上下文)为
          E:\Projects\Ying-Long-Engine\Ying-Long-Engine\Ying-Long Engine\CodeFile\Graphics\DX12\DX12Core.cpp(532,33):
          查看对正在编译的函数 模板 实例化“std::basic_string<char,std::char_traits<char>,std::allocator<char>>::basic_string<std::_String_iterator<std::_String_val<std::_Simple_types<_Elem>>>,0>(_Iter,_Iter,const _Alloc &)”的引用
          with
          [
              _Elem=wchar_t,
              _Iter=std::_String_iterator<std::_String_val<std::_Simple_types<wchar_t>>>,
              _Alloc=std::allocator<char>
          ]
              E:\Projects\Ying-Long-Engine\Ying-Long-Engine\Ying-Long Engine\CodeFile\Graphics\DX12\DX12Core.cpp(532,33):
              请参阅 "DE::DX12Core::CreatePipelineState" 中对 "std::basic_string<char,std::char_traits<char>,std::allocator<char>>::basic_string" 的第一个引用
          C:\Program Files\Microsoft Visual Studio\2022\Community\VC\Tools\MSVC\14.44.35207\include\xstring(812,17):
          查看对正在编译的函数 模板 实例化“void std::basic_string<char,std::char_traits<char>,std::allocator<char>>::_Construct_from_iter<wchar_t*,wchar_t*,_Size_type>(_Iter,const _Sent,_Size)”的引用
          with
          [
              _Size_type=unsigned __int64,
              _Iter=wchar_t *,
              _Sent=wchar_t *,
              _Size=unsigned __int64
          ]
          C:\Program Files\Microsoft Visual Studio\2022\Community\VC\Tools\MSVC\14.44.35207\include\xstring(968,18):
          查看对正在编译的函数 模板 实例化“_OutIt *std::_Copy_n_unchecked4<wchar_t*,_Size,char*>(_InIt,_SizeTy,_OutIt)”的引用
          with
          [
              _OutIt=char *,
              _Size=unsigned __int64,
              _InIt=wchar_t *,
              _SizeTy=unsigned __int64
          ]
  
  DepthStencil.cpp
  WARNING: DepthStencil.h is deprecated. Use DepthStencilDX12 instead.
  WARNING: RenderTarget.h is deprecated. Use RenderTargetDX12 instead.
E:\Projects\Ying-Long-Engine\Ying-Long-Engine\Ying-Long Engine\CodeFile\Graphics\DX12\IndexBufferDX12.h(38,29): warning C4267: “初始化”: 从“size_t”转换到“UINT”，可能丢失数据
  (编译源文件“CodeFile/Graphics/DX12/DX12Primitives.cpp”)
      E:\Projects\Ying-Long-Engine\Ying-Long-Engine\Ying-Long Engine\CodeFile\Graphics\DX12\IndexBufferDX12.h(38,29):
      模板实例化上下文(最早的实例化上下文)为
          E:\Projects\Ying-Long-Engine\Ying-Long-Engine\Ying-Long Engine\CodeFile\Graphics\DX12\DX12Primitives.cpp(125,13):
          查看对正在编译的 类 模板 实例化“DE::IndexBufferDX12<UINT>”的引用
          E:\Projects\Ying-Long-Engine\Ying-Long-Engine\Ying-Long Engine\CodeFile\Graphics\DX12\IndexBufferDX12.h(35,14):
          在编译 类 模板 成员函数“void DE::IndexBufferDX12<UINT>::CreateIndexBuffer(const std::vector<UINT,std::allocator<UINT>> &)”时
              E:\Projects\Ying-Long-Engine\Ying-Long-Engine\Ying-Long Engine\CodeFile\Graphics\DX12\IndexBufferDX12.h(21,30):
              请参阅 "DE::IndexBufferDX12<UINT>::IndexBufferDX12" 中对 "DE::IndexBufferDX12<UINT>::CreateIndexBuffer" 的第一个引用
              C:\Program Files\Microsoft Visual Studio\2022\Community\VC\Tools\MSVC\14.44.35207\include\memory(3630,5):
              请参阅 "std::make_unique" 中对 "DE::IndexBufferDX12<UINT>::IndexBufferDX12" 的第一个引用
  
E:\Projects\Ying-Long-Engine\Ying-Long-Engine\Ying-Long Engine\CodeFile\Graphics\DX12\VertexBufferDX12.h(41,29): warning C4267: “初始化”: 从“size_t”转换到“UINT”，可能丢失数据
  (编译源文件“CodeFile/Graphics/DX12/DX12Primitives.cpp”)
      E:\Projects\Ying-Long-Engine\Ying-Long-Engine\Ying-Long Engine\CodeFile\Graphics\DX12\VertexBufferDX12.h(41,29):
      模板实例化上下文(最早的实例化上下文)为
          E:\Projects\Ying-Long-Engine\Ying-Long-Engine\Ying-Long Engine\CodeFile\Graphics\DX12\DX12Primitives.cpp(122,13):
          查看对正在编译的 类 模板 实例化“DE::VertexBufferDX12<DE::DX12Vertex>”的引用
          E:\Projects\Ying-Long-Engine\Ying-Long-Engine\Ying-Long Engine\CodeFile\Graphics\DX12\VertexBufferDX12.h(38,14):
          在编译 类 模板 成员函数“void DE::VertexBufferDX12<DE::DX12Vertex>::CreateVertexBuffer(const std::vector<VertexType,std::allocator<VertexType>> &)”时
          with
          [
              VertexType=DE::DX12Vertex
          ]
              E:\Projects\Ying-Long-Engine\Ying-Long-Engine\Ying-Long Engine\CodeFile\Graphics\DX12\VertexBufferDX12.h(24,31):
              请参阅 "DE::VertexBufferDX12<DE::DX12Vertex>::VertexBufferDX12" 中对 "DE::VertexBufferDX12<DE::DX12Vertex>::CreateVertexBuffer" 的第一个引用
              C:\Program Files\Microsoft Visual Studio\2022\Community\VC\Tools\MSVC\14.44.35207\include\memory(3630,5):
              请参阅 "std::make_unique" 中对 "DE::VertexBufferDX12<DE::DX12Vertex>::VertexBufferDX12" 的第一个引用
  
  Box.cpp
  Capsule.cpp
  Drawable.cpp
  WARNING: Drawable.h is deprecated. Use DX12Drawable instead.
  Mesh.cpp
  Model.cpp
  SolidSphere.cpp
  WARNING: Bindable.h is deprecated. Use BindableDX12 instead.
  Graphics.cpp
E:\Projects\Ying-Long-Engine\Ying-Long-Engine\Ying-Long Engine\CodeFile\Graphics\Graphics.cpp(1,1): warning C4819: 该文件包含不能在当前代码页(936)中表示的字符。请将该文件保存为 Unicode 格式以防止数据丢失
  WARNING: Graphics.h is deprecated. Use DX12Renderer instead.
  LightManager.cpp
  WARNING: Bindable.h is deprecated. Use BindableDX12 instead.
  PointLight.cpp
  WARNING: Bindable.h is deprecated. Use BindableDX12 instead.
  WARNING: Bindable.h is deprecated. Use BindableDX12 instead.
E:\Projects\Ying-Long-Engine\Ying-Long-Engine\Ying-Long Engine\CodeFile\Graphics\Bindable\IndexBuffer.h(6,29): warning C4996: 'DE::Bindable': Use BindableDX12 instead
  (编译源文件“CodeFile/Graphics/Drawable/Capsule.cpp”)
  
  WARNING: Drawable.h is deprecated. Use DX12Drawable instead.
  SpotLight.cpp
  WARNING: Graphics.h is deprecated. Use DX12Renderer instead.
  ModelImporter.cpp
  Ray.cpp
E:\Projects\Ying-Long-Engine\Ying-Long-Engine\Ying-Long Engine\CodeFile\Graphics\Bindable\IndexBuffer.h(6,29): warning C4996: 'DE::Bindable': Use BindableDX12 instead
  (编译源文件“CodeFile/Graphics/Drawable/Box.cpp”)
  
  WARNING: Drawable.h is deprecated. Use DX12Drawable instead.
E:\Projects\Ying-Long-Engine\Ying-Long-Engine\Ying-Long Engine\CodeFile\Graphics\Drawable\Drawable.h(39,32): warning C4996: 'DE::Bindable': Use BindableDX12 instead
  (编译源文件“CodeFile/Graphics/Drawable/Capsule.cpp”)
  
E:\Projects\Ying-Long-Engine\Ying-Long-Engine\Ying-Long Engine\CodeFile\Graphics\Drawable\Drawable.h(44,45): warning C4996: 'DE::Bindable': Use BindableDX12 instead
  (编译源文件“CodeFile/Graphics/Drawable/Capsule.cpp”)
  
E:\Projects\Ying-Long-Engine\Ying-Long-Engine\Ying-Long Engine\CodeFile\Graphics\Drawable\Drawable.h(47,31): warning C4996: 'DE::Bindable': Use BindableDX12 instead
  (编译源文件“CodeFile/Graphics/Drawable/Capsule.cpp”)
  
E:\Projects\Ying-Long-Engine\Ying-Long-Engine\Ying-Long Engine\CodeFile\Graphics\Drawable\DrawableBase.h(19,38): warning C4996: 'DE::Bindable': Use BindableDX12 instead
  (编译源文件“CodeFile/Graphics/Drawable/Capsule.cpp”)
      E:\Projects\Ying-Long-Engine\Ying-Long-Engine\Ying-Long Engine\CodeFile\Graphics\Drawable\DrawableBase.h(19,38):
      模板实例化上下文(最早的实例化上下文)为
          E:\Projects\Ying-Long-Engine\Ying-Long-Engine\Ying-Long Engine\CodeFile\Graphics\Drawable\DrawableBase.h(12,8):
          在编译类模板“DE::DrawableBase”时
  
E:\Projects\Ying-Long-Engine\Ying-Long-Engine\Ying-Long Engine\CodeFile\Graphics\Drawable\DrawableBase.h(46,37): warning C4996: 'DE::Bindable': Use BindableDX12 instead
  (编译源文件“CodeFile/Graphics/Drawable/Capsule.cpp”)
  
E:\Projects\Ying-Long-Engine\Ying-Long-Engine\Ying-Long Engine\CodeFile\Graphics\Drawable\DrawableBase.h(51,38): warning C4996: 'DE::Bindable': Use BindableDX12 instead
  (编译源文件“CodeFile/Graphics/Drawable/Capsule.cpp”)
  
E:\Projects\Ying-Long-Engine\Ying-Long-Engine\Ying-Long Engine\CodeFile\Graphics\Drawable\DrawableBase.h(55,30): warning C4996: 'DE::Bindable': Use BindableDX12 instead
  (编译源文件“CodeFile/Graphics/Drawable/Capsule.cpp”)
  
  WARNING: Graphics.h is deprecated. Use DX12Renderer instead.
E:\Projects\Ying-Long-Engine\Ying-Long-Engine\Ying-Long Engine\CodeFile\Graphics\Drawable\Drawable.h(39,32): warning C4996: 'DE::Bindable': Use BindableDX12 instead
  (编译源文件“CodeFile/Graphics/Drawable/Box.cpp”)
  
E:\Projects\Ying-Long-Engine\Ying-Long-Engine\Ying-Long Engine\CodeFile\Graphics\Drawable\Drawable.h(44,45): warning C4996: 'DE::Bindable': Use BindableDX12 instead
  (编译源文件“CodeFile/Graphics/Drawable/Box.cpp”)
  
E:\Projects\Ying-Long-Engine\Ying-Long-Engine\Ying-Long Engine\CodeFile\Graphics\Drawable\Drawable.h(47,31): warning C4996: 'DE::Bindable': Use BindableDX12 instead
  (编译源文件“CodeFile/Graphics/Drawable/Box.cpp”)
  
E:\Projects\Ying-Long-Engine\Ying-Long-Engine\Ying-Long Engine\CodeFile\Graphics\Bindable\IndexBuffer.h(6,29): warning C4996: 'DE::Bindable': Use BindableDX12 instead
  (编译源文件“CodeFile/Graphics/Drawable/SolidSphere.cpp”)
  
  WARNING: Drawable.h is deprecated. Use DX12Drawable instead.
E:\Projects\Ying-Long-Engine\Ying-Long-Engine\Ying-Long Engine\CodeFile\Graphics\Drawable\DrawableBase.h(19,38): warning C4996: 'DE::Bindable': Use BindableDX12 instead
  (编译源文件“CodeFile/Graphics/Drawable/Box.cpp”)
      E:\Projects\Ying-Long-Engine\Ying-Long-Engine\Ying-Long Engine\CodeFile\Graphics\Drawable\DrawableBase.h(19,38):
      模板实例化上下文(最早的实例化上下文)为
          E:\Projects\Ying-Long-Engine\Ying-Long-Engine\Ying-Long Engine\CodeFile\Graphics\Drawable\DrawableBase.h(12,8):
          在编译类模板“DE::DrawableBase”时
  
E:\Projects\Ying-Long-Engine\Ying-Long-Engine\Ying-Long Engine\CodeFile\Graphics\Drawable\DrawableBase.h(46,37): warning C4996: 'DE::Bindable': Use BindableDX12 instead
  (编译源文件“CodeFile/Graphics/Drawable/Box.cpp”)
  
E:\Projects\Ying-Long-Engine\Ying-Long-Engine\Ying-Long Engine\CodeFile\Graphics\Drawable\DrawableBase.h(51,38): warning C4996: 'DE::Bindable': Use BindableDX12 instead
  (编译源文件“CodeFile/Graphics/Drawable/Box.cpp”)
  
E:\Projects\Ying-Long-Engine\Ying-Long-Engine\Ying-Long Engine\CodeFile\Graphics\Drawable\DrawableBase.h(55,30): warning C4996: 'DE::Bindable': Use BindableDX12 instead
  (编译源文件“CodeFile/Graphics/Drawable/Box.cpp”)
  
E:\Projects\Ying-Long-Engine\Ying-Long-Engine\Ying-Long Engine\CodeFile\Graphics\Bindable\InputLayout.h(6,29): warning C4996: 'DE::Bindable': Use BindableDX12 instead
  (编译源文件“CodeFile/Graphics/Drawable/Box.cpp”)
  
  WARNING: Graphics.h is deprecated. Use DX12Renderer instead.
  RenderTarget.cpp
E:\Projects\Ying-Long-Engine\Ying-Long-Engine\Ying-Long Engine\CodeFile\Graphics\Bindable\IndexBuffer.h(6,29): warning C4996: 'DE::Bindable': Use BindableDX12 instead
  (编译源文件“CodeFile/Graphics/Drawable/Drawable.cpp”)
  
  WARNING: RenderTarget.h is deprecated. Use RenderTargetDX12 instead.
E:\Projects\Ying-Long-Engine\Ying-Long-Engine\Ying-Long Engine\CodeFile\Graphics\Drawable\Drawable.h(39,32): warning C4996: 'DE::Bindable': Use BindableDX12 instead
  (编译源文件“CodeFile/Graphics/Drawable/Drawable.cpp”)
  
E:\Projects\Ying-Long-Engine\Ying-Long-Engine\Ying-Long Engine\CodeFile\Graphics\Drawable\Drawable.h(44,45): warning C4996: 'DE::Bindable': Use BindableDX12 instead
  (编译源文件“CodeFile/Graphics/Drawable/Drawable.cpp”)
  
E:\Projects\Ying-Long-Engine\Ying-Long-Engine\Ying-Long Engine\CodeFile\Graphics\Drawable\Drawable.h(47,31): warning C4996: 'DE::Bindable': Use BindableDX12 instead
  (编译源文件“CodeFile/Graphics/Drawable/Drawable.cpp”)
  
  WARNING: Graphics.h is deprecated. Use DX12Renderer instead.
E:\Projects\Ying-Long-Engine\Ying-Long-Engine\Ying-Long Engine\CodeFile\Graphics\Drawable\Drawable.h(39,32): warning C4996: 'DE::Bindable': Use BindableDX12 instead
  (编译源文件“CodeFile/Graphics/Drawable/SolidSphere.cpp”)
  
E:\Projects\Ying-Long-Engine\Ying-Long-Engine\Ying-Long Engine\CodeFile\Graphics\Drawable\Drawable.h(44,45): warning C4996: 'DE::Bindable': Use BindableDX12 instead
  (编译源文件“CodeFile/Graphics/Drawable/SolidSphere.cpp”)
  
E:\Projects\Ying-Long-Engine\Ying-Long-Engine\Ying-Long Engine\CodeFile\Graphics\Drawable\Drawable.h(47,31): warning C4996: 'DE::Bindable': Use BindableDX12 instead
  (编译源文件“CodeFile/Graphics/Drawable/SolidSphere.cpp”)
  
E:\Projects\Ying-Long-Engine\Ying-Long-Engine\Ying-Long Engine\CodeFile\Graphics\Drawable\DrawableBase.h(19,38): warning C4996: 'DE::Bindable': Use BindableDX12 instead
  (编译源文件“CodeFile/Graphics/Drawable/SolidSphere.cpp”)
      E:\Projects\Ying-Long-Engine\Ying-Long-Engine\Ying-Long Engine\CodeFile\Graphics\Drawable\DrawableBase.h(19,38):
      模板实例化上下文(最早的实例化上下文)为
          E:\Projects\Ying-Long-Engine\Ying-Long-Engine\Ying-Long Engine\CodeFile\Graphics\Drawable\DrawableBase.h(12,8):
          在编译类模板“DE::DrawableBase”时
  
E:\Projects\Ying-Long-Engine\Ying-Long-Engine\Ying-Long Engine\CodeFile\Graphics\Drawable\DrawableBase.h(46,37): warning C4996: 'DE::Bindable': Use BindableDX12 instead
  (编译源文件“CodeFile/Graphics/Drawable/SolidSphere.cpp”)
  
E:\Projects\Ying-Long-Engine\Ying-Long-Engine\Ying-Long Engine\CodeFile\Graphics\Drawable\DrawableBase.h(51,38): warning C4996: 'DE::Bindable': Use BindableDX12 instead
  (编译源文件“CodeFile/Graphics/Drawable/SolidSphere.cpp”)
  
E:\Projects\Ying-Long-Engine\Ying-Long-Engine\Ying-Long Engine\CodeFile\Graphics\Drawable\DrawableBase.h(55,30): warning C4996: 'DE::Bindable': Use BindableDX12 instead
  (编译源文件“CodeFile/Graphics/Drawable/SolidSphere.cpp”)
  
E:\Projects\Ying-Long-Engine\Ying-Long-Engine\Ying-Long Engine\CodeFile\Graphics\Bindable\InputLayout.h(6,29): warning C4996: 'DE::Bindable': Use BindableDX12 instead
  (编译源文件“CodeFile/Graphics/Drawable/SolidSphere.cpp”)
  
  WARNING: Graphics.h is deprecated. Use DX12Renderer instead.
  Surface.cpp
E:\Projects\Ying-Long-Engine\Ying-Long-Engine\Ying-Long Engine\CodeFile\Graphics\Graphics.h(90,19): warning C4996: 'DE::RenderTarget': Use RenderTargetDX12 instead
  (编译源文件“CodeFile/Graphics/DepthStencil/DepthStencil.cpp”)
  
E:\Projects\Ying-Long-Engine\Ying-Long-Engine\Ying-Long Engine\CodeFile\Graphics\Graphics.h(91,19): warning C4996: 'DE::RenderTarget': Use RenderTargetDX12 instead
  (编译源文件“CodeFile/Graphics/DepthStencil/DepthStencil.cpp”)
  
E:\Projects\Ying-Long-Engine\Ying-Long-Engine\Ying-Long Engine\CodeFile\Graphics\Graphics.h(92,19): warning C4996: 'DE::DepthStencil': Use DepthStencilDX12 instead
  (编译源文件“CodeFile/Graphics/DepthStencil/DepthStencil.cpp”)
  
E:\Projects\Ying-Long-Engine\Ying-Long-Engine\Ying-Long Engine\CodeFile\Graphics\DepthStencil\DepthStencil.cpp(11,44): warning C4996: 'DE::Graphics': Use DX12Renderer instead
E:\Projects\Ying-Long-Engine\Ying-Long-Engine\Ying-Long Engine\CodeFile\Graphics\DepthStencil\DepthStencil.cpp(30,16): warning C4996: 'DE::Graphics::pDevice': Use DX12Renderer instead
E:\Projects\Ying-Long-Engine\Ying-Long-Engine\Ying-Long Engine\CodeFile\Graphics\DepthStencil\DepthStencil.cpp(45,16): warning C4996: 'DE::Graphics::pDevice': Use DX12Renderer instead
E:\Projects\Ying-Long-Engine\Ying-Long-Engine\Ying-Long Engine\CodeFile\Graphics\DepthStencil\DepthStencil.cpp(76,16): warning C4996: 'DE::Graphics::pDevice': Use DX12Renderer instead
E:\Projects\Ying-Long-Engine\Ying-Long-Engine\Ying-Long Engine\CodeFile\Graphics\DepthStencil\DepthStencil.cpp(84,38): warning C4996: 'DE::Graphics': Use DX12Renderer instead
E:\Projects\Ying-Long-Engine\Ying-Long-Engine\Ying-Long Engine\CodeFile\Graphics\DepthStencil\DepthStencil.cpp(86,11): warning C4996: 'DE::Graphics::pDeviceContext': Use DX12Renderer instead
E:\Projects\Ying-Long-Engine\Ying-Long-Engine\Ying-Long Engine\CodeFile\Graphics\DepthStencil\DepthStencil.cpp(87,11): warning C4996: 'DE::Graphics::pDeviceContext': Use DX12Renderer instead
E:\Projects\Ying-Long-Engine\Ying-Long-Engine\Ying-Long Engine\CodeFile\Graphics\DepthStencil\DepthStencil.cpp(88,51): warning C4244: “参数”: 从“float”转换到“UINT8”，可能丢失数据
  WARNING: DepthStencil.h is deprecated. Use DepthStencilDX12 instead.
  WARNING: RenderTarget.h is deprecated. Use RenderTargetDX12 instead.
E:\Projects\Ying-Long-Engine\Ying-Long-Engine\Ying-Long Engine\CodeFile\Graphics\Graphics.h(90,19): warning C4996: 'DE::RenderTarget': Use RenderTargetDX12 instead
  (编译源文件“CodeFile/Graphics/Drawable/Box.cpp”)
  
E:\Projects\Ying-Long-Engine\Ying-Long-Engine\Ying-Long Engine\CodeFile\Graphics\Graphics.h(91,19): warning C4996: 'DE::RenderTarget': Use RenderTargetDX12 instead
  (编译源文件“CodeFile/Graphics/Drawable/Box.cpp”)
  
E:\Projects\Ying-Long-Engine\Ying-Long-Engine\Ying-Long Engine\CodeFile\Graphics\Graphics.h(92,19): warning C4996: 'DE::DepthStencil': Use DepthStencilDX12 instead
  (编译源文件“CodeFile/Graphics/Drawable/Box.cpp”)
  
E:\Projects\Ying-Long-Engine\Ying-Long-Engine\Ying-Long Engine\CodeFile\Graphics\Bindable\ConstantBuffers.h(13,15): warning C4996: 'DE::Graphics': Use DX12Renderer instead
  (编译源文件“CodeFile/Graphics/Drawable/Box.cpp”)
      E:\Projects\Ying-Long-Engine\Ying-Long-Engine\Ying-Long Engine\CodeFile\Graphics\Bindable\ConstantBuffers.h(13,15):
      模板实例化上下文(最早的实例化上下文)为
          E:\Projects\Ying-Long-Engine\Ying-Long-Engine\Ying-Long Engine\CodeFile\Graphics\Bindable\ConstantBuffers.h(8,9):
          在编译类模板“DE::ConstantBuffer”时
  
E:\Projects\Ying-Long-Engine\Ying-Long-Engine\Ying-Long Engine\CodeFile\Graphics\Bindable\ConstantBuffers.h(28,18): warning C4996: 'DE::Graphics': Use DX12Renderer instead
  (编译源文件“CodeFile/Graphics/Drawable/Box.cpp”)
  
E:\Projects\Ying-Long-Engine\Ying-Long-Engine\Ying-Long Engine\CodeFile\Graphics\Bindable\ConstantBuffers.h(47,18): warning C4996: 'DE::Graphics': Use DX12Renderer instead
  (编译源文件“CodeFile/Graphics/Drawable/Box.cpp”)
  
E:\Projects\Ying-Long-Engine\Ying-Long-Engine\Ying-Long Engine\CodeFile\Graphics\Bindable\ConstantBuffers.h(77,13): warning C4996: 'DE::Graphics': Use DX12Renderer instead
  (编译源文件“CodeFile/Graphics/Drawable/Box.cpp”)
      E:\Projects\Ying-Long-Engine\Ying-Long-Engine\Ying-Long Engine\CodeFile\Graphics\Bindable\ConstantBuffers.h(77,13):
      模板实例化上下文(最早的实例化上下文)为
          E:\Projects\Ying-Long-Engine\Ying-Long-Engine\Ying-Long Engine\CodeFile\Graphics\Bindable\ConstantBuffers.h(70,8):
          在编译类模板“DE::VertexConstantBuffer”时
  
E:\Projects\Ying-Long-Engine\Ying-Long-Engine\Ying-Long Engine\CodeFile\Graphics\Bindable\ConstantBuffers.h(91,13): warning C4996: 'DE::Graphics': Use DX12Renderer instead
  (编译源文件“CodeFile/Graphics/Drawable/Box.cpp”)
      E:\Projects\Ying-Long-Engine\Ying-Long-Engine\Ying-Long Engine\CodeFile\Graphics\Bindable\ConstantBuffers.h(91,13):
      模板实例化上下文(最早的实例化上下文)为
          E:\Projects\Ying-Long-Engine\Ying-Long-Engine\Ying-Long Engine\CodeFile\Graphics\Bindable\ConstantBuffers.h(85,8):
          在编译类模板“DE::PixelConstantBuffer”时
  
E:\Projects\Ying-Long-Engine\Ying-Long-Engine\Ying-Long Engine\CodeFile\Graphics\Bindable\TransformConstantBuffer.h(8,41): warning C4996: 'DE::Bindable': Use BindableDX12 instead
  (编译源文件“CodeFile/Graphics/Drawable/Box.cpp”)
  
E:\Projects\Ying-Long-Engine\Ying-Long-Engine\Ying-Long Engine\CodeFile\Graphics\Bindable\TransformConstantBuffer.h(11,27): warning C4996: 'DE::Graphics': Use DX12Renderer instead
  (编译源文件“CodeFile/Graphics/Drawable/Box.cpp”)
  
E:\Projects\Ying-Long-Engine\Ying-Long-Engine\Ying-Long Engine\CodeFile\Graphics\Bindable\TransformConstantBuffer.h(11,53): warning C4996: 'DE::Drawable': Use DX12Drawable instead
  (编译源文件“CodeFile/Graphics/Drawable/Box.cpp”)
  
E:\Projects\Ying-Long-Engine\Ying-Long-Engine\Ying-Long Engine\CodeFile\Graphics\Bindable\TransformConstantBuffer.h(12,13): warning C4996: 'DE::Graphics': Use DX12Renderer instead
  (编译源文件“CodeFile/Graphics/Drawable/Box.cpp”)
  
E:\Projects\Ying-Long-Engine\Ying-Long-Engine\Ying-Long Engine\CodeFile\Graphics\Bindable\TransformConstantBuffer.h(22,9): warning C4996: 'DE::Drawable': Use DX12Drawable instead
  (编译源文件“CodeFile/Graphics/Drawable/Box.cpp”)
  
E:\Projects\Ying-Long-Engine\Ying-Long-Engine\Ying-Long Engine\CodeFile\Graphics\Bindable\VertexShader.h(10,30): warning C4996: 'DE::Bindable': Use BindableDX12 instead
  (编译源文件“CodeFile/Graphics/Drawable/Box.cpp”)
  
E:\Projects\Ying-Long-Engine\Ying-Long-Engine\Ying-Long Engine\CodeFile\Graphics\Bindable\VertexShader.h(14,16): warning C4996: 'DE::Graphics': Use DX12Renderer instead
  (编译源文件“CodeFile/Graphics/Drawable/Box.cpp”)
  
E:\Projects\Ying-Long-Engine\Ying-Long-Engine\Ying-Long Engine\CodeFile\Graphics\Bindable\VertexShader.h(17,19): warning C4996: 'DE::Graphics': Use DX12Renderer instead
  (编译源文件“CodeFile/Graphics/Drawable/Box.cpp”)
  
E:\Projects\Ying-Long-Engine\Ying-Long-Engine\Ying-Long Engine\CodeFile\Graphics\Bindable\VertexShader.h(19,13): warning C4996: 'DE::Graphics': Use DX12Renderer instead
  (编译源文件“CodeFile/Graphics/Drawable/Box.cpp”)
  
E:\Projects\Ying-Long-Engine\Ying-Long-Engine\Ying-Long Engine\CodeFile\Graphics\Bindable\PixelShader.h(10,29): warning C4996: 'DE::Bindable': Use BindableDX12 instead
  (编译源文件“CodeFile/Graphics/Drawable/Box.cpp”)
  
E:\Projects\Ying-Long-Engine\Ying-Long-Engine\Ying-Long Engine\CodeFile\Graphics\Bindable\PixelShader.h(14,15): warning C4996: 'DE::Graphics': Use DX12Renderer instead
  (编译源文件“CodeFile/Graphics/Drawable/Box.cpp”)
  
E:\Projects\Ying-Long-Engine\Ying-Long-Engine\Ying-Long Engine\CodeFile\Graphics\Bindable\PixelShader.h(17,19): warning C4996: 'DE::Graphics': Use DX12Renderer instead
  (编译源文件“CodeFile/Graphics/Drawable/Box.cpp”)
  
E:\Projects\Ying-Long-Engine\Ying-Long-Engine\Ying-Long Engine\CodeFile\Graphics\Bindable\PixelShader.h(19,13): warning C4996: 'DE::Graphics': Use DX12Renderer instead
  (编译源文件“CodeFile/Graphics/Drawable/Box.cpp”)
  
E:\Projects\Ying-Long-Engine\Ying-Long-Engine\Ying-Long Engine\CodeFile\Graphics\Bindable\Topology.h(6,26): warning C4996: 'DE::Bindable': Use BindableDX12 instead
  (编译源文件“CodeFile/Graphics/Drawable/Box.cpp”)
  
E:\Projects\Ying-Long-Engine\Ying-Long-Engine\Ying-Long Engine\CodeFile\Graphics\Bindable\Topology.h(9,12): warning C4996: 'DE::Graphics': Use DX12Renderer instead
  (编译源文件“CodeFile/Graphics/Drawable/Box.cpp”)
  
E:\Projects\Ying-Long-Engine\Ying-Long-Engine\Ying-Long Engine\CodeFile\Graphics\Bindable\Topology.h(10,13): warning C4996: 'DE::Graphics': Use DX12Renderer instead
  (编译源文件“CodeFile/Graphics/Drawable/Box.cpp”)
  
E:\Projects\Ying-Long-Engine\Ying-Long-Engine\Ying-Long Engine\CodeFile\Graphics\Bindable\Texture.h(7,25): warning C4996: 'DE::Bindable': Use BindableDX12 instead
  (编译源文件“CodeFile/Graphics/Drawable/Box.cpp”)
  
E:\Projects\Ying-Long-Engine\Ying-Long-Engine\Ying-Long Engine\CodeFile\Graphics\Bindable\Texture.h(11,11): warning C4996: 'DE::Graphics': Use DX12Renderer instead
  (编译源文件“CodeFile/Graphics/Drawable/Box.cpp”)
  
E:\Projects\Ying-Long-Engine\Ying-Long-Engine\Ying-Long Engine\CodeFile\Graphics\Bindable\Texture.h(14,19): warning C4996: 'DE::Graphics': Use DX12Renderer instead
  (编译源文件“CodeFile/Graphics/Drawable/Box.cpp”)
  
E:\Projects\Ying-Long-Engine\Ying-Long-Engine\Ying-Long Engine\CodeFile\Graphics\Bindable\Texture.h(16,13): warning C4996: 'DE::Graphics': Use DX12Renderer instead
  (编译源文件“CodeFile/Graphics/Drawable/Box.cpp”)
  
E:\Projects\Ying-Long-Engine\Ying-Long-Engine\Ying-Long Engine\CodeFile\Graphics\Bindable\SolidColorConstantBuffer.h(14,42): warning C4996: 'DE::Bindable': Use BindableDX12 instead
  (编译源文件“CodeFile/Graphics/Drawable/Box.cpp”)
  
E:\Projects\Ying-Long-Engine\Ying-Long-Engine\Ying-Long Engine\CodeFile\Graphics\Bindable\SolidColorConstantBuffer.h(17,28): warning C4996: 'DE::Graphics': Use DX12Renderer instead
  (编译源文件“CodeFile/Graphics/Drawable/Box.cpp”)
  
E:\Projects\Ying-Long-Engine\Ying-Long-Engine\Ying-Long Engine\CodeFile\Graphics\Bindable\SolidColorConstantBuffer.h(18,13): warning C4996: 'DE::Graphics': Use DX12Renderer instead
  (编译源文件“CodeFile/Graphics/Drawable/Box.cpp”)
  
E:\Projects\Ying-Long-Engine\Ying-Long-Engine\Ying-Long Engine\CodeFile\Graphics\Bindable\VertexBuffer.h(8,33): warning C4996: 'DE::Bindable': Use BindableDX12 instead
  (编译源文件“CodeFile/Graphics/Drawable/Box.cpp”)
  
E:\Projects\Ying-Long-Engine\Ying-Long-Engine\Ying-Long Engine\CodeFile\Graphics\Bindable\VertexBuffer.h(13,22): warning C4996: 'DE::Graphics': Use DX12Renderer instead
  (编译源文件“CodeFile/Graphics/Drawable/Box.cpp”)
  
E:\Projects\Ying-Long-Engine\Ying-Long-Engine\Ying-Long Engine\CodeFile\Graphics\Bindable\VertexBuffer.h(30,19): warning C4996: 'DE::Graphics': Use DX12Renderer instead
  (编译源文件“CodeFile/Graphics/Drawable/Box.cpp”)
  
E:\Projects\Ying-Long-Engine\Ying-Long-Engine\Ying-Long Engine\CodeFile\Graphics\Bindable\VertexBuffer.h(33,13): warning C4996: 'DE::Bindable::GetDevicContext': Use BindableDX12 instead
  (编译源文件“CodeFile/Graphics/Drawable/Box.cpp”)
  
E:\Projects\Ying-Long-Engine\Ying-Long-Engine\Ying-Long Engine\CodeFile\Graphics\Drawable\SolidSphere.h(21,23): warning C4996: 'DE::Graphics': Use DX12Renderer instead
  (编译源文件“CodeFile/Graphics/Drawable/Box.cpp”)
  
E:\Projects\Ying-Long-Engine\Ying-Long-Engine\Ying-Long Engine\CodeFile\Graphics\Light\PointLight.h(43,14): warning C4996: 'DE::Graphics': Use DX12Renderer instead
  (编译源文件“CodeFile/Graphics/Drawable/Box.cpp”)
  
E:\Projects\Ying-Long-Engine\Ying-Long-Engine\Ying-Long Engine\CodeFile\Graphics\Light\PointLight.h(47,13): warning C4996: 'DE::Graphics': Use DX12Renderer instead
  (编译源文件“CodeFile/Graphics/Drawable/Box.cpp”)
  
E:\Projects\Ying-Long-Engine\Ying-Long-Engine\Ying-Long Engine\CodeFile\Graphics\Drawable\Box.h(18,15): warning C4996: 'DE::Graphics': Use DX12Renderer instead
  (编译源文件“CodeFile/Graphics/Drawable/Box.cpp”)
  
E:\Projects\Ying-Long-Engine\Ying-Long-Engine\Ying-Long Engine\CodeFile\Graphics\Drawable\Box.cpp(6,27): warning C4996: 'DE::Graphics': Use DX12Renderer instead
  Physics.cpp
E:\Projects\Ying-Long-Engine\Ying-Long-Engine\Ying-Long Engine\CodeFile\Graphics\Drawable\Box.cpp(67,3): warning C4996: 'DE::Drawable::AddBind': Use DX12Drawable instead
E:\Projects\Ying-Long-Engine\Ying-Long-Engine\Ying-Long Engine\CodeFile\Graphics\Drawable\Box.cpp(69,3): warning C4996: 'DE::Drawable::AddBind': Use DX12Drawable instead
E:\Projects\Ying-Long-Engine\Ying-Long-Engine\Setup\PhysX\Includes\foundation\PxPreprocessor.h(444,1): error C1189: #error:  Exactly one of NDEBUG and _DEBUG needs to be defined!
  (编译源文件“CodeFile/Physics/Physics.cpp”)
  
  PhysicsCapsule.cpp
  WARNING: DepthStencil.h is deprecated. Use DepthStencilDX12 instead.
  WARNING: RenderTarget.h is deprecated. Use RenderTargetDX12 instead.
E:\Projects\Ying-Long-Engine\Ying-Long-Engine\Ying-Long Engine\CodeFile\Graphics\Graphics.h(90,19): warning C4996: 'DE::RenderTarget': Use RenderTargetDX12 instead
  (编译源文件“CodeFile/Graphics/Drawable/Capsule.cpp”)
  
E:\Projects\Ying-Long-Engine\Ying-Long-Engine\Ying-Long Engine\CodeFile\Graphics\Graphics.h(91,19): warning C4996: 'DE::RenderTarget': Use RenderTargetDX12 instead
  (编译源文件“CodeFile/Graphics/Drawable/Capsule.cpp”)
  
E:\Projects\Ying-Long-Engine\Ying-Long-Engine\Ying-Long Engine\CodeFile\Graphics\Graphics.h(92,19): warning C4996: 'DE::DepthStencil': Use DepthStencilDX12 instead
  (编译源文件“CodeFile/Graphics/Drawable/Capsule.cpp”)
  
E:\Projects\Ying-Long-Engine\Ying-Long-Engine\Ying-Long Engine\CodeFile\Graphics\Bindable\ConstantBuffers.h(13,15): warning C4996: 'DE::Graphics': Use DX12Renderer instead
  (编译源文件“CodeFile/Graphics/Drawable/Capsule.cpp”)
      E:\Projects\Ying-Long-Engine\Ying-Long-Engine\Ying-Long Engine\CodeFile\Graphics\Bindable\ConstantBuffers.h(13,15):
      模板实例化上下文(最早的实例化上下文)为
          E:\Projects\Ying-Long-Engine\Ying-Long-Engine\Ying-Long Engine\CodeFile\Graphics\Bindable\ConstantBuffers.h(8,9):
          在编译类模板“DE::ConstantBuffer”时
  
E:\Projects\Ying-Long-Engine\Ying-Long-Engine\Ying-Long Engine\CodeFile\Graphics\Bindable\ConstantBuffers.h(28,18): warning C4996: 'DE::Graphics': Use DX12Renderer instead
  (编译源文件“CodeFile/Graphics/Drawable/Capsule.cpp”)
  
E:\Projects\Ying-Long-Engine\Ying-Long-Engine\Ying-Long Engine\CodeFile\Graphics\Bindable\ConstantBuffers.h(47,18): warning C4996: 'DE::Graphics': Use DX12Renderer instead
  (编译源文件“CodeFile/Graphics/Drawable/Capsule.cpp”)
  
  WARNING: Graphics.h is deprecated. Use DX12Renderer instead.
E:\Projects\Ying-Long-Engine\Ying-Long-Engine\Ying-Long Engine\CodeFile\Graphics\Bindable\ConstantBuffers.h(77,13): warning C4996: 'DE::Graphics': Use DX12Renderer instead
  (编译源文件“CodeFile/Graphics/Drawable/Capsule.cpp”)
      E:\Projects\Ying-Long-Engine\Ying-Long-Engine\Ying-Long Engine\CodeFile\Graphics\Bindable\ConstantBuffers.h(77,13):
      模板实例化上下文(最早的实例化上下文)为
          E:\Projects\Ying-Long-Engine\Ying-Long-Engine\Ying-Long Engine\CodeFile\Graphics\Bindable\ConstantBuffers.h(70,8):
          在编译类模板“DE::VertexConstantBuffer”时
  
E:\Projects\Ying-Long-Engine\Ying-Long-Engine\Ying-Long Engine\CodeFile\Graphics\Bindable\ConstantBuffers.h(91,13): warning C4996: 'DE::Graphics': Use DX12Renderer instead
  (编译源文件“CodeFile/Graphics/Drawable/Capsule.cpp”)
      E:\Projects\Ying-Long-Engine\Ying-Long-Engine\Ying-Long Engine\CodeFile\Graphics\Bindable\ConstantBuffers.h(91,13):
      模板实例化上下文(最早的实例化上下文)为
          E:\Projects\Ying-Long-Engine\Ying-Long-Engine\Ying-Long Engine\CodeFile\Graphics\Bindable\ConstantBuffers.h(85,8):
          在编译类模板“DE::PixelConstantBuffer”时
  
E:\Projects\Ying-Long-Engine\Ying-Long-Engine\Ying-Long Engine\CodeFile\Graphics\Bindable\TransformConstantBuffer.h(8,41): warning C4996: 'DE::Bindable': Use BindableDX12 instead
  (编译源文件“CodeFile/Graphics/Drawable/Capsule.cpp”)
  
E:\Projects\Ying-Long-Engine\Ying-Long-Engine\Ying-Long Engine\CodeFile\Graphics\Bindable\TransformConstantBuffer.h(11,27): warning C4996: 'DE::Graphics': Use DX12Renderer instead
  (编译源文件“CodeFile/Graphics/Drawable/Capsule.cpp”)
  
E:\Projects\Ying-Long-Engine\Ying-Long-Engine\Ying-Long Engine\CodeFile\Graphics\Bindable\TransformConstantBuffer.h(11,53): warning C4996: 'DE::Drawable': Use DX12Drawable instead
  (编译源文件“CodeFile/Graphics/Drawable/Capsule.cpp”)
  
E:\Projects\Ying-Long-Engine\Ying-Long-Engine\Ying-Long Engine\CodeFile\Graphics\Bindable\TransformConstantBuffer.h(12,13): warning C4996: 'DE::Graphics': Use DX12Renderer instead
  (编译源文件“CodeFile/Graphics/Drawable/Capsule.cpp”)
  
E:\Projects\Ying-Long-Engine\Ying-Long-Engine\Ying-Long Engine\CodeFile\Graphics\Bindable\TransformConstantBuffer.h(22,9): warning C4996: 'DE::Drawable': Use DX12Drawable instead
  (编译源文件“CodeFile/Graphics/Drawable/Capsule.cpp”)
  
E:\Projects\Ying-Long-Engine\Ying-Long-Engine\Ying-Long Engine\CodeFile\Graphics\Bindable\SolidColorConstantBuffer.h(14,42): warning C4996: 'DE::Bindable': Use BindableDX12 instead
  (编译源文件“CodeFile/Graphics/Drawable/Capsule.cpp”)
  
E:\Projects\Ying-Long-Engine\Ying-Long-Engine\Ying-Long Engine\CodeFile\Graphics\Bindable\SolidColorConstantBuffer.h(17,28): warning C4996: 'DE::Graphics': Use DX12Renderer instead
  (编译源文件“CodeFile/Graphics/Drawable/Capsule.cpp”)
  
E:\Projects\Ying-Long-Engine\Ying-Long-Engine\Ying-Long Engine\CodeFile\Graphics\Bindable\SolidColorConstantBuffer.h(18,13): warning C4996: 'DE::Graphics': Use DX12Renderer instead
  (编译源文件“CodeFile/Graphics/Drawable/Capsule.cpp”)
  
E:\Projects\Ying-Long-Engine\Ying-Long-Engine\Ying-Long Engine\CodeFile\Graphics\Drawable\Capsule.h(13,19): warning C4996: 'DE::Graphics': Use DX12Renderer instead
  (编译源文件“CodeFile/Graphics/Drawable/Capsule.cpp”)
  
E:\Projects\Ying-Long-Engine\Ying-Long-Engine\Ying-Long Engine\CodeFile\Graphics\Bindable\VertexBuffer.h(8,33): warning C4996: 'DE::Bindable': Use BindableDX12 instead
  (编译源文件“CodeFile/Graphics/Drawable/Capsule.cpp”)
  
E:\Projects\Ying-Long-Engine\Ying-Long-Engine\Ying-Long Engine\CodeFile\Graphics\Bindable\VertexBuffer.h(13,22): warning C4996: 'DE::Graphics': Use DX12Renderer instead
  (编译源文件“CodeFile/Graphics/Drawable/Capsule.cpp”)
  
E:\Projects\Ying-Long-Engine\Ying-Long-Engine\Ying-Long Engine\CodeFile\Graphics\Bindable\VertexBuffer.h(30,19): warning C4996: 'DE::Graphics': Use DX12Renderer instead
  (编译源文件“CodeFile/Graphics/Drawable/Capsule.cpp”)
  
E:\Projects\Ying-Long-Engine\Ying-Long-Engine\Ying-Long Engine\CodeFile\Graphics\Bindable\VertexBuffer.h(33,13): warning C4996: 'DE::Bindable::GetDevicContext': Use BindableDX12 instead
  (编译源文件“CodeFile/Graphics/Drawable/Capsule.cpp”)
  
E:\Projects\Ying-Long-Engine\Ying-Long-Engine\Ying-Long Engine\CodeFile\Graphics\Bindable\VertexShader.h(10,30): warning C4996: 'DE::Bindable': Use BindableDX12 instead
  (编译源文件“CodeFile/Graphics/Drawable/Capsule.cpp”)
  
E:\Projects\Ying-Long-Engine\Ying-Long-Engine\Ying-Long Engine\CodeFile\Graphics\Bindable\VertexShader.h(14,16): warning C4996: 'DE::Graphics': Use DX12Renderer instead
  (编译源文件“CodeFile/Graphics/Drawable/Capsule.cpp”)
  
E:\Projects\Ying-Long-Engine\Ying-Long-Engine\Ying-Long Engine\CodeFile\Graphics\Bindable\VertexShader.h(17,19): warning C4996: 'DE::Graphics': Use DX12Renderer instead
  (编译源文件“CodeFile/Graphics/Drawable/Capsule.cpp”)
  
E:\Projects\Ying-Long-Engine\Ying-Long-Engine\Ying-Long Engine\CodeFile\Graphics\Bindable\VertexShader.h(19,13): warning C4996: 'DE::Graphics': Use DX12Renderer instead
  (编译源文件“CodeFile/Graphics/Drawable/Capsule.cpp”)
  
E:\Projects\Ying-Long-Engine\Ying-Long-Engine\Ying-Long Engine\CodeFile\Graphics\Bindable\PixelShader.h(10,29): warning C4996: 'DE::Bindable': Use BindableDX12 instead
  (编译源文件“CodeFile/Graphics/Drawable/Capsule.cpp”)
  
E:\Projects\Ying-Long-Engine\Ying-Long-Engine\Ying-Long Engine\CodeFile\Graphics\Bindable\PixelShader.h(14,15): warning C4996: 'DE::Graphics': Use DX12Renderer instead
  (编译源文件“CodeFile/Graphics/Drawable/Capsule.cpp”)
  
E:\Projects\Ying-Long-Engine\Ying-Long-Engine\Ying-Long Engine\CodeFile\Graphics\Bindable\PixelShader.h(17,19): warning C4996: 'DE::Graphics': Use DX12Renderer instead
  (编译源文件“CodeFile/Graphics/Drawable/Capsule.cpp”)
  
E:\Projects\Ying-Long-Engine\Ying-Long-Engine\Ying-Long Engine\CodeFile\Graphics\Bindable\PixelShader.h(19,13): warning C4996: 'DE::Graphics': Use DX12Renderer instead
  (编译源文件“CodeFile/Graphics/Drawable/Capsule.cpp”)
  
E:\Projects\Ying-Long-Engine\Ying-Long-Engine\Ying-Long Engine\CodeFile\Graphics\Bindable\InputLayout.h(6,29): warning C4996: 'DE::Bindable': Use BindableDX12 instead
  (编译源文件“CodeFile/Graphics/Drawable/Capsule.cpp”)
  
E:\Projects\Ying-Long-Engine\Ying-Long-Engine\Ying-Long Engine\CodeFile\Graphics\Bindable\InputLayout.h(9,15): warning C4996: 'DE::Graphics': Use DX12Renderer instead
  (编译源文件“CodeFile/Graphics/Drawable/Capsule.cpp”)
  
E:\Projects\Ying-Long-Engine\Ying-Long-Engine\Ying-Long Engine\CodeFile\Graphics\Bindable\InputLayout.h(11,13): warning C4996: 'DE::Graphics': Use DX12Renderer instead
  (编译源文件“CodeFile/Graphics/Drawable/Capsule.cpp”)
  
E:\Projects\Ying-Long-Engine\Ying-Long-Engine\Ying-Long Engine\CodeFile\Graphics\Bindable\Topology.h(6,26): warning C4996: 'DE::Bindable': Use BindableDX12 instead
  (编译源文件“CodeFile/Graphics/Drawable/Capsule.cpp”)
  
E:\Projects\Ying-Long-Engine\Ying-Long-Engine\Ying-Long Engine\CodeFile\Graphics\Bindable\Topology.h(9,12): warning C4996: 'DE::Graphics': Use DX12Renderer instead
  (编译源文件“CodeFile/Graphics/Drawable/Capsule.cpp”)
  
E:\Projects\Ying-Long-Engine\Ying-Long-Engine\Ying-Long Engine\CodeFile\Graphics\Bindable\Topology.h(10,13): warning C4996: 'DE::Graphics': Use DX12Renderer instead
  (编译源文件“CodeFile/Graphics/Drawable/Capsule.cpp”)
  
E:\Projects\Ying-Long-Engine\Ying-Long-Engine\Ying-Long Engine\CodeFile\Graphics\Bindable\Texture.h(7,25): warning C4996: 'DE::Bindable': Use BindableDX12 instead
  (编译源文件“CodeFile/Graphics/Drawable/Capsule.cpp”)
  
E:\Projects\Ying-Long-Engine\Ying-Long-Engine\Ying-Long Engine\CodeFile\Graphics\Bindable\Texture.h(11,11): warning C4996: 'DE::Graphics': Use DX12Renderer instead
  (编译源文件“CodeFile/Graphics/Drawable/Capsule.cpp”)
  
E:\Projects\Ying-Long-Engine\Ying-Long-Engine\Ying-Long Engine\CodeFile\Graphics\Bindable\Texture.h(14,19): warning C4996: 'DE::Graphics': Use DX12Renderer instead
  (编译源文件“CodeFile/Graphics/Drawable/Capsule.cpp”)
  
E:\Projects\Ying-Long-Engine\Ying-Long-Engine\Ying-Long Engine\CodeFile\Graphics\Bindable\Texture.h(16,13): warning C4996: 'DE::Graphics': Use DX12Renderer instead
  (编译源文件“CodeFile/Graphics/Drawable/Capsule.cpp”)
  
E:\Projects\Ying-Long-Engine\Ying-Long-Engine\Ying-Long Engine\CodeFile\Graphics\Drawable\Capsule.cpp(12,35): warning C4996: 'DE::Graphics': Use DX12Renderer instead
E:\Projects\Ying-Long-Engine\Ying-Long-Engine\Ying-Long Engine\CodeFile\Graphics\Drawable\Capsule.cpp(59,3): warning C4996: 'DE::Drawable::AddBind': Use DX12Drawable instead
E:\Projects\Ying-Long-Engine\Ying-Long-Engine\Ying-Long Engine\CodeFile\Graphics\Drawable\Capsule.cpp(61,3): warning C4996: 'DE::Drawable::AddBind': Use DX12Drawable instead
E:\Projects\Ying-Long-Engine\Ying-Long-Engine\Ying-Long Engine\CodeFile\Graphics\Drawable\DrawableBase.h(38,6): warning C4996: 'DE::Drawable::pIndexBuffer': Use DX12Drawable instead
  (编译源文件“CodeFile/Graphics/Drawable/Box.cpp”)
      E:\Projects\Ying-Long-Engine\Ying-Long-Engine\Ying-Long Engine\CodeFile\Graphics\Drawable\DrawableBase.h(38,6):
      模板实例化上下文(最早的实例化上下文)为
          E:\Projects\Ying-Long-Engine\Ying-Long-Engine\Ying-Long Engine\CodeFile\Graphics\Drawable\Box.h(15,29):
          查看对正在编译的 类 模板 实例化“DE::DrawableBase<DE::BoxDrawable>”的引用
          E:\Projects\Ying-Long-Engine\Ying-Long-Engine\Ying-Long Engine\CodeFile\Graphics\Drawable\DrawableBase.h(32,8):
          在编译 类 模板 成员函数“void DE::DrawableBase<DE::BoxDrawable>::FindIndexBufferFromStatic(void)”时
              E:\Projects\Ying-Long-Engine\Ying-Long-Engine\Ying-Long Engine\CodeFile\Graphics\Drawable\Box.cpp(62,29):
              请参阅 "DE::BoxDrawable::BoxDrawable" 中对 "DE::DrawableBase<DE::BoxDrawable>::FindIndexBufferFromStatic" 的第一个引用
  
E:\Projects\Ying-Long-Engine\Ying-Long-Engine\Ying-Long Engine\CodeFile\Graphics\Drawable\DrawableBase.h(27,4): warning C4996: 'DE::Drawable::pIndexBuffer': Use DX12Drawable instead
  (编译源文件“CodeFile/Graphics/Drawable/Box.cpp”)
      E:\Projects\Ying-Long-Engine\Ying-Long-Engine\Ying-Long Engine\CodeFile\Graphics\Drawable\DrawableBase.h(27,4):
      模板实例化上下文(最早的实例化上下文)为
          E:\Projects\Ying-Long-Engine\Ying-Long-Engine\Ying-Long Engine\CodeFile\Graphics\Drawable\DrawableBase.h(25,8):
          在编译 类 模板 成员函数“void DE::DrawableBase<DE::BoxDrawable>::AddStaticIndexBuffer(std::unique_ptr<DE::IndexBuffer,std::default_delete<DE::IndexBuffer>>) noexcept”时
              E:\Projects\Ying-Long-Engine\Ying-Long-Engine\Ying-Long Engine\CodeFile\Graphics\Drawable\Box.cpp(46,24):
              请参阅 "DE::BoxDrawable::BoxDrawable" 中对 "DE::DrawableBase<DE::BoxDrawable>::AddStaticIndexBuffer" 的第一个引用
  
E:\Projects\Ying-Long-Engine\Ying-Long-Engine\Ying-Long Engine\CodeFile\Graphics\Drawable\DrawableBase.h(28,4): warning C4996: 'DE::Drawable::pIndexBuffer': Use DX12Drawable instead
  (编译源文件“CodeFile/Graphics/Drawable/Box.cpp”)
  
  WARNING: DepthStencil.h is deprecated. Use DepthStencilDX12 instead.
  WARNING: RenderTarget.h is deprecated. Use RenderTargetDX12 instead.
E:\Projects\Ying-Long-Engine\Ying-Long-Engine\Ying-Long Engine\CodeFile\Graphics\Graphics.h(90,19): warning C4996: 'DE::RenderTarget': Use RenderTargetDX12 instead
  (编译源文件“CodeFile/Graphics/Drawable/Drawable.cpp”)
  
E:\Projects\Ying-Long-Engine\Ying-Long-Engine\Ying-Long Engine\CodeFile\Graphics\Graphics.h(91,19): warning C4996: 'DE::RenderTarget': Use RenderTargetDX12 instead
  (编译源文件“CodeFile/Graphics/Drawable/Drawable.cpp”)
  
E:\Projects\Ying-Long-Engine\Ying-Long-Engine\Ying-Long Engine\CodeFile\Graphics\Graphics.h(92,19): warning C4996: 'DE::DepthStencil': Use DepthStencilDX12 instead
  (编译源文件“CodeFile/Graphics/Drawable/Drawable.cpp”)
  
E:\Projects\Ying-Long-Engine\Ying-Long-Engine\Ying-Long Engine\CodeFile\Graphics\Drawable\Drawable.cpp(6,21): warning C4996: 'DE::Drawable': Use DX12Drawable instead
E:\Projects\Ying-Long-Engine\Ying-Long-Engine\Ying-Long Engine\CodeFile\Graphics\Drawable\Drawable.cpp(11,22): warning C4996: 'DE::Graphics': Use DX12Renderer instead
E:\Projects\Ying-Long-Engine\Ying-Long-Engine\Ying-Long Engine\CodeFile\Graphics\Drawable\Drawable.cpp(15,7): warning C4996: 'DE::Bindable::Bind': Use BindableDX12 instead
E:\Projects\Ying-Long-Engine\Ying-Long-Engine\Ying-Long Engine\CodeFile\Graphics\Drawable\Drawable.cpp(19,7): warning C4996: 'DE::Bindable::Bind': Use BindableDX12 instead
E:\Projects\Ying-Long-Engine\Ying-Long-Engine\Ying-Long Engine\CodeFile\Graphics\Drawable\Drawable.cpp(21,12): warning C4996: 'DE::Graphics::DrawIndexed': Use DX12Renderer instead
E:\Projects\Ying-Long-Engine\Ying-Long-Engine\Ying-Long Engine\CodeFile\Graphics\Drawable\Drawable.cpp(24,41): warning C4996: 'DE::Bindable': Use BindableDX12 instead
  WARNING: Bindable.h is deprecated. Use BindableDX12 instead.
  WARNING: Graphics.h is deprecated. Use DX12Renderer instead.
E:\Projects\Ying-Long-Engine\Ying-Long-Engine\Ying-Long Engine\CodeFile\Graphics\Bindable\Texture.h(7,25): warning C4996: 'DE::Bindable': Use BindableDX12 instead
  (编译源文件“CodeFile/Graphics/Drawable/Model.cpp”)
  
E:\Projects\Ying-Long-Engine\Ying-Long-Engine\Ying-Long Engine\CodeFile\Graphics\Drawable\DrawableBase.h(38,6): warning C4996: 'DE::Drawable::pIndexBuffer': Use DX12Drawable instead
  (编译源文件“CodeFile/Graphics/Drawable/Capsule.cpp”)
      E:\Projects\Ying-Long-Engine\Ying-Long-Engine\Ying-Long Engine\CodeFile\Graphics\Drawable\DrawableBase.h(38,6):
      模板实例化上下文(最早的实例化上下文)为
          E:\Projects\Ying-Long-Engine\Ying-Long-Engine\Ying-Long Engine\CodeFile\Graphics\Drawable\Capsule.h(9,33):
          查看对正在编译的 类 模板 实例化“DE::DrawableBase<DE::CapsuleDrawable>”的引用
          E:\Projects\Ying-Long-Engine\Ying-Long-Engine\Ying-Long Engine\CodeFile\Graphics\Drawable\DrawableBase.h(32,8):
          在编译 类 模板 成员函数“void DE::DrawableBase<DE::CapsuleDrawable>::FindIndexBufferFromStatic(void)”时
              E:\Projects\Ying-Long-Engine\Ying-Long-Engine\Ying-Long Engine\CodeFile\Graphics\Drawable\Capsule.cpp(54,29):
              请参阅 "DE::CapsuleDrawable::CapsuleDrawable" 中对 "DE::DrawableBase<DE::CapsuleDrawable>::FindIndexBufferFromStatic" 的第一个引用
  
E:\Projects\Ying-Long-Engine\Ying-Long-Engine\Ying-Long Engine\CodeFile\Graphics\Drawable\DrawableBase.h(27,4): warning C4996: 'DE::Drawable::pIndexBuffer': Use DX12Drawable instead
  (编译源文件“CodeFile/Graphics/Drawable/Capsule.cpp”)
      E:\Projects\Ying-Long-Engine\Ying-Long-Engine\Ying-Long Engine\CodeFile\Graphics\Drawable\DrawableBase.h(27,4):
      模板实例化上下文(最早的实例化上下文)为
          E:\Projects\Ying-Long-Engine\Ying-Long-Engine\Ying-Long Engine\CodeFile\Graphics\Drawable\DrawableBase.h(25,8):
          在编译 类 模板 成员函数“void DE::DrawableBase<DE::CapsuleDrawable>::AddStaticIndexBuffer(std::unique_ptr<DE::IndexBuffer,std::default_delete<DE::IndexBuffer>>) noexcept”时
              E:\Projects\Ying-Long-Engine\Ying-Long-Engine\Ying-Long Engine\CodeFile\Graphics\Drawable\Capsule.cpp(39,24):
              请参阅 "DE::CapsuleDrawable::CapsuleDrawable" 中对 "DE::DrawableBase<DE::CapsuleDrawable>::AddStaticIndexBuffer" 的第一个引用
  
E:\Projects\Ying-Long-Engine\Ying-Long-Engine\Ying-Long Engine\CodeFile\Graphics\Drawable\DrawableBase.h(28,4): warning C4996: 'DE::Drawable::pIndexBuffer': Use DX12Drawable instead
  (编译源文件“CodeFile/Graphics/Drawable/Capsule.cpp”)
  
E:\Projects\Ying-Long-Engine\Ying-Long-Engine\Ying-Long Engine\CodeFile\Graphics\Bindable\IndexBuffer.h(6,29): warning C4996: 'DE::Bindable': Use BindableDX12 instead
  (编译源文件“CodeFile/Graphics/Drawable/Model.cpp”)
  
  WARNING: Drawable.h is deprecated. Use DX12Drawable instead.
E:\Projects\Ying-Long-Engine\Ying-Long-Engine\Ying-Long Engine\CodeFile\Graphics\Bindable\VertexBuffer.h(26,13): warning C4996: 'DE::Graphics': Use DX12Renderer instead
  (编译源文件“CodeFile/Graphics/Drawable/Box.cpp”)
      E:\Projects\Ying-Long-Engine\Ying-Long-Engine\Ying-Long Engine\CodeFile\Graphics\Bindable\VertexBuffer.h(26,13):
      模板实例化上下文(最早的实例化上下文)为
          E:\Projects\Ying-Long-Engine\Ying-Long-Engine\Ying-Long Engine\CodeFile\Graphics\Drawable\Box.cpp(32,23):
          查看对正在编译的函数 模板 实例化“std::unique_ptr<DE::VertexBuffer,std::default_delete<DE::VertexBuffer>> std::make_unique<DE::VertexBuffer,DE::Graphics&,std::vector<T,std::allocator<T>>&,0>(DE::Graphics &,std::vector<T,std::allocator<T>> &)”的引用
          with
          [
              T=DE::BoxDrawable::{ctor}::Vertex
          ]
          C:\Program Files\Microsoft Visual Studio\2022\Community\VC\Tools\MSVC\14.44.35207\include\memory(3630,35):
          查看对正在编译的函数 模板 实例化“DE::VertexBuffer::VertexBuffer<T>(DE::Graphics &,const std::vector<T,std::allocator<T>> &)”的引用
          with
          [
              T=DE::BoxDrawable::{ctor}::Vertex
          ]
  
E:\Projects\Ying-Long-Engine\Ying-Long-Engine\Ying-Long Engine\CodeFile\Graphics\Bindable\VertexBuffer.h(14,9): warning C4996: 'DE::Bindable::~Bindable': Use BindableDX12 instead
  (编译源文件“CodeFile/Graphics/Drawable/Box.cpp”)
  
E:\Projects\Ying-Long-Engine\Ying-Long-Engine\Ying-Long Engine\CodeFile\Graphics\Bindable\VertexBuffer.h(26,13): warning C4996: 'DE::Bindable::GetDevice': Use BindableDX12 instead
  (编译源文件“CodeFile/Graphics/Drawable/Box.cpp”)
  
  WARNING: Bindable.h is deprecated. Use BindableDX12 instead.
E:\Projects\Ying-Long-Engine\Ying-Long-Engine\Setup\PhysX\Includes\foundation\PxPreprocessor.h(444,1): error C1189: #error:  Exactly one of NDEBUG and _DEBUG needs to be defined!
  (编译源文件“CodeFile/Physics/PhysicsGeometry/PhysicsCapsule.cpp”)
  
  PhysicsScene.cpp
E:\Projects\Ying-Long-Engine\Ying-Long-Engine\Ying-Long Engine\CodeFile\Graphics\Drawable\Drawable.h(39,32): warning C4996: 'DE::Bindable': Use BindableDX12 instead
  (编译源文件“CodeFile/Graphics/Drawable/Model.cpp”)
  
E:\Projects\Ying-Long-Engine\Ying-Long-Engine\Ying-Long Engine\CodeFile\Graphics\Drawable\Drawable.h(44,45): warning C4996: 'DE::Bindable': Use BindableDX12 instead
  (编译源文件“CodeFile/Graphics/Drawable/Model.cpp”)
  
E:\Projects\Ying-Long-Engine\Ying-Long-Engine\Ying-Long Engine\CodeFile\Graphics\Bindable\Texture.h(7,25): warning C4996: 'DE::Bindable': Use BindableDX12 instead
  (编译源文件“CodeFile/Graphics/Drawable/Mesh.cpp”)
  
E:\Projects\Ying-Long-Engine\Ying-Long-Engine\Ying-Long Engine\CodeFile\Graphics\Drawable\Drawable.h(47,31): warning C4996: 'DE::Bindable': Use BindableDX12 instead
  (编译源文件“CodeFile/Graphics/Drawable/Model.cpp”)
  
E:\Projects\Ying-Long-Engine\Ying-Long-Engine\Ying-Long Engine\CodeFile\Graphics\Drawable\DrawableBase.h(19,38): warning C4996: 'DE::Bindable': Use BindableDX12 instead
  (编译源文件“CodeFile/Graphics/Drawable/Model.cpp”)
      E:\Projects\Ying-Long-Engine\Ying-Long-Engine\Ying-Long Engine\CodeFile\Graphics\Drawable\DrawableBase.h(19,38):
      模板实例化上下文(最早的实例化上下文)为
          E:\Projects\Ying-Long-Engine\Ying-Long-Engine\Ying-Long Engine\CodeFile\Graphics\Drawable\DrawableBase.h(12,8):
          在编译类模板“DE::DrawableBase”时
  
E:\Projects\Ying-Long-Engine\Ying-Long-Engine\Ying-Long Engine\CodeFile\Graphics\Drawable\DrawableBase.h(46,37): warning C4996: 'DE::Bindable': Use BindableDX12 instead
  (编译源文件“CodeFile/Graphics/Drawable/Model.cpp”)
  
E:\Projects\Ying-Long-Engine\Ying-Long-Engine\Ying-Long Engine\CodeFile\Graphics\Drawable\DrawableBase.h(51,38): warning C4996: 'DE::Bindable': Use BindableDX12 instead
  (编译源文件“CodeFile/Graphics/Drawable/Model.cpp”)
  
  WARNING: DepthStencil.h is deprecated. Use DepthStencilDX12 instead.
  WARNING: RenderTarget.h is deprecated. Use RenderTargetDX12 instead.
E:\Projects\Ying-Long-Engine\Ying-Long-Engine\Ying-Long Engine\CodeFile\Graphics\Drawable\DrawableBase.h(55,30): warning C4996: 'DE::Bindable': Use BindableDX12 instead
  (编译源文件“CodeFile/Graphics/Drawable/Model.cpp”)
  
E:\Projects\Ying-Long-Engine\Ying-Long-Engine\Ying-Long Engine\CodeFile\Graphics\Bindable\InputLayout.h(6,29): warning C4996: 'DE::Bindable': Use BindableDX12 instead
  (编译源文件“CodeFile/Graphics/Drawable/Model.cpp”)
  
  WARNING: Graphics.h is deprecated. Use DX12Renderer instead.
  WARNING: DepthStencil.h is deprecated. Use DepthStencilDX12 instead.
  WARNING: RenderTarget.h is deprecated. Use RenderTargetDX12 instead.
E:\Projects\Ying-Long-Engine\Ying-Long-Engine\Ying-Long Engine\CodeFile\Graphics\Graphics.h(90,19): warning C4996: 'DE::RenderTarget': Use RenderTargetDX12 instead
  (编译源文件“CodeFile/Graphics/Drawable/SolidSphere.cpp”)
  
E:\Projects\Ying-Long-Engine\Ying-Long-Engine\Ying-Long Engine\CodeFile\Graphics\Graphics.h(91,19): warning C4996: 'DE::RenderTarget': Use RenderTargetDX12 instead
  (编译源文件“CodeFile/Graphics/Drawable/SolidSphere.cpp”)
  
E:\Projects\Ying-Long-Engine\Ying-Long-Engine\Ying-Long Engine\CodeFile\Graphics\Graphics.h(92,19): warning C4996: 'DE::DepthStencil': Use DepthStencilDX12 instead
  (编译源文件“CodeFile/Graphics/Drawable/SolidSphere.cpp”)
  
E:\Projects\Ying-Long-Engine\Ying-Long-Engine\Ying-Long Engine\CodeFile\Graphics\Bindable\IndexBuffer.h(6,29): warning C4996: 'DE::Bindable': Use BindableDX12 instead
  (编译源文件“CodeFile/Graphics/Drawable/Mesh.cpp”)
  
  WARNING: Drawable.h is deprecated. Use DX12Drawable instead.
E:\Projects\Ying-Long-Engine\Ying-Long-Engine\Ying-Long Engine\CodeFile\Graphics\Bindable\ConstantBuffers.h(13,15): warning C4996: 'DE::Graphics': Use DX12Renderer instead
  (编译源文件“CodeFile/Graphics/Drawable/SolidSphere.cpp”)
      E:\Projects\Ying-Long-Engine\Ying-Long-Engine\Ying-Long Engine\CodeFile\Graphics\Bindable\ConstantBuffers.h(13,15):
      模板实例化上下文(最早的实例化上下文)为
          E:\Projects\Ying-Long-Engine\Ying-Long-Engine\Ying-Long Engine\CodeFile\Graphics\Bindable\ConstantBuffers.h(8,9):
          在编译类模板“DE::ConstantBuffer”时
  
E:\Projects\Ying-Long-Engine\Ying-Long-Engine\Ying-Long Engine\CodeFile\Graphics\Bindable\ConstantBuffers.h(28,18): warning C4996: 'DE::Graphics': Use DX12Renderer instead
  (编译源文件“CodeFile/Graphics/Drawable/SolidSphere.cpp”)
  
E:\Projects\Ying-Long-Engine\Ying-Long-Engine\Ying-Long Engine\CodeFile\Graphics\Bindable\ConstantBuffers.h(47,18): warning C4996: 'DE::Graphics': Use DX12Renderer instead
  (编译源文件“CodeFile/Graphics/Drawable/SolidSphere.cpp”)
  
E:\Projects\Ying-Long-Engine\Ying-Long-Engine\Ying-Long Engine\CodeFile\Graphics\Bindable\ConstantBuffers.h(77,13): warning C4996: 'DE::Graphics': Use DX12Renderer instead
  (编译源文件“CodeFile/Graphics/Drawable/SolidSphere.cpp”)
      E:\Projects\Ying-Long-Engine\Ying-Long-Engine\Ying-Long Engine\CodeFile\Graphics\Bindable\ConstantBuffers.h(77,13):
      模板实例化上下文(最早的实例化上下文)为
          E:\Projects\Ying-Long-Engine\Ying-Long-Engine\Ying-Long Engine\CodeFile\Graphics\Bindable\ConstantBuffers.h(70,8):
          在编译类模板“DE::VertexConstantBuffer”时
  
E:\Projects\Ying-Long-Engine\Ying-Long-Engine\Ying-Long Engine\CodeFile\Graphics\Bindable\ConstantBuffers.h(91,13): warning C4996: 'DE::Graphics': Use DX12Renderer instead
  (编译源文件“CodeFile/Graphics/Drawable/SolidSphere.cpp”)
      E:\Projects\Ying-Long-Engine\Ying-Long-Engine\Ying-Long Engine\CodeFile\Graphics\Bindable\ConstantBuffers.h(91,13):
      模板实例化上下文(最早的实例化上下文)为
          E:\Projects\Ying-Long-Engine\Ying-Long-Engine\Ying-Long Engine\CodeFile\Graphics\Bindable\ConstantBuffers.h(85,8):
          在编译类模板“DE::PixelConstantBuffer”时
  
E:\Projects\Ying-Long-Engine\Ying-Long-Engine\Ying-Long Engine\CodeFile\Graphics\Bindable\TransformConstantBuffer.h(8,41): warning C4996: 'DE::Bindable': Use BindableDX12 instead
  (编译源文件“CodeFile/Graphics/Drawable/SolidSphere.cpp”)
  
E:\Projects\Ying-Long-Engine\Ying-Long-Engine\Ying-Long Engine\CodeFile\Graphics\Bindable\TransformConstantBuffer.h(11,27): warning C4996: 'DE::Graphics': Use DX12Renderer instead
  (编译源文件“CodeFile/Graphics/Drawable/SolidSphere.cpp”)
  
E:\Projects\Ying-Long-Engine\Ying-Long-Engine\Ying-Long Engine\CodeFile\Graphics\Bindable\TransformConstantBuffer.h(11,53): warning C4996: 'DE::Drawable': Use DX12Drawable instead
  (编译源文件“CodeFile/Graphics/Drawable/SolidSphere.cpp”)
  
E:\Projects\Ying-Long-Engine\Ying-Long-Engine\Ying-Long Engine\CodeFile\Graphics\Bindable\TransformConstantBuffer.h(12,13): warning C4996: 'DE::Graphics': Use DX12Renderer instead
  (编译源文件“CodeFile/Graphics/Drawable/SolidSphere.cpp”)
  
E:\Projects\Ying-Long-Engine\Ying-Long-Engine\Ying-Long Engine\CodeFile\Graphics\Bindable\TransformConstantBuffer.h(22,9): warning C4996: 'DE::Drawable': Use DX12Drawable instead
  (编译源文件“CodeFile/Graphics/Drawable/SolidSphere.cpp”)
  
E:\Projects\Ying-Long-Engine\Ying-Long-Engine\Ying-Long Engine\CodeFile\Graphics\Bindable\SolidColorConstantBuffer.h(14,42): warning C4996: 'DE::Bindable': Use BindableDX12 instead
  (编译源文件“CodeFile/Graphics/Drawable/SolidSphere.cpp”)
  
E:\Projects\Ying-Long-Engine\Ying-Long-Engine\Ying-Long Engine\CodeFile\Graphics\Bindable\SolidColorConstantBuffer.h(17,28): warning C4996: 'DE::Graphics': Use DX12Renderer instead
  (编译源文件“CodeFile/Graphics/Drawable/SolidSphere.cpp”)
  
E:\Projects\Ying-Long-Engine\Ying-Long-Engine\Ying-Long Engine\CodeFile\Graphics\Bindable\SolidColorConstantBuffer.h(18,13): warning C4996: 'DE::Graphics': Use DX12Renderer instead
  (编译源文件“CodeFile/Graphics/Drawable/SolidSphere.cpp”)
  
E:\Projects\Ying-Long-Engine\Ying-Long-Engine\Ying-Long Engine\CodeFile\Graphics\Bindable\VertexShader.h(10,30): warning C4996: 'DE::Bindable': Use BindableDX12 instead
  (编译源文件“CodeFile/Graphics/Drawable/SolidSphere.cpp”)
  
E:\Projects\Ying-Long-Engine\Ying-Long-Engine\Ying-Long Engine\CodeFile\Graphics\Bindable\VertexShader.h(14,16): warning C4996: 'DE::Graphics': Use DX12Renderer instead
  (编译源文件“CodeFile/Graphics/Drawable/SolidSphere.cpp”)
  
E:\Projects\Ying-Long-Engine\Ying-Long-Engine\Ying-Long Engine\CodeFile\Graphics\Bindable\VertexShader.h(17,19): warning C4996: 'DE::Graphics': Use DX12Renderer instead
  (编译源文件“CodeFile/Graphics/Drawable/SolidSphere.cpp”)
  
E:\Projects\Ying-Long-Engine\Ying-Long-Engine\Ying-Long Engine\CodeFile\Graphics\Bindable\VertexShader.h(19,13): warning C4996: 'DE::Graphics': Use DX12Renderer instead
  (编译源文件“CodeFile/Graphics/Drawable/SolidSphere.cpp”)
  
E:\Projects\Ying-Long-Engine\Ying-Long-Engine\Ying-Long Engine\CodeFile\Graphics\Bindable\PixelShader.h(10,29): warning C4996: 'DE::Bindable': Use BindableDX12 instead
  (编译源文件“CodeFile/Graphics/Drawable/SolidSphere.cpp”)
  
E:\Projects\Ying-Long-Engine\Ying-Long-Engine\Ying-Long Engine\CodeFile\Graphics\Bindable\PixelShader.h(14,15): warning C4996: 'DE::Graphics': Use DX12Renderer instead
  (编译源文件“CodeFile/Graphics/Drawable/SolidSphere.cpp”)
  
E:\Projects\Ying-Long-Engine\Ying-Long-Engine\Ying-Long Engine\CodeFile\Graphics\Bindable\PixelShader.h(17,19): warning C4996: 'DE::Graphics': Use DX12Renderer instead
  (编译源文件“CodeFile/Graphics/Drawable/SolidSphere.cpp”)
  
E:\Projects\Ying-Long-Engine\Ying-Long-Engine\Ying-Long Engine\CodeFile\Graphics\Bindable\PixelShader.h(19,13): warning C4996: 'DE::Graphics': Use DX12Renderer instead
  (编译源文件“CodeFile/Graphics/Drawable/SolidSphere.cpp”)
  
E:\Projects\Ying-Long-Engine\Ying-Long-Engine\Ying-Long Engine\CodeFile\Graphics\Bindable\Topology.h(6,26): warning C4996: 'DE::Bindable': Use BindableDX12 instead
  (编译源文件“CodeFile/Graphics/Drawable/SolidSphere.cpp”)
  
E:\Projects\Ying-Long-Engine\Ying-Long-Engine\Ying-Long Engine\CodeFile\Graphics\Bindable\Topology.h(9,12): warning C4996: 'DE::Graphics': Use DX12Renderer instead
  (编译源文件“CodeFile/Graphics/Drawable/SolidSphere.cpp”)
  
E:\Projects\Ying-Long-Engine\Ying-Long-Engine\Ying-Long Engine\CodeFile\Graphics\Bindable\Topology.h(10,13): warning C4996: 'DE::Graphics': Use DX12Renderer instead
  (编译源文件“CodeFile/Graphics/Drawable/SolidSphere.cpp”)
  
E:\Projects\Ying-Long-Engine\Ying-Long-Engine\Ying-Long Engine\CodeFile\Graphics\Graphics.h(90,19): warning C4996: 'DE::RenderTarget': Use RenderTargetDX12 instead
  (编译源文件“CodeFile/Graphics/Graphics.cpp”)
  
E:\Projects\Ying-Long-Engine\Ying-Long-Engine\Ying-Long Engine\CodeFile\Graphics\Graphics.h(91,19): warning C4996: 'DE::RenderTarget': Use RenderTargetDX12 instead
  (编译源文件“CodeFile/Graphics/Graphics.cpp”)
  
E:\Projects\Ying-Long-Engine\Ying-Long-Engine\Ying-Long Engine\CodeFile\Graphics\Graphics.h(92,19): warning C4996: 'DE::DepthStencil': Use DepthStencilDX12 instead
  (编译源文件“CodeFile/Graphics/Graphics.cpp”)
  
E:\Projects\Ying-Long-Engine\Ying-Long-Engine\Ying-Long Engine\CodeFile\Graphics\Graphics.cpp(46,46): warning C4996: 'DE::DepthStencil': Use DepthStencilDX12 instead
E:\Projects\Ying-Long-Engine\Ying-Long-Engine\Ying-Long Engine\CodeFile\Graphics\Graphics.cpp(48,46): warning C4996: 'DE::RenderTarget': Use RenderTargetDX12 instead
E:\Projects\Ying-Long-Engine\Ying-Long-Engine\Ying-Long Engine\CodeFile\Graphics\Graphics.cpp(52,44): warning C4996: 'DE::RenderTarget': Use RenderTargetDX12 instead
E:\Projects\Ying-Long-Engine\Ying-Long-Engine\Ying-Long Engine\CodeFile\Graphics\Graphics.cpp(47,28): warning C4996: 'DE::DepthStencil::InitializeDepthStencil': Use DepthStencilDX12 instead
E:\Projects\Ying-Long-Engine\Ying-Long-Engine\Ying-Long Engine\CodeFile\Graphics\Graphics.cpp(49,28): warning C4996: 'DE::RenderTarget::InitializeRenderTarget': Use RenderTargetDX12 instead
E:\Projects\Ying-Long-Engine\Ying-Long-Engine\Ying-Long Engine\CodeFile\Graphics\Graphics.cpp(53,26): warning C4996: 'DE::RenderTarget::InitializeRenderTarget': Use RenderTargetDX12 instead
E:\Projects\Ying-Long-Engine\Ying-Long-Engine\Ying-Long Engine\CodeFile\Graphics\Graphics.cpp(97,54): warning C4996: 'DE::RenderTarget::GetRenderTargetView': Use RenderTargetDX12 instead
E:\Projects\Ying-Long-Engine\Ying-Long-Engine\Ying-Long Engine\CodeFile\Graphics\Graphics.cpp(101,27): warning C4996: 'DE::RenderTarget::GetRenderTargetView': Use RenderTargetDX12 instead
E:\Projects\Ying-Long-Engine\Ying-Long-Engine\Ying-Long Engine\CodeFile\Graphics\Graphics.cpp(107,27): warning C4996: 'DE::RenderTarget::InitializeRenderTarget': Use RenderTargetDX12 instead
E:\Projects\Ying-Long-Engine\Ying-Long-Engine\Ying-Long Engine\CodeFile\Graphics\Graphics.cpp(116,32): warning C4996: 'DE::RenderTarget::GetRenderTargetView': Use RenderTargetDX12 instead
E:\Projects\Ying-Long-Engine\Ying-Long-Engine\Ying-Long Engine\CodeFile\Graphics\Graphics.cpp(120,29): warning C4996: 'DE::RenderTarget::GetRenderTargetView': Use RenderTargetDX12 instead
E:\Projects\Ying-Long-Engine\Ying-Long-Engine\Ying-Long Engine\CodeFile\Graphics\Graphics.cpp(121,29): warning C4996: 'DE::RenderTarget::GetRenderTargetResource': Use RenderTargetDX12 instead
E:\Projects\Ying-Long-Engine\Ying-Long-Engine\Ying-Long Engine\CodeFile\Graphics\Graphics.cpp(123,29): warning C4996: 'DE::RenderTarget::InitializeRenderTarget': Use RenderTargetDX12 instead
E:\Projects\Ying-Long-Engine\Ying-Long-Engine\Ying-Long Engine\CodeFile\Graphics\Graphics.cpp(128,29): warning C4996: 'DE::DepthStencil::GetDepthStencilView': Use DepthStencilDX12 instead
E:\Projects\Ying-Long-Engine\Ying-Long-Engine\Ying-Long Engine\CodeFile\Graphics\Graphics.cpp(129,29): warning C4996: 'DE::DepthStencil::GetDepthStencilState': Use DepthStencilDX12 instead
E:\Projects\Ying-Long-Engine\Ying-Long-Engine\Ying-Long Engine\CodeFile\Graphics\Graphics.cpp(131,29): warning C4996: 'DE::DepthStencil::InitializeDepthStencil': Use DepthStencilDX12 instead
C:\Program Files\Microsoft Visual Studio\2022\Community\VC\Tools\MSVC\14.44.35207\include\memory(3309,9): warning C4996: 'DE::Bindable::~Bindable': Use BindableDX12 instead
  (编译源文件“CodeFile/Graphics/Drawable/Box.cpp”)
      C:\Program Files\Microsoft Visual Studio\2022\Community\VC\Tools\MSVC\14.44.35207\include\memory(3309,9):
      模板实例化上下文(最早的实例化上下文)为
          E:\Projects\Ying-Long-Engine\Ying-Long-Engine\Ying-Long Engine\CodeFile\Graphics\Drawable\DrawableBase.h(12,8):
          在编译类模板“DE::DrawableBase”时
          E:\Projects\Ying-Long-Engine\Ying-Long-Engine\Ying-Long Engine\CodeFile\Graphics\Drawable\DrawableBase.h(21,4):
          查看对正在编译的 类 模板 实例化“std::unique_ptr<DE::Bindable,std::default_delete<DE::Bindable>>”的引用
          C:\Program Files\Microsoft Visual Studio\2022\Community\VC\Tools\MSVC\14.44.35207\include\memory(3352,92):
          查看对正在编译的 类 模板 实例化“std::default_delete<DE::Bindable>”的引用
          C:\Program Files\Microsoft Visual Studio\2022\Community\VC\Tools\MSVC\14.44.35207\include\memory(3307,23):
          在编译 类 模板 成员函数“void std::default_delete<DE::Bindable>::operator ()(_Ty *) noexcept const”时
          with
          [
              _Ty=DE::Bindable
          ]
              C:\Program Files\Microsoft Visual Studio\2022\Community\VC\Tools\MSVC\14.44.35207\include\memory(3427,33):
              请参阅 "std::unique_ptr<DE::Bindable,std::default_delete<DE::Bindable>>::~unique_ptr" 中对 "std::default_delete<DE::Bindable>::operator ()" 的第一个引用
              E:\Projects\Ying-Long-Engine\Ying-Long-Engine\Ying-Long Engine\CodeFile\Graphics\Drawable\Box.cpp(32,17):
              请参阅 "DE::BoxDrawable::BoxDrawable" 中对 "std::unique_ptr<DE::Bindable,std::default_delete<DE::Bindable>>::~unique_ptr" 的第一个引用
  
E:\Projects\Ying-Long-Engine\Ying-Long-Engine\Ying-Long Engine\CodeFile\Graphics\Graphics.cpp(141,26): warning C4996: 'DE::RenderTarget::BindRenderTarget': Use RenderTargetDX12 instead
E:\Projects\Ying-Long-Engine\Ying-Long-Engine\Ying-Long Engine\CodeFile\Graphics\Graphics.cpp(168,54): warning C4244: “参数”: 从“float”转换到“ImGuiColorEditFlags”，可能丢失数据
E:\Projects\Ying-Long-Engine\Ying-Long-Engine\Ying-Long Engine\CodeFile\Graphics\Graphics.cpp(184,28): warning C4996: 'DE::RenderTarget::BindRenderTarget': Use RenderTargetDX12 instead
E:\Projects\Ying-Long-Engine\Ying-Long-Engine\Ying-Long Engine\CodeFile\Graphics\Graphics.cpp(185,28): warning C4996: 'DE::DepthStencil::BindDepthStencil': Use DepthStencilDX12 instead
E:\Projects\Ying-Long-Engine\Ying-Long-Engine\Ying-Long Engine\CodeFile\Graphics\Graphics.cpp(221,18): warning C4996: 'DE::Graphics': Use DX12Renderer instead
E:\Projects\Ying-Long-Engine\Ying-Long-Engine\Ying-Long Engine\CodeFile\Graphics\Graphics.cpp(283,14): warning C4996: 'DE::Graphics': Use DX12Renderer instead
E:\Projects\Ying-Long-Engine\Ying-Long-Engine\Ying-Long Engine\CodeFile\Graphics\Graphics.cpp(295,14): warning C4996: 'DE::Graphics': Use DX12Renderer instead
E:\Projects\Ying-Long-Engine\Ying-Long-Engine\Ying-Long Engine\CodeFile\Graphics\Graphics.cpp(326,14): warning C4996: 'DE::Graphics': Use DX12Renderer instead
E:\Projects\Ying-Long-Engine\Ying-Long-Engine\Ying-Long Engine\CodeFile\Graphics\Bindable\Texture.h(7,25): warning C4996: 'DE::Bindable': Use BindableDX12 instead
  (编译源文件“CodeFile/Graphics/Drawable/SolidSphere.cpp”)
  
E:\Projects\Ying-Long-Engine\Ying-Long-Engine\Ying-Long Engine\CodeFile\Graphics\Bindable\Texture.h(11,11): warning C4996: 'DE::Graphics': Use DX12Renderer instead
  (编译源文件“CodeFile/Graphics/Drawable/SolidSphere.cpp”)
  
  WARNING: Graphics.h is deprecated. Use DX12Renderer instead.
E:\Projects\Ying-Long-Engine\Ying-Long-Engine\Ying-Long Engine\CodeFile\Graphics\Bindable\Texture.h(14,19): warning C4996: 'DE::Graphics': Use DX12Renderer instead
  (编译源文件“CodeFile/Graphics/Drawable/SolidSphere.cpp”)
  
E:\Projects\Ying-Long-Engine\Ying-Long-Engine\Ying-Long Engine\CodeFile\Graphics\Bindable\Texture.h(16,13): warning C4996: 'DE::Graphics': Use DX12Renderer instead
  (编译源文件“CodeFile/Graphics/Drawable/SolidSphere.cpp”)
  
E:\Projects\Ying-Long-Engine\Ying-Long-Engine\Ying-Long Engine\CodeFile\Graphics\Bindable\VertexBuffer.h(8,33): warning C4996: 'DE::Bindable': Use BindableDX12 instead
  (编译源文件“CodeFile/Graphics/Drawable/SolidSphere.cpp”)
  
E:\Projects\Ying-Long-Engine\Ying-Long-Engine\Ying-Long Engine\CodeFile\Graphics\Bindable\VertexBuffer.h(13,22): warning C4996: 'DE::Graphics': Use DX12Renderer instead
  (编译源文件“CodeFile/Graphics/Drawable/SolidSphere.cpp”)
  
E:\Projects\Ying-Long-Engine\Ying-Long-Engine\Ying-Long Engine\CodeFile\Graphics\Bindable\VertexBuffer.h(30,19): warning C4996: 'DE::Graphics': Use DX12Renderer instead
  (编译源文件“CodeFile/Graphics/Drawable/SolidSphere.cpp”)
  
E:\Projects\Ying-Long-Engine\Ying-Long-Engine\Ying-Long Engine\CodeFile\Graphics\Bindable\VertexBuffer.h(33,13): warning C4996: 'DE::Bindable::GetDevicContext': Use BindableDX12 instead
  (编译源文件“CodeFile/Graphics/Drawable/SolidSphere.cpp”)
  
E:\Projects\Ying-Long-Engine\Ying-Long-Engine\Ying-Long Engine\CodeFile\Graphics\Drawable\SolidSphere.h(21,23): warning C4996: 'DE::Graphics': Use DX12Renderer instead
  (编译源文件“CodeFile/Graphics/Drawable/SolidSphere.cpp”)
  
E:\Projects\Ying-Long-Engine\Ying-Long-Engine\Ying-Long Engine\CodeFile\Graphics\Drawable\SolidSphere.cpp(12,43): warning C4996: 'DE::Graphics': Use DX12Renderer instead
E:\Projects\Ying-Long-Engine\Ying-Long-Engine\Ying-Long Engine\CodeFile\Graphics\Bindable\VertexBuffer.h(26,13): warning C4996: 'DE::Graphics': Use DX12Renderer instead
  (编译源文件“CodeFile/Graphics/Drawable/Capsule.cpp”)
      E:\Projects\Ying-Long-Engine\Ying-Long-Engine\Ying-Long Engine\CodeFile\Graphics\Bindable\VertexBuffer.h(26,13):
      模板实例化上下文(最早的实例化上下文)为
          E:\Projects\Ying-Long-Engine\Ying-Long-Engine\Ying-Long Engine\CodeFile\Graphics\Drawable\Capsule.cpp(25,23):
          查看对正在编译的函数 模板 实例化“std::unique_ptr<DE::VertexBuffer,std::default_delete<DE::VertexBuffer>> std::make_unique<DE::VertexBuffer,DE::Graphics&,std::vector<T,std::allocator<T>>&,0>(DE::Graphics &,std::vector<T,std::allocator<T>> &)”的引用
          with
          [
              T=DE::CapsuleDrawable::{ctor}::Vertex
          ]
          C:\Program Files\Microsoft Visual Studio\2022\Community\VC\Tools\MSVC\14.44.35207\include\memory(3630,35):
          查看对正在编译的函数 模板 实例化“DE::VertexBuffer::VertexBuffer<T>(DE::Graphics &,const std::vector<T,std::allocator<T>> &)”的引用
          with
          [
              T=DE::CapsuleDrawable::{ctor}::Vertex
          ]
  
E:\Projects\Ying-Long-Engine\Ying-Long-Engine\Ying-Long Engine\CodeFile\Graphics\Bindable\VertexBuffer.h(14,9): warning C4996: 'DE::Bindable::~Bindable': Use BindableDX12 instead
  (编译源文件“CodeFile/Graphics/Drawable/Capsule.cpp”)
  
E:\Projects\Ying-Long-Engine\Ying-Long-Engine\Ying-Long Engine\CodeFile\Graphics\Bindable\VertexBuffer.h(26,13): warning C4996: 'DE::Bindable::GetDevice': Use BindableDX12 instead
  (编译源文件“CodeFile/Graphics/Drawable/Capsule.cpp”)
  
E:\Projects\Ying-Long-Engine\Ying-Long-Engine\Ying-Long Engine\CodeFile\Graphics\Drawable\Drawable.h(39,32): warning C4996: 'DE::Bindable': Use BindableDX12 instead
  (编译源文件“CodeFile/Graphics/Drawable/Mesh.cpp”)
  
E:\Projects\Ying-Long-Engine\Ying-Long-Engine\Ying-Long Engine\CodeFile\Graphics\Drawable\Drawable.h(44,45): warning C4996: 'DE::Bindable': Use BindableDX12 instead
  (编译源文件“CodeFile/Graphics/Drawable/Mesh.cpp”)
  
E:\Projects\Ying-Long-Engine\Ying-Long-Engine\Ying-Long Engine\CodeFile\Graphics\Drawable\Drawable.h(47,31): warning C4996: 'DE::Bindable': Use BindableDX12 instead
  (编译源文件“CodeFile/Graphics/Drawable/Mesh.cpp”)
  
E:\Projects\Ying-Long-Engine\Ying-Long-Engine\Ying-Long Engine\CodeFile\Graphics\Drawable\DrawableBase.h(19,38): warning C4996: 'DE::Bindable': Use BindableDX12 instead
  (编译源文件“CodeFile/Graphics/Drawable/Mesh.cpp”)
      E:\Projects\Ying-Long-Engine\Ying-Long-Engine\Ying-Long Engine\CodeFile\Graphics\Drawable\DrawableBase.h(19,38):
      模板实例化上下文(最早的实例化上下文)为
          E:\Projects\Ying-Long-Engine\Ying-Long-Engine\Ying-Long Engine\CodeFile\Graphics\Drawable\DrawableBase.h(12,8):
          在编译类模板“DE::DrawableBase”时
  
E:\Projects\Ying-Long-Engine\Ying-Long-Engine\Ying-Long Engine\CodeFile\Graphics\Drawable\DrawableBase.h(46,37): warning C4996: 'DE::Bindable': Use BindableDX12 instead
  (编译源文件“CodeFile/Graphics/Drawable/Mesh.cpp”)
  
E:\Projects\Ying-Long-Engine\Ying-Long-Engine\Ying-Long Engine\CodeFile\Graphics\Drawable\DrawableBase.h(51,38): warning C4996: 'DE::Bindable': Use BindableDX12 instead
  (编译源文件“CodeFile/Graphics/Drawable/Mesh.cpp”)
  
E:\Projects\Ying-Long-Engine\Ying-Long-Engine\Ying-Long Engine\CodeFile\Graphics\Drawable\DrawableBase.h(55,30): warning C4996: 'DE::Bindable': Use BindableDX12 instead
  (编译源文件“CodeFile/Graphics/Drawable/Mesh.cpp”)
  
E:\Projects\Ying-Long-Engine\Ying-Long-Engine\Ying-Long Engine\CodeFile\Graphics\Bindable\InputLayout.h(6,29): warning C4996: 'DE::Bindable': Use BindableDX12 instead
  (编译源文件“CodeFile/Graphics/Drawable/Mesh.cpp”)
  
  WARNING: Graphics.h is deprecated. Use DX12Renderer instead.
E:\Projects\Ying-Long-Engine\Ying-Long-Engine\Ying-Long Engine\CodeFile\Graphics\Drawable\SolidSphere.cpp(52,3): warning C4996: 'DE::Drawable::AddBind': Use DX12Drawable instead
E:\Projects\Ying-Long-Engine\Ying-Long-Engine\Ying-Long Engine\CodeFile\Graphics\Drawable\SolidSphere.cpp(53,3): warning C4996: 'DE::Drawable::AddBind': Use DX12Drawable instead
C:\Program Files\Microsoft Visual Studio\2022\Community\VC\Tools\MSVC\14.44.35207\include\memory(3630,35): warning C4996: 'DE::DepthStencil::DepthStencil': Use DepthStencilDX12 instead
  (编译源文件“CodeFile/Graphics/Graphics.cpp”)
      C:\Program Files\Microsoft Visual Studio\2022\Community\VC\Tools\MSVC\14.44.35207\include\memory(3630,35):
      模板实例化上下文(最早的实例化上下文)为
          E:\Projects\Ying-Long-Engine\Ying-Long-Engine\Ying-Long Engine\CodeFile\Graphics\Graphics.cpp(46,34):
          查看对正在编译的函数 模板 实例化“std::unique_ptr<DE::DepthStencil,std::default_delete<DE::DepthStencil>> std::make_unique<DE::DepthStencil,,0>(void)”的引用
  
C:\Program Files\Microsoft Visual Studio\2022\Community\VC\Tools\MSVC\14.44.35207\include\memory(3309,9): warning C4996: 'DE::Bindable::~Bindable': Use BindableDX12 instead
  (编译源文件“CodeFile/Graphics/Drawable/Capsule.cpp”)
      C:\Program Files\Microsoft Visual Studio\2022\Community\VC\Tools\MSVC\14.44.35207\include\memory(3309,9):
      模板实例化上下文(最早的实例化上下文)为
          E:\Projects\Ying-Long-Engine\Ying-Long-Engine\Ying-Long Engine\CodeFile\Graphics\Drawable\DrawableBase.h(12,8):
          在编译类模板“DE::DrawableBase”时
          E:\Projects\Ying-Long-Engine\Ying-Long-Engine\Ying-Long Engine\CodeFile\Graphics\Drawable\DrawableBase.h(21,4):
          查看对正在编译的 类 模板 实例化“std::unique_ptr<DE::Bindable,std::default_delete<DE::Bindable>>”的引用
          C:\Program Files\Microsoft Visual Studio\2022\Community\VC\Tools\MSVC\14.44.35207\include\memory(3352,92):
          查看对正在编译的 类 模板 实例化“std::default_delete<DE::Bindable>”的引用
          C:\Program Files\Microsoft Visual Studio\2022\Community\VC\Tools\MSVC\14.44.35207\include\memory(3307,23):
          在编译 类 模板 成员函数“void std::default_delete<DE::Bindable>::operator ()(_Ty *) noexcept const”时
          with
          [
              _Ty=DE::Bindable
          ]
              C:\Program Files\Microsoft Visual Studio\2022\Community\VC\Tools\MSVC\14.44.35207\include\memory(3427,33):
              请参阅 "std::unique_ptr<DE::Bindable,std::default_delete<DE::Bindable>>::~unique_ptr" 中对 "std::default_delete<DE::Bindable>::operator ()" 的第一个引用
              E:\Projects\Ying-Long-Engine\Ying-Long-Engine\Ying-Long Engine\CodeFile\Graphics\Drawable\Capsule.cpp(25,17):
              请参阅 "DE::CapsuleDrawable::CapsuleDrawable" 中对 "std::unique_ptr<DE::Bindable,std::default_delete<DE::Bindable>>::~unique_ptr" 的第一个引用
  
C:\Program Files\Microsoft Visual Studio\2022\Community\VC\Tools\MSVC\14.44.35207\include\memory(3309,9): warning C4996: 'DE::Bindable::~Bindable': Use BindableDX12 instead
  (编译源文件“CodeFile/Graphics/Drawable/Drawable.cpp”)
      C:\Program Files\Microsoft Visual Studio\2022\Community\VC\Tools\MSVC\14.44.35207\include\memory(3309,9):
      模板实例化上下文(最早的实例化上下文)为
          E:\Projects\Ying-Long-Engine\Ying-Long-Engine\Ying-Long Engine\CodeFile\Graphics\Drawable\Drawable.cpp(13,18):
          查看对正在编译的 类 模板 实例化“std::unique_ptr<DE::Bindable,std::default_delete<DE::Bindable>>”的引用
          C:\Program Files\Microsoft Visual Studio\2022\Community\VC\Tools\MSVC\14.44.35207\include\memory(3352,92):
          查看对正在编译的 类 模板 实例化“std::default_delete<DE::Bindable>”的引用
          C:\Program Files\Microsoft Visual Studio\2022\Community\VC\Tools\MSVC\14.44.35207\include\memory(3307,23):
          在编译 类 模板 成员函数“void std::default_delete<DE::Bindable>::operator ()(_Ty *) noexcept const”时
          with
          [
              _Ty=DE::Bindable
          ]
              C:\Program Files\Microsoft Visual Studio\2022\Community\VC\Tools\MSVC\14.44.35207\include\memory(3427,33):
              请参阅 "std::unique_ptr<DE::Bindable,std::default_delete<DE::Bindable>>::~unique_ptr" 中对 "std::default_delete<DE::Bindable>::operator ()" 的第一个引用
              E:\Projects\Ying-Long-Engine\Ying-Long-Engine\Ying-Long Engine\CodeFile\Graphics\Drawable\Drawable.cpp(24,51):
              请参阅 "DE::Drawable::AddBind" 中对 "std::unique_ptr<DE::Bindable,std::default_delete<DE::Bindable>>::~unique_ptr" 的第一个引用
  
  WARNING: DepthStencil.h is deprecated. Use DepthStencilDX12 instead.
  WARNING: RenderTarget.h is deprecated. Use RenderTargetDX12 instead.
  WARNING: Graphics.h is deprecated. Use DX12Renderer instead.
E:\Projects\Ying-Long-Engine\Ying-Long-Engine\Ying-Long Engine\CodeFile\Graphics\Graphics.h(90,19): warning C4996: 'DE::RenderTarget': Use RenderTargetDX12 instead
  (编译源文件“CodeFile/Graphics/Drawable/Model.cpp”)
  
E:\Projects\Ying-Long-Engine\Ying-Long-Engine\Ying-Long Engine\CodeFile\Graphics\Graphics.h(91,19): warning C4996: 'DE::RenderTarget': Use RenderTargetDX12 instead
  (编译源文件“CodeFile/Graphics/Drawable/Model.cpp”)
  
E:\Projects\Ying-Long-Engine\Ying-Long-Engine\Ying-Long Engine\CodeFile\Graphics\Graphics.h(92,19): warning C4996: 'DE::DepthStencil': Use DepthStencilDX12 instead
  (编译源文件“CodeFile/Graphics/Drawable/Model.cpp”)
  
E:\Projects\Ying-Long-Engine\Ying-Long-Engine\Ying-Long Engine\CodeFile\Graphics\Bindable\ConstantBuffers.h(13,15): warning C4996: 'DE::Graphics': Use DX12Renderer instead
  (编译源文件“CodeFile/Graphics/Drawable/Model.cpp”)
      E:\Projects\Ying-Long-Engine\Ying-Long-Engine\Ying-Long Engine\CodeFile\Graphics\Bindable\ConstantBuffers.h(13,15):
      模板实例化上下文(最早的实例化上下文)为
          E:\Projects\Ying-Long-Engine\Ying-Long-Engine\Ying-Long Engine\CodeFile\Graphics\Bindable\ConstantBuffers.h(8,9):
          在编译类模板“DE::ConstantBuffer”时
  
E:\Projects\Ying-Long-Engine\Ying-Long-Engine\Ying-Long Engine\CodeFile\Graphics\Bindable\ConstantBuffers.h(28,18): warning C4996: 'DE::Graphics': Use DX12Renderer instead
  (编译源文件“CodeFile/Graphics/Drawable/Model.cpp”)
  
E:\Projects\Ying-Long-Engine\Ying-Long-Engine\Ying-Long Engine\CodeFile\Graphics\Bindable\ConstantBuffers.h(47,18): warning C4996: 'DE::Graphics': Use DX12Renderer instead
  (编译源文件“CodeFile/Graphics/Drawable/Model.cpp”)
  
E:\Projects\Ying-Long-Engine\Ying-Long-Engine\Ying-Long Engine\CodeFile\Graphics\Bindable\ConstantBuffers.h(77,13): warning C4996: 'DE::Graphics': Use DX12Renderer instead
  (编译源文件“CodeFile/Graphics/Drawable/Model.cpp”)
      E:\Projects\Ying-Long-Engine\Ying-Long-Engine\Ying-Long Engine\CodeFile\Graphics\Bindable\ConstantBuffers.h(77,13):
      模板实例化上下文(最早的实例化上下文)为
          E:\Projects\Ying-Long-Engine\Ying-Long-Engine\Ying-Long Engine\CodeFile\Graphics\Bindable\ConstantBuffers.h(70,8):
          在编译类模板“DE::VertexConstantBuffer”时
  
E:\Projects\Ying-Long-Engine\Ying-Long-Engine\Ying-Long Engine\CodeFile\Graphics\Bindable\ConstantBuffers.h(91,13): warning C4996: 'DE::Graphics': Use DX12Renderer instead
  (编译源文件“CodeFile/Graphics/Drawable/Model.cpp”)
      E:\Projects\Ying-Long-Engine\Ying-Long-Engine\Ying-Long Engine\CodeFile\Graphics\Bindable\ConstantBuffers.h(91,13):
      模板实例化上下文(最早的实例化上下文)为
          E:\Projects\Ying-Long-Engine\Ying-Long-Engine\Ying-Long Engine\CodeFile\Graphics\Bindable\ConstantBuffers.h(85,8):
          在编译类模板“DE::PixelConstantBuffer”时
  
E:\Projects\Ying-Long-Engine\Ying-Long-Engine\Ying-Long Engine\CodeFile\Graphics\Bindable\TransformConstantBuffer.h(8,41): warning C4996: 'DE::Bindable': Use BindableDX12 instead
  (编译源文件“CodeFile/Graphics/Drawable/Model.cpp”)
  
E:\Projects\Ying-Long-Engine\Ying-Long-Engine\Ying-Long Engine\CodeFile\Graphics\Bindable\TransformConstantBuffer.h(11,27): warning C4996: 'DE::Graphics': Use DX12Renderer instead
  (编译源文件“CodeFile/Graphics/Drawable/Model.cpp”)
  
E:\Projects\Ying-Long-Engine\Ying-Long-Engine\Ying-Long Engine\CodeFile\Graphics\Bindable\TransformConstantBuffer.h(11,53): warning C4996: 'DE::Drawable': Use DX12Drawable instead
  (编译源文件“CodeFile/Graphics/Drawable/Model.cpp”)
  
E:\Projects\Ying-Long-Engine\Ying-Long-Engine\Ying-Long Engine\CodeFile\Graphics\Bindable\TransformConstantBuffer.h(12,13): warning C4996: 'DE::Graphics': Use DX12Renderer instead
  (编译源文件“CodeFile/Graphics/Drawable/Model.cpp”)
  
E:\Projects\Ying-Long-Engine\Ying-Long-Engine\Ying-Long Engine\CodeFile\Graphics\Bindable\TransformConstantBuffer.h(22,9): warning C4996: 'DE::Drawable': Use DX12Drawable instead
  (编译源文件“CodeFile/Graphics/Drawable/Model.cpp”)
  
E:\Projects\Ying-Long-Engine\Ying-Long-Engine\Ying-Long Engine\CodeFile\Graphics\Bindable\VertexShader.h(10,30): warning C4996: 'DE::Bindable': Use BindableDX12 instead
  (编译源文件“CodeFile/Graphics/Drawable/Model.cpp”)
  
E:\Projects\Ying-Long-Engine\Ying-Long-Engine\Ying-Long Engine\CodeFile\Graphics\Bindable\VertexShader.h(14,16): warning C4996: 'DE::Graphics': Use DX12Renderer instead
  (编译源文件“CodeFile/Graphics/Drawable/Model.cpp”)
  
E:\Projects\Ying-Long-Engine\Ying-Long-Engine\Ying-Long Engine\CodeFile\Graphics\Bindable\VertexShader.h(17,19): warning C4996: 'DE::Graphics': Use DX12Renderer instead
  (编译源文件“CodeFile/Graphics/Drawable/Model.cpp”)
  
E:\Projects\Ying-Long-Engine\Ying-Long-Engine\Ying-Long Engine\CodeFile\Graphics\Bindable\VertexShader.h(19,13): warning C4996: 'DE::Graphics': Use DX12Renderer instead
  (编译源文件“CodeFile/Graphics/Drawable/Model.cpp”)
  
E:\Projects\Ying-Long-Engine\Ying-Long-Engine\Ying-Long Engine\CodeFile\Graphics\Bindable\PixelShader.h(10,29): warning C4996: 'DE::Bindable': Use BindableDX12 instead
  (编译源文件“CodeFile/Graphics/Drawable/Model.cpp”)
  
E:\Projects\Ying-Long-Engine\Ying-Long-Engine\Ying-Long Engine\CodeFile\Graphics\Bindable\PixelShader.h(14,15): warning C4996: 'DE::Graphics': Use DX12Renderer instead
  (编译源文件“CodeFile/Graphics/Drawable/Model.cpp”)
  
E:\Projects\Ying-Long-Engine\Ying-Long-Engine\Ying-Long Engine\CodeFile\Graphics\Bindable\PixelShader.h(17,19): warning C4996: 'DE::Graphics': Use DX12Renderer instead
  (编译源文件“CodeFile/Graphics/Drawable/Model.cpp”)
  
E:\Projects\Ying-Long-Engine\Ying-Long-Engine\Ying-Long Engine\CodeFile\Graphics\Drawable\DrawableBase.h(38,6): warning C4996: 'DE::Drawable::pIndexBuffer': Use DX12Drawable instead
  (编译源文件“CodeFile/Graphics/Drawable/SolidSphere.cpp”)
      E:\Projects\Ying-Long-Engine\Ying-Long-Engine\Ying-Long Engine\CodeFile\Graphics\Drawable\DrawableBase.h(38,6):
      模板实例化上下文(最早的实例化上下文)为
          E:\Projects\Ying-Long-Engine\Ying-Long-Engine\Ying-Long Engine\CodeFile\Graphics\Drawable\SolidSphere.h(17,37):
          查看对正在编译的 类 模板 实例化“DE::DrawableBase<DE::SolidSphereDrawable>”的引用
          E:\Projects\Ying-Long-Engine\Ying-Long-Engine\Ying-Long Engine\CodeFile\Graphics\Drawable\DrawableBase.h(32,8):
          在编译 类 模板 成员函数“void DE::DrawableBase<DE::SolidSphereDrawable>::FindIndexBufferFromStatic(void)”时
              E:\Projects\Ying-Long-Engine\Ying-Long-Engine\Ying-Long Engine\CodeFile\Graphics\Drawable\SolidSphere.cpp(49,29):
              请参阅 "DE::SolidSphereDrawable::SolidSphereDrawable" 中对 "DE::DrawableBase<DE::SolidSphereDrawable>::FindIndexBufferFromStatic" 的第一个引用
  
E:\Projects\Ying-Long-Engine\Ying-Long-Engine\Ying-Long Engine\CodeFile\Graphics\Bindable\PixelShader.h(19,13): warning C4996: 'DE::Graphics': Use DX12Renderer instead
  (编译源文件“CodeFile/Graphics/Drawable/Model.cpp”)
  
E:\Projects\Ying-Long-Engine\Ying-Long-Engine\Ying-Long Engine\CodeFile\Graphics\Bindable\Topology.h(6,26): warning C4996: 'DE::Bindable': Use BindableDX12 instead
  (编译源文件“CodeFile/Graphics/Drawable/Model.cpp”)
  
E:\Projects\Ying-Long-Engine\Ying-Long-Engine\Ying-Long Engine\CodeFile\Graphics\Drawable\DrawableBase.h(27,4): warning C4996: 'DE::Drawable::pIndexBuffer': Use DX12Drawable instead
  (编译源文件“CodeFile/Graphics/Drawable/SolidSphere.cpp”)
      E:\Projects\Ying-Long-Engine\Ying-Long-Engine\Ying-Long Engine\CodeFile\Graphics\Drawable\DrawableBase.h(27,4):
      模板实例化上下文(最早的实例化上下文)为
          E:\Projects\Ying-Long-Engine\Ying-Long-Engine\Ying-Long Engine\CodeFile\Graphics\Drawable\DrawableBase.h(25,8):
          在编译 类 模板 成员函数“void DE::DrawableBase<DE::SolidSphereDrawable>::AddStaticIndexBuffer(std::unique_ptr<DE::IndexBuffer,std::default_delete<DE::IndexBuffer>>) noexcept”时
              E:\Projects\Ying-Long-Engine\Ying-Long-Engine\Ying-Long Engine\CodeFile\Graphics\Drawable\SolidSphere.cpp(28,24):
              请参阅 "DE::SolidSphereDrawable::SolidSphereDrawable" 中对 "DE::DrawableBase<DE::SolidSphereDrawable>::AddStaticIndexBuffer" 的第一个引用
  
E:\Projects\Ying-Long-Engine\Ying-Long-Engine\Ying-Long Engine\CodeFile\Graphics\Bindable\Topology.h(9,12): warning C4996: 'DE::Graphics': Use DX12Renderer instead
  (编译源文件“CodeFile/Graphics/Drawable/Model.cpp”)
  
E:\Projects\Ying-Long-Engine\Ying-Long-Engine\Ying-Long Engine\CodeFile\Graphics\Drawable\DrawableBase.h(28,4): warning C4996: 'DE::Drawable::pIndexBuffer': Use DX12Drawable instead
  (编译源文件“CodeFile/Graphics/Drawable/SolidSphere.cpp”)
  
E:\Projects\Ying-Long-Engine\Ying-Long-Engine\Ying-Long Engine\CodeFile\Graphics\Bindable\Topology.h(10,13): warning C4996: 'DE::Graphics': Use DX12Renderer instead
  (编译源文件“CodeFile/Graphics/Drawable/Model.cpp”)
  
E:\Projects\Ying-Long-Engine\Ying-Long-Engine\Ying-Long Engine\CodeFile\Graphics\Bindable\Sampler.h(6,25): warning C4996: 'DE::Bindable': Use BindableDX12 instead
  (编译源文件“CodeFile/Graphics/Drawable/Model.cpp”)
  
E:\Projects\Ying-Long-Engine\Ying-Long-Engine\Ying-Long Engine\CodeFile\Graphics\Bindable\Sampler.h(10,11): warning C4996: 'DE::Graphics': Use DX12Renderer instead
  (编译源文件“CodeFile/Graphics/Drawable/Model.cpp”)
  
E:\Projects\Ying-Long-Engine\Ying-Long-Engine\Ying-Long Engine\CodeFile\Graphics\Bindable\Sampler.h(13,26): warning C4996: 'DE::Graphics': Use DX12Renderer instead
  (编译源文件“CodeFile/Graphics/Drawable/Model.cpp”)
  
E:\Projects\Ying-Long-Engine\Ying-Long-Engine\Ying-Long Engine\CodeFile\Graphics\Bindable\Sampler.h(15,13): warning C4996: 'DE::Graphics': Use DX12Renderer instead
  (编译源文件“CodeFile/Graphics/Drawable/Model.cpp”)
  
E:\Projects\Ying-Long-Engine\Ying-Long-Engine\Ying-Long Engine\CodeFile\Graphics\Bindable\SolidColorConstantBuffer.h(14,42): warning C4996: 'DE::Bindable': Use BindableDX12 instead
  (编译源文件“CodeFile/Graphics/Drawable/Model.cpp”)
  
E:\Projects\Ying-Long-Engine\Ying-Long-Engine\Ying-Long Engine\CodeFile\Graphics\Bindable\SolidColorConstantBuffer.h(17,28): warning C4996: 'DE::Graphics': Use DX12Renderer instead
  (编译源文件“CodeFile/Graphics/Drawable/Model.cpp”)
  
E:\Projects\Ying-Long-Engine\Ying-Long-Engine\Ying-Long Engine\CodeFile\Graphics\Bindable\SolidColorConstantBuffer.h(18,13): warning C4996: 'DE::Graphics': Use DX12Renderer instead
  (编译源文件“CodeFile/Graphics/Drawable/Model.cpp”)
  
E:\Projects\Ying-Long-Engine\Ying-Long-Engine\Ying-Long Engine\CodeFile\Graphics\Bindable\VertexBuffer.h(8,33): warning C4996: 'DE::Bindable': Use BindableDX12 instead
  (编译源文件“CodeFile/Graphics/Drawable/Model.cpp”)
  
E:\Projects\Ying-Long-Engine\Ying-Long-Engine\Ying-Long Engine\CodeFile\Graphics\Bindable\VertexBuffer.h(13,22): warning C4996: 'DE::Graphics': Use DX12Renderer instead
  (编译源文件“CodeFile/Graphics/Drawable/Model.cpp”)
  
E:\Projects\Ying-Long-Engine\Ying-Long-Engine\Ying-Long Engine\CodeFile\Graphics\Bindable\VertexBuffer.h(30,19): warning C4996: 'DE::Graphics': Use DX12Renderer instead
  (编译源文件“CodeFile/Graphics/Drawable/Model.cpp”)
  
E:\Projects\Ying-Long-Engine\Ying-Long-Engine\Ying-Long Engine\CodeFile\Graphics\Bindable\VertexBuffer.h(33,13): warning C4996: 'DE::Bindable::GetDevicContext': Use BindableDX12 instead
  (编译源文件“CodeFile/Graphics/Drawable/Model.cpp”)
  
E:\Projects\Ying-Long-Engine\Ying-Long-Engine\Ying-Long Engine\CodeFile\Graphics\Drawable\SolidSphere.h(21,23): warning C4996: 'DE::Graphics': Use DX12Renderer instead
  (编译源文件“CodeFile/Graphics/Drawable/Model.cpp”)
  
E:\Projects\Ying-Long-Engine\Ying-Long-Engine\Ying-Long Engine\CodeFile\Graphics\Light\PointLight.h(43,14): warning C4996: 'DE::Graphics': Use DX12Renderer instead
  (编译源文件“CodeFile/Graphics/Drawable/Model.cpp”)
  
E:\Projects\Ying-Long-Engine\Ying-Long-Engine\Ying-Long Engine\CodeFile\Graphics\Light\PointLight.h(47,13): warning C4996: 'DE::Graphics': Use DX12Renderer instead
  (编译源文件“CodeFile/Graphics/Drawable/Model.cpp”)
  
E:\Projects\Ying-Long-Engine\Ying-Long-Engine\Ying-Long Engine\CodeFile\Graphics\Drawable\Mesh.h(50,19): warning C4996: 'DE::Graphics': Use DX12Renderer instead
  (编译源文件“CodeFile/Graphics/Drawable/Model.cpp”)
  
E:\Projects\Ying-Long-Engine\Ying-Long-Engine\Ying-Long Engine\CodeFile\Graphics\Drawable\Mesh.h(56,13): warning C4996: 'DE::Graphics': Use DX12Renderer instead
  (编译源文件“CodeFile/Graphics/Drawable/Model.cpp”)
  
E:\Projects\Ying-Long-Engine\Ying-Long-Engine\Ying-Long Engine\CodeFile\Graphics\Bindable\ConstantBuffers.h(11,3): warning C4996: 'DE::Bindable::~Bindable': Use BindableDX12 instead
  (编译源文件“CodeFile/Graphics/Drawable/Model.cpp”)
      E:\Projects\Ying-Long-Engine\Ying-Long-Engine\Ying-Long Engine\CodeFile\Graphics\Bindable\ConstantBuffers.h(99,1):
      参见对函数 "DE::ConstantBuffer<C>::ConstantBuffer(void)" 的引用
          with
          [
              C=DE::MaterialCBufferData
          ]
  
E:\Projects\Ying-Long-Engine\Ying-Long-Engine\Ying-Long Engine\CodeFile\Graphics\Drawable\Mesh.h(66,8): warning C4996: 'DE::Graphics': Use DX12Renderer instead
  (编译源文件“CodeFile/Graphics/Drawable/Model.cpp”)
  
E:\Projects\Ying-Long-Engine\Ying-Long-Engine\Ying-Long Engine\CodeFile\Graphics\Drawable\Model.h(12,9): warning C4996: 'DE::Graphics': Use DX12Renderer instead
  (编译源文件“CodeFile/Graphics/Drawable/Model.cpp”)
  
E:\Projects\Ying-Long-Engine\Ying-Long-Engine\Ying-Long Engine\CodeFile\Graphics\Drawable\Model.h(15,13): warning C4996: 'DE::Graphics': Use DX12Renderer instead
  (编译源文件“CodeFile/Graphics/Drawable/Model.cpp”)
  
E:\Projects\Ying-Long-Engine\Ying-Long-Engine\Ying-Long Engine\CodeFile\Graphics\Drawable\Model.cpp(13,15): warning C4996: 'DE::Graphics': Use DX12Renderer instead
E:\Projects\Ying-Long-Engine\Ying-Long-Engine\Ying-Long Engine\CodeFile\Graphics\Drawable\Model.cpp(51,19): warning C4996: 'DE::Graphics': Use DX12Renderer instead
E:\Projects\Ying-Long-Engine\Ying-Long-Engine\Ying-Long Engine\CodeFile\Graphics\Drawable\Model.cpp(59,10): warning C4996: 'DE::Drawable::Draw': Use DX12Drawable instead
  WARNING: DepthStencil.h is deprecated. Use DepthStencilDX12 instead.
  WARNING: RenderTarget.h is deprecated. Use RenderTargetDX12 instead.
E:\Projects\Ying-Long-Engine\Ying-Long-Engine\Ying-Long Engine\CodeFile\Graphics\Graphics.h(90,19): warning C4996: 'DE::RenderTarget': Use RenderTargetDX12 instead
  (编译源文件“CodeFile/Graphics/Drawable/Mesh.cpp”)
  
E:\Projects\Ying-Long-Engine\Ying-Long-Engine\Ying-Long Engine\CodeFile\Graphics\Graphics.h(91,19): warning C4996: 'DE::RenderTarget': Use RenderTargetDX12 instead
  (编译源文件“CodeFile/Graphics/Drawable/Mesh.cpp”)
  
E:\Projects\Ying-Long-Engine\Ying-Long-Engine\Ying-Long Engine\CodeFile\Graphics\Graphics.h(92,19): warning C4996: 'DE::DepthStencil': Use DepthStencilDX12 instead
  (编译源文件“CodeFile/Graphics/Drawable/Mesh.cpp”)
  
E:\Projects\Ying-Long-Engine\Ying-Long-Engine\Ying-Long Engine\CodeFile\Graphics\Bindable\ConstantBuffers.h(13,15): warning C4996: 'DE::Graphics': Use DX12Renderer instead
  (编译源文件“CodeFile/Graphics/Drawable/Mesh.cpp”)
      E:\Projects\Ying-Long-Engine\Ying-Long-Engine\Ying-Long Engine\CodeFile\Graphics\Bindable\ConstantBuffers.h(13,15):
      模板实例化上下文(最早的实例化上下文)为
          E:\Projects\Ying-Long-Engine\Ying-Long-Engine\Ying-Long Engine\CodeFile\Graphics\Bindable\ConstantBuffers.h(8,9):
          在编译类模板“DE::ConstantBuffer”时
  
E:\Projects\Ying-Long-Engine\Ying-Long-Engine\Ying-Long Engine\CodeFile\Graphics\Bindable\ConstantBuffers.h(28,18): warning C4996: 'DE::Graphics': Use DX12Renderer instead
  (编译源文件“CodeFile/Graphics/Drawable/Mesh.cpp”)
  
E:\Projects\Ying-Long-Engine\Ying-Long-Engine\Ying-Long Engine\CodeFile\Graphics\Bindable\ConstantBuffers.h(47,18): warning C4996: 'DE::Graphics': Use DX12Renderer instead
  (编译源文件“CodeFile/Graphics/Drawable/Mesh.cpp”)
  
E:\Projects\Ying-Long-Engine\Ying-Long-Engine\Ying-Long Engine\CodeFile\Graphics\Bindable\ConstantBuffers.h(77,13): warning C4996: 'DE::Graphics': Use DX12Renderer instead
  (编译源文件“CodeFile/Graphics/Drawable/Mesh.cpp”)
      E:\Projects\Ying-Long-Engine\Ying-Long-Engine\Ying-Long Engine\CodeFile\Graphics\Bindable\ConstantBuffers.h(77,13):
      模板实例化上下文(最早的实例化上下文)为
          E:\Projects\Ying-Long-Engine\Ying-Long-Engine\Ying-Long Engine\CodeFile\Graphics\Bindable\ConstantBuffers.h(70,8):
          在编译类模板“DE::VertexConstantBuffer”时
  
E:\Projects\Ying-Long-Engine\Ying-Long-Engine\Ying-Long Engine\CodeFile\Graphics\Bindable\ConstantBuffers.h(91,13): warning C4996: 'DE::Graphics': Use DX12Renderer instead
  (编译源文件“CodeFile/Graphics/Drawable/Mesh.cpp”)
      E:\Projects\Ying-Long-Engine\Ying-Long-Engine\Ying-Long Engine\CodeFile\Graphics\Bindable\ConstantBuffers.h(91,13):
      模板实例化上下文(最早的实例化上下文)为
          E:\Projects\Ying-Long-Engine\Ying-Long-Engine\Ying-Long Engine\CodeFile\Graphics\Bindable\ConstantBuffers.h(85,8):
          在编译类模板“DE::PixelConstantBuffer”时
  
E:\Projects\Ying-Long-Engine\Ying-Long-Engine\Ying-Long Engine\CodeFile\Graphics\Bindable\TransformConstantBuffer.h(8,41): warning C4996: 'DE::Bindable': Use BindableDX12 instead
  (编译源文件“CodeFile/Graphics/Drawable/Mesh.cpp”)
  
E:\Projects\Ying-Long-Engine\Ying-Long-Engine\Ying-Long Engine\CodeFile\Graphics\Bindable\TransformConstantBuffer.h(11,27): warning C4996: 'DE::Graphics': Use DX12Renderer instead
  (编译源文件“CodeFile/Graphics/Drawable/Mesh.cpp”)
  
E:\Projects\Ying-Long-Engine\Ying-Long-Engine\Ying-Long Engine\CodeFile\Graphics\Bindable\TransformConstantBuffer.h(11,53): warning C4996: 'DE::Drawable': Use DX12Drawable instead
  (编译源文件“CodeFile/Graphics/Drawable/Mesh.cpp”)
  
E:\Projects\Ying-Long-Engine\Ying-Long-Engine\Ying-Long Engine\CodeFile\Graphics\Bindable\TransformConstantBuffer.h(12,13): warning C4996: 'DE::Graphics': Use DX12Renderer instead
  (编译源文件“CodeFile/Graphics/Drawable/Mesh.cpp”)
  
E:\Projects\Ying-Long-Engine\Ying-Long-Engine\Ying-Long Engine\CodeFile\Graphics\Bindable\TransformConstantBuffer.h(22,9): warning C4996: 'DE::Drawable': Use DX12Drawable instead
  (编译源文件“CodeFile/Graphics/Drawable/Mesh.cpp”)
  
E:\Projects\Ying-Long-Engine\Ying-Long-Engine\Ying-Long Engine\CodeFile\Graphics\Bindable\VertexShader.h(10,30): warning C4996: 'DE::Bindable': Use BindableDX12 instead
  (编译源文件“CodeFile/Graphics/Drawable/Mesh.cpp”)
  
E:\Projects\Ying-Long-Engine\Ying-Long-Engine\Ying-Long Engine\CodeFile\Graphics\Bindable\VertexShader.h(14,16): warning C4996: 'DE::Graphics': Use DX12Renderer instead
  (编译源文件“CodeFile/Graphics/Drawable/Mesh.cpp”)
  
E:\Projects\Ying-Long-Engine\Ying-Long-Engine\Ying-Long Engine\CodeFile\Graphics\Bindable\VertexShader.h(17,19): warning C4996: 'DE::Graphics': Use DX12Renderer instead
  (编译源文件“CodeFile/Graphics/Drawable/Mesh.cpp”)
  
E:\Projects\Ying-Long-Engine\Ying-Long-Engine\Ying-Long Engine\CodeFile\Graphics\Bindable\VertexShader.h(19,13): warning C4996: 'DE::Graphics': Use DX12Renderer instead
  (编译源文件“CodeFile/Graphics/Drawable/Mesh.cpp”)
  
E:\Projects\Ying-Long-Engine\Ying-Long-Engine\Ying-Long Engine\CodeFile\Graphics\Bindable\PixelShader.h(10,29): warning C4996: 'DE::Bindable': Use BindableDX12 instead
  (编译源文件“CodeFile/Graphics/Drawable/Mesh.cpp”)
  
E:\Projects\Ying-Long-Engine\Ying-Long-Engine\Ying-Long Engine\CodeFile\Graphics\Bindable\PixelShader.h(14,15): warning C4996: 'DE::Graphics': Use DX12Renderer instead
  (编译源文件“CodeFile/Graphics/Drawable/Mesh.cpp”)
  
E:\Projects\Ying-Long-Engine\Ying-Long-Engine\Ying-Long Engine\CodeFile\Graphics\Bindable\PixelShader.h(17,19): warning C4996: 'DE::Graphics': Use DX12Renderer instead
  (编译源文件“CodeFile/Graphics/Drawable/Mesh.cpp”)
  
E:\Projects\Ying-Long-Engine\Ying-Long-Engine\Ying-Long Engine\CodeFile\Graphics\Bindable\PixelShader.h(19,13): warning C4996: 'DE::Graphics': Use DX12Renderer instead
  (编译源文件“CodeFile/Graphics/Drawable/Mesh.cpp”)
  
E:\Projects\Ying-Long-Engine\Ying-Long-Engine\Ying-Long Engine\CodeFile\Graphics\Bindable\Topology.h(6,26): warning C4996: 'DE::Bindable': Use BindableDX12 instead
  (编译源文件“CodeFile/Graphics/Drawable/Mesh.cpp”)
  
E:\Projects\Ying-Long-Engine\Ying-Long-Engine\Ying-Long Engine\CodeFile\Graphics\Bindable\Topology.h(9,12): warning C4996: 'DE::Graphics': Use DX12Renderer instead
  (编译源文件“CodeFile/Graphics/Drawable/Mesh.cpp”)
  
E:\Projects\Ying-Long-Engine\Ying-Long-Engine\Ying-Long Engine\CodeFile\Graphics\Bindable\Topology.h(10,13): warning C4996: 'DE::Graphics': Use DX12Renderer instead
  (编译源文件“CodeFile/Graphics/Drawable/Mesh.cpp”)
  
E:\Projects\Ying-Long-Engine\Ying-Long-Engine\Ying-Long Engine\CodeFile\Graphics\Bindable\Sampler.h(6,25): warning C4996: 'DE::Bindable': Use BindableDX12 instead
  (编译源文件“CodeFile/Graphics/Drawable/Mesh.cpp”)
  
E:\Projects\Ying-Long-Engine\Ying-Long-Engine\Ying-Long Engine\CodeFile\Graphics\Bindable\Sampler.h(10,11): warning C4996: 'DE::Graphics': Use DX12Renderer instead
  (编译源文件“CodeFile/Graphics/Drawable/Mesh.cpp”)
  
E:\Projects\Ying-Long-Engine\Ying-Long-Engine\Ying-Long Engine\CodeFile\Graphics\Bindable\Sampler.h(13,26): warning C4996: 'DE::Graphics': Use DX12Renderer instead
  (编译源文件“CodeFile/Graphics/Drawable/Mesh.cpp”)
  
E:\Projects\Ying-Long-Engine\Ying-Long-Engine\Ying-Long Engine\CodeFile\Graphics\Bindable\Sampler.h(15,13): warning C4996: 'DE::Graphics': Use DX12Renderer instead
  (编译源文件“CodeFile/Graphics/Drawable/Mesh.cpp”)
  
E:\Projects\Ying-Long-Engine\Ying-Long-Engine\Ying-Long Engine\CodeFile\Graphics\Bindable\SolidColorConstantBuffer.h(14,42): warning C4996: 'DE::Bindable': Use BindableDX12 instead
  (编译源文件“CodeFile/Graphics/Drawable/Mesh.cpp”)
  
E:\Projects\Ying-Long-Engine\Ying-Long-Engine\Ying-Long Engine\CodeFile\Graphics\Bindable\SolidColorConstantBuffer.h(17,28): warning C4996: 'DE::Graphics': Use DX12Renderer instead
  (编译源文件“CodeFile/Graphics/Drawable/Mesh.cpp”)
  
E:\Projects\Ying-Long-Engine\Ying-Long-Engine\Ying-Long Engine\CodeFile\Graphics\Bindable\SolidColorConstantBuffer.h(18,13): warning C4996: 'DE::Graphics': Use DX12Renderer instead
  (编译源文件“CodeFile/Graphics/Drawable/Mesh.cpp”)
  
E:\Projects\Ying-Long-Engine\Ying-Long-Engine\Ying-Long Engine\CodeFile\Graphics\Bindable\VertexBuffer.h(8,33): warning C4996: 'DE::Bindable': Use BindableDX12 instead
  (编译源文件“CodeFile/Graphics/Drawable/Mesh.cpp”)
  
E:\Projects\Ying-Long-Engine\Ying-Long-Engine\Ying-Long Engine\CodeFile\Graphics\Bindable\VertexBuffer.h(13,22): warning C4996: 'DE::Graphics': Use DX12Renderer instead
  (编译源文件“CodeFile/Graphics/Drawable/Mesh.cpp”)
  
E:\Projects\Ying-Long-Engine\Ying-Long-Engine\Ying-Long Engine\CodeFile\Graphics\Bindable\VertexBuffer.h(30,19): warning C4996: 'DE::Graphics': Use DX12Renderer instead
  (编译源文件“CodeFile/Graphics/Drawable/Mesh.cpp”)
  
E:\Projects\Ying-Long-Engine\Ying-Long-Engine\Ying-Long Engine\CodeFile\Graphics\Bindable\VertexBuffer.h(33,13): warning C4996: 'DE::Bindable::GetDevicContext': Use BindableDX12 instead
  (编译源文件“CodeFile/Graphics/Drawable/Mesh.cpp”)
  
E:\Projects\Ying-Long-Engine\Ying-Long-Engine\Ying-Long Engine\CodeFile\Graphics\Drawable\SolidSphere.h(21,23): warning C4996: 'DE::Graphics': Use DX12Renderer instead
  (编译源文件“CodeFile/Graphics/Drawable/Mesh.cpp”)
  
E:\Projects\Ying-Long-Engine\Ying-Long-Engine\Setup\PhysX\Includes\foundation\PxPreprocessor.h(444,1): error C1189: #error:  Exactly one of NDEBUG and _DEBUG needs to be defined!
  (编译源文件“CodeFile/Physics/PhysicsScene/PhysicsScene.cpp”)
  
E:\Projects\Ying-Long-Engine\Ying-Long-Engine\Ying-Long Engine\CodeFile\Graphics\Light\PointLight.h(43,14): warning C4996: 'DE::Graphics': Use DX12Renderer instead
  (编译源文件“CodeFile/Graphics/Drawable/Mesh.cpp”)
  
E:\Projects\Ying-Long-Engine\Ying-Long-Engine\Ying-Long Engine\CodeFile\Graphics\Light\PointLight.h(47,13): warning C4996: 'DE::Graphics': Use DX12Renderer instead
  (编译源文件“CodeFile/Graphics/Drawable/Mesh.cpp”)
  
E:\Projects\Ying-Long-Engine\Ying-Long-Engine\Ying-Long Engine\CodeFile\Graphics\Drawable\Mesh.h(50,19): warning C4996: 'DE::Graphics': Use DX12Renderer instead
  (编译源文件“CodeFile/Graphics/Drawable/Mesh.cpp”)
  
E:\Projects\Ying-Long-Engine\Ying-Long-Engine\Ying-Long Engine\CodeFile\Graphics\Drawable\Mesh.h(56,13): warning C4996: 'DE::Graphics': Use DX12Renderer instead
  (编译源文件“CodeFile/Graphics/Drawable/Mesh.cpp”)
  
E:\Projects\Ying-Long-Engine\Ying-Long-Engine\Ying-Long Engine\CodeFile\Graphics\Bindable\ConstantBuffers.h(11,3): warning C4996: 'DE::Bindable::~Bindable': Use BindableDX12 instead
  (编译源文件“CodeFile/Graphics/Drawable/Mesh.cpp”)
      E:\Projects\Ying-Long-Engine\Ying-Long-Engine\Ying-Long Engine\CodeFile\Graphics\Bindable\ConstantBuffers.h(99,1):
      参见对函数 "DE::ConstantBuffer<C>::ConstantBuffer(void)" 的引用
          with
          [
              C=DE::MaterialCBufferData
          ]
  
E:\Projects\Ying-Long-Engine\Ying-Long-Engine\Ying-Long Engine\CodeFile\Graphics\Drawable\Mesh.h(66,8): warning C4996: 'DE::Graphics': Use DX12Renderer instead
  (编译源文件“CodeFile/Graphics/Drawable/Mesh.cpp”)
  
E:\Projects\Ying-Long-Engine\Ying-Long-Engine\Ying-Long Engine\CodeFile\Graphics\Drawable\Mesh.cpp(5,13): warning C4996: 'DE::Graphics': Use DX12Renderer instead
  WARNING: DepthStencil.h is deprecated. Use DepthStencilDX12 instead.
  WARNING: RenderTarget.h is deprecated. Use RenderTargetDX12 instead.
E:\Projects\Ying-Long-Engine\Ying-Long-Engine\Ying-Long Engine\CodeFile\Graphics\Drawable\Mesh.cpp(37,3): warning C4996: 'DE::Drawable::AddBind': Use DX12Drawable instead
E:\Projects\Ying-Long-Engine\Ying-Long-Engine\Ying-Long Engine\CodeFile\Graphics\Drawable\Mesh.cpp(38,3): warning C4996: 'DE::Drawable::AddIndexBuffer': Use DX12Drawable instead
E:\Projects\Ying-Long-Engine\Ying-Long-Engine\Ying-Long Engine\CodeFile\Graphics\Drawable\Mesh.cpp(40,3): warning C4996: 'DE::Drawable::AddBind': Use DX12Drawable instead
E:\Projects\Ying-Long-Engine\Ying-Long-Engine\Ying-Long Engine\CodeFile\Graphics\Drawable\Mesh.cpp(43,4): warning C4996: 'DE::Drawable::AddBind': Use DX12Drawable instead
E:\Projects\Ying-Long-Engine\Ying-Long-Engine\Ying-Long Engine\CodeFile\Graphics\Drawable\Mesh.cpp(47,4): warning C4996: 'DE::Drawable::AddBind': Use DX12Drawable instead
E:\Projects\Ying-Long-Engine\Ying-Long-Engine\Ying-Long Engine\CodeFile\Graphics\Drawable\Mesh.cpp(51,4): warning C4996: 'DE::Drawable::AddBind': Use DX12Drawable instead
E:\Projects\Ying-Long-Engine\Ying-Long-Engine\Ying-Long Engine\CodeFile\Graphics\Drawable\Mesh.cpp(54,3): warning C4996: 'DE::Drawable::AddBind': Use DX12Drawable instead
E:\Projects\Ying-Long-Engine\Ying-Long-Engine\Ying-Long Engine\CodeFile\Graphics\Drawable\Mesh.cpp(56,3): warning C4996: 'DE::Drawable::AddBind': Use DX12Drawable instead
E:\Projects\Ying-Long-Engine\Ying-Long-Engine\Ying-Long Engine\CodeFile\Graphics\Drawable\Mesh.cpp(69,29): warning C4996: 'DE::Graphics': Use DX12Renderer instead
E:\Projects\Ying-Long-Engine\Ying-Long-Engine\Ying-Long Engine\CodeFile\Graphics\Graphics.h(90,19): warning C4996: 'DE::RenderTarget': Use RenderTargetDX12 instead
  (编译源文件“CodeFile/Graphics/Light/LightManager.cpp”)
  
E:\Projects\Ying-Long-Engine\Ying-Long-Engine\Ying-Long Engine\CodeFile\Graphics\Graphics.h(91,19): warning C4996: 'DE::RenderTarget': Use RenderTargetDX12 instead
  (编译源文件“CodeFile/Graphics/Light/LightManager.cpp”)
  
E:\Projects\Ying-Long-Engine\Ying-Long-Engine\Ying-Long Engine\CodeFile\Graphics\Graphics.h(92,19): warning C4996: 'DE::DepthStencil': Use DepthStencilDX12 instead
  (编译源文件“CodeFile/Graphics/Light/LightManager.cpp”)
  
  WARNING: Bindable.h is deprecated. Use BindableDX12 instead.
E:\Projects\Ying-Long-Engine\Ying-Long-Engine\Ying-Long Engine\CodeFile\Graphics\Bindable\ConstantBuffers.h(13,15): warning C4996: 'DE::Graphics': Use DX12Renderer instead
  (编译源文件“CodeFile/Graphics/Light/LightManager.cpp”)
      E:\Projects\Ying-Long-Engine\Ying-Long-Engine\Ying-Long Engine\CodeFile\Graphics\Bindable\ConstantBuffers.h(13,15):
      模板实例化上下文(最早的实例化上下文)为
          E:\Projects\Ying-Long-Engine\Ying-Long-Engine\Ying-Long Engine\CodeFile\Graphics\Bindable\ConstantBuffers.h(8,9):
          在编译类模板“DE::ConstantBuffer”时
  
E:\Projects\Ying-Long-Engine\Ying-Long-Engine\Ying-Long Engine\CodeFile\Graphics\Bindable\ConstantBuffers.h(28,18): warning C4996: 'DE::Graphics': Use DX12Renderer instead
  (编译源文件“CodeFile/Graphics/Light/LightManager.cpp”)
  
E:\Projects\Ying-Long-Engine\Ying-Long-Engine\Ying-Long Engine\CodeFile\Graphics\Bindable\ConstantBuffers.h(47,18): warning C4996: 'DE::Graphics': Use DX12Renderer instead
  (编译源文件“CodeFile/Graphics/Light/LightManager.cpp”)
  
E:\Projects\Ying-Long-Engine\Ying-Long-Engine\Ying-Long Engine\CodeFile\Graphics\Bindable\ConstantBuffers.h(77,13): warning C4996: 'DE::Graphics': Use DX12Renderer instead
  (编译源文件“CodeFile/Graphics/Light/LightManager.cpp”)
      E:\Projects\Ying-Long-Engine\Ying-Long-Engine\Ying-Long Engine\CodeFile\Graphics\Bindable\ConstantBuffers.h(77,13):
      模板实例化上下文(最早的实例化上下文)为
          E:\Projects\Ying-Long-Engine\Ying-Long-Engine\Ying-Long Engine\CodeFile\Graphics\Bindable\ConstantBuffers.h(70,8):
          在编译类模板“DE::VertexConstantBuffer”时
  
E:\Projects\Ying-Long-Engine\Ying-Long-Engine\Ying-Long Engine\CodeFile\Graphics\Bindable\ConstantBuffers.h(91,13): warning C4996: 'DE::Graphics': Use DX12Renderer instead
  (编译源文件“CodeFile/Graphics/Light/LightManager.cpp”)
      E:\Projects\Ying-Long-Engine\Ying-Long-Engine\Ying-Long Engine\CodeFile\Graphics\Bindable\ConstantBuffers.h(91,13):
      模板实例化上下文(最早的实例化上下文)为
          E:\Projects\Ying-Long-Engine\Ying-Long-Engine\Ying-Long Engine\CodeFile\Graphics\Bindable\ConstantBuffers.h(85,8):
          在编译类模板“DE::PixelConstantBuffer”时
  
E:\Projects\Ying-Long-Engine\Ying-Long-Engine\Ying-Long Engine\CodeFile\Graphics\Bindable\VertexBuffer.h(26,13): warning C4996: 'DE::Graphics': Use DX12Renderer instead
  (编译源文件“CodeFile/Graphics/Drawable/SolidSphere.cpp”)
      E:\Projects\Ying-Long-Engine\Ying-Long-Engine\Ying-Long Engine\CodeFile\Graphics\Bindable\VertexBuffer.h(26,13):
      模板实例化上下文(最早的实例化上下文)为
          E:\Projects\Ying-Long-Engine\Ying-Long-Engine\Ying-Long Engine\CodeFile\Graphics\Drawable\SolidSphere.cpp(27,23):
          查看对正在编译的函数 模板 实例化“std::unique_ptr<DE::VertexBuffer,std::default_delete<DE::VertexBuffer>> std::make_unique<DE::VertexBuffer,DE::Graphics&,std::vector<T,std::allocator<T>>&,0>(DE::Graphics &,std::vector<T,std::allocator<T>> &)”的引用
          with
          [
              T=DE::SolidSphereDrawable::{ctor}::Vertex
          ]
          C:\Program Files\Microsoft Visual Studio\2022\Community\VC\Tools\MSVC\14.44.35207\include\memory(3630,35):
          查看对正在编译的函数 模板 实例化“DE::VertexBuffer::VertexBuffer<T>(DE::Graphics &,const std::vector<T,std::allocator<T>> &)”的引用
          with
          [
              T=DE::SolidSphereDrawable::{ctor}::Vertex
          ]
  
E:\Projects\Ying-Long-Engine\Ying-Long-Engine\Ying-Long Engine\CodeFile\Graphics\Bindable\VertexBuffer.h(14,9): warning C4996: 'DE::Bindable::~Bindable': Use BindableDX12 instead
  (编译源文件“CodeFile/Graphics/Drawable/SolidSphere.cpp”)
  
E:\Projects\Ying-Long-Engine\Ying-Long-Engine\Ying-Long Engine\CodeFile\Graphics\Bindable\VertexBuffer.h(26,13): warning C4996: 'DE::Bindable::GetDevice': Use BindableDX12 instead
  (编译源文件“CodeFile/Graphics/Drawable/SolidSphere.cpp”)
  
E:\Projects\Ying-Long-Engine\Ying-Long-Engine\Ying-Long Engine\CodeFile\Graphics\Bindable\IndexBuffer.h(6,29): warning C4996: 'DE::Bindable': Use BindableDX12 instead
  (编译源文件“CodeFile/Graphics/Light/LightManager.cpp”)
  
E:\Projects\Ying-Long-Engine\Ying-Long-Engine\Ying-Long Engine\CodeFile\Graphics\Bindable\IndexBuffer.h(9,15): warning C4996: 'DE::Graphics': Use DX12Renderer instead
  (编译源文件“CodeFile/Graphics/Light/LightManager.cpp”)
  
E:\Projects\Ying-Long-Engine\Ying-Long-Engine\Ying-Long Engine\CodeFile\Graphics\Bindable\IndexBuffer.h(10,13): warning C4996: 'DE::Graphics': Use DX12Renderer instead
  (编译源文件“CodeFile/Graphics/Light/LightManager.cpp”)
  
  WARNING: Drawable.h is deprecated. Use DX12Drawable instead.
E:\Projects\Ying-Long-Engine\Ying-Long-Engine\Ying-Long Engine\CodeFile\Graphics\Drawable\Drawable.h(37,13): warning C4996: 'DE::Graphics': Use DX12Renderer instead
  (编译源文件“CodeFile/Graphics/Light/LightManager.cpp”)
  
E:\Projects\Ying-Long-Engine\Ying-Long-Engine\Ying-Long Engine\CodeFile\Graphics\Drawable\Drawable.h(39,32): warning C4996: 'DE::Bindable': Use BindableDX12 instead
  (编译源文件“CodeFile/Graphics/Light/LightManager.cpp”)
  
E:\Projects\Ying-Long-Engine\Ying-Long-Engine\Ying-Long Engine\CodeFile\Graphics\Drawable\Drawable.h(44,45): warning C4996: 'DE::Bindable': Use BindableDX12 instead
  (编译源文件“CodeFile/Graphics/Light/LightManager.cpp”)
  
E:\Projects\Ying-Long-Engine\Ying-Long-Engine\Ying-Long Engine\CodeFile\Graphics\Drawable\Drawable.h(47,31): warning C4996: 'DE::Bindable': Use BindableDX12 instead
  (编译源文件“CodeFile/Graphics/Light/LightManager.cpp”)
  
C:\Program Files\Microsoft Visual Studio\2022\Community\VC\Tools\MSVC\14.44.35207\include\memory(3309,9): warning C4996: 'DE::DepthStencil::~DepthStencil': Use DepthStencilDX12 instead
  (编译源文件“CodeFile/Graphics/Graphics.cpp”)
      C:\Program Files\Microsoft Visual Studio\2022\Community\VC\Tools\MSVC\14.44.35207\include\memory(3309,9):
      模板实例化上下文(最早的实例化上下文)为
          E:\Projects\Ying-Long-Engine\Ying-Long-Engine\Ying-Long Engine\CodeFile\Graphics\Graphics.h(92,33):
          查看对正在编译的 类 模板 实例化“std::unique_ptr<DE::DepthStencil,std::default_delete<DE::DepthStencil>>”的引用
          C:\Program Files\Microsoft Visual Studio\2022\Community\VC\Tools\MSVC\14.44.35207\include\memory(3352,92):
          查看对正在编译的 类 模板 实例化“std::default_delete<DE::DepthStencil>”的引用
          C:\Program Files\Microsoft Visual Studio\2022\Community\VC\Tools\MSVC\14.44.35207\include\memory(3307,23):
          在编译 类 模板 成员函数“void std::default_delete<DE::DepthStencil>::operator ()(_Ty *) noexcept const”时
          with
          [
              _Ty=DE::DepthStencil
          ]
              C:\Program Files\Microsoft Visual Studio\2022\Community\VC\Tools\MSVC\14.44.35207\include\memory(3427,33):
              请参阅 "std::unique_ptr<DE::DepthStencil,std::default_delete<DE::DepthStencil>>::~unique_ptr" 中对 "std::default_delete<DE::DepthStencil>::operator ()" 的第一个引用
              E:\Projects\Ying-Long-Engine\Ying-Long-Engine\Ying-Long Engine\CodeFile\Graphics\Graphics.cpp(6,2):
              请参阅 "DE::Graphics::Graphics" 中对 "std::unique_ptr<DE::DepthStencil,std::default_delete<DE::DepthStencil>>::~unique_ptr" 的第一个引用
  
E:\Projects\Ying-Long-Engine\Ying-Long-Engine\Ying-Long Engine\CodeFile\Graphics\Drawable\DrawableBase.h(19,38): warning C4996: 'DE::Bindable': Use BindableDX12 instead
  (编译源文件“CodeFile/Graphics/Light/LightManager.cpp”)
      E:\Projects\Ying-Long-Engine\Ying-Long-Engine\Ying-Long Engine\CodeFile\Graphics\Drawable\DrawableBase.h(19,38):
      模板实例化上下文(最早的实例化上下文)为
          E:\Projects\Ying-Long-Engine\Ying-Long-Engine\Ying-Long Engine\CodeFile\Graphics\Drawable\DrawableBase.h(12,8):
          在编译类模板“DE::DrawableBase”时
  
E:\Projects\Ying-Long-Engine\Ying-Long-Engine\Ying-Long Engine\CodeFile\Graphics\Drawable\DrawableBase.h(46,37): warning C4996: 'DE::Bindable': Use BindableDX12 instead
  (编译源文件“CodeFile/Graphics/Light/LightManager.cpp”)
  
E:\Projects\Ying-Long-Engine\Ying-Long-Engine\Ying-Long Engine\CodeFile\Graphics\Drawable\DrawableBase.h(51,38): warning C4996: 'DE::Bindable': Use BindableDX12 instead
  (编译源文件“CodeFile/Graphics/Light/LightManager.cpp”)
  
E:\Projects\Ying-Long-Engine\Ying-Long-Engine\Ying-Long Engine\CodeFile\Graphics\Drawable\DrawableBase.h(55,30): warning C4996: 'DE::Bindable': Use BindableDX12 instead
  (编译源文件“CodeFile/Graphics/Light/LightManager.cpp”)
  
E:\Projects\Ying-Long-Engine\Ying-Long-Engine\Ying-Long Engine\CodeFile\Graphics\Bindable\InputLayout.h(6,29): warning C4996: 'DE::Bindable': Use BindableDX12 instead
  (编译源文件“CodeFile/Graphics/Light/LightManager.cpp”)
  
E:\Projects\Ying-Long-Engine\Ying-Long-Engine\Ying-Long Engine\CodeFile\Graphics\Bindable\InputLayout.h(9,15): warning C4996: 'DE::Graphics': Use DX12Renderer instead
  (编译源文件“CodeFile/Graphics/Light/LightManager.cpp”)
  
E:\Projects\Ying-Long-Engine\Ying-Long-Engine\Ying-Long Engine\CodeFile\Graphics\Bindable\InputLayout.h(11,13): warning C4996: 'DE::Graphics': Use DX12Renderer instead
  (编译源文件“CodeFile/Graphics/Light/LightManager.cpp”)
  
E:\Projects\Ying-Long-Engine\Ying-Long-Engine\Ying-Long Engine\CodeFile\Graphics\Bindable\TransformConstantBuffer.h(8,41): warning C4996: 'DE::Bindable': Use BindableDX12 instead
  (编译源文件“CodeFile/Graphics/Light/LightManager.cpp”)
  
E:\Projects\Ying-Long-Engine\Ying-Long-Engine\Ying-Long Engine\CodeFile\Graphics\Bindable\TransformConstantBuffer.h(11,27): warning C4996: 'DE::Graphics': Use DX12Renderer instead
  (编译源文件“CodeFile/Graphics/Light/LightManager.cpp”)
  
E:\Projects\Ying-Long-Engine\Ying-Long-Engine\Ying-Long Engine\CodeFile\Graphics\Bindable\TransformConstantBuffer.h(11,53): warning C4996: 'DE::Drawable': Use DX12Drawable instead
  (编译源文件“CodeFile/Graphics/Light/LightManager.cpp”)
  
E:\Projects\Ying-Long-Engine\Ying-Long-Engine\Ying-Long Engine\CodeFile\Graphics\Bindable\TransformConstantBuffer.h(12,13): warning C4996: 'DE::Graphics': Use DX12Renderer instead
  (编译源文件“CodeFile/Graphics/Light/LightManager.cpp”)
  
E:\Projects\Ying-Long-Engine\Ying-Long-Engine\Ying-Long Engine\CodeFile\Graphics\Bindable\TransformConstantBuffer.h(22,9): warning C4996: 'DE::Drawable': Use DX12Drawable instead
  (编译源文件“CodeFile/Graphics/Light/LightManager.cpp”)
  
E:\Projects\Ying-Long-Engine\Ying-Long-Engine\Ying-Long Engine\CodeFile\Graphics\Bindable\SolidColorConstantBuffer.h(14,42): warning C4996: 'DE::Bindable': Use BindableDX12 instead
  (编译源文件“CodeFile/Graphics/Light/LightManager.cpp”)
  
E:\Projects\Ying-Long-Engine\Ying-Long-Engine\Ying-Long Engine\CodeFile\Graphics\Bindable\SolidColorConstantBuffer.h(17,28): warning C4996: 'DE::Graphics': Use DX12Renderer instead
  (编译源文件“CodeFile/Graphics/Light/LightManager.cpp”)
  
E:\Projects\Ying-Long-Engine\Ying-Long-Engine\Ying-Long Engine\CodeFile\Graphics\Bindable\SolidColorConstantBuffer.h(18,13): warning C4996: 'DE::Graphics': Use DX12Renderer instead
  (编译源文件“CodeFile/Graphics/Light/LightManager.cpp”)
  
E:\Projects\Ying-Long-Engine\Ying-Long-Engine\Ying-Long Engine\CodeFile\Graphics\Bindable\VertexShader.h(10,30): warning C4996: 'DE::Bindable': Use BindableDX12 instead
  (编译源文件“CodeFile/Graphics/Light/LightManager.cpp”)
  
E:\Projects\Ying-Long-Engine\Ying-Long-Engine\Ying-Long Engine\CodeFile\Graphics\Bindable\VertexShader.h(14,16): warning C4996: 'DE::Graphics': Use DX12Renderer instead
  (编译源文件“CodeFile/Graphics/Light/LightManager.cpp”)
  
E:\Projects\Ying-Long-Engine\Ying-Long-Engine\Ying-Long Engine\CodeFile\Graphics\Bindable\VertexShader.h(17,19): warning C4996: 'DE::Graphics': Use DX12Renderer instead
  (编译源文件“CodeFile/Graphics/Light/LightManager.cpp”)
  
E:\Projects\Ying-Long-Engine\Ying-Long-Engine\Ying-Long Engine\CodeFile\Graphics\Bindable\VertexShader.h(19,13): warning C4996: 'DE::Graphics': Use DX12Renderer instead
  (编译源文件“CodeFile/Graphics/Light/LightManager.cpp”)
  
E:\Projects\Ying-Long-Engine\Ying-Long-Engine\Ying-Long Engine\CodeFile\Graphics\Bindable\PixelShader.h(10,29): warning C4996: 'DE::Bindable': Use BindableDX12 instead
  (编译源文件“CodeFile/Graphics/Light/LightManager.cpp”)
  
E:\Projects\Ying-Long-Engine\Ying-Long-Engine\Ying-Long Engine\CodeFile\Graphics\Bindable\PixelShader.h(14,15): warning C4996: 'DE::Graphics': Use DX12Renderer instead
  (编译源文件“CodeFile/Graphics/Light/LightManager.cpp”)
  
E:\Projects\Ying-Long-Engine\Ying-Long-Engine\Ying-Long Engine\CodeFile\Graphics\Bindable\PixelShader.h(17,19): warning C4996: 'DE::Graphics': Use DX12Renderer instead
  (编译源文件“CodeFile/Graphics/Light/LightManager.cpp”)
  
E:\Projects\Ying-Long-Engine\Ying-Long-Engine\Ying-Long Engine\CodeFile\Graphics\Bindable\PixelShader.h(19,13): warning C4996: 'DE::Graphics': Use DX12Renderer instead
  (编译源文件“CodeFile/Graphics/Light/LightManager.cpp”)
  
E:\Projects\Ying-Long-Engine\Ying-Long-Engine\Ying-Long Engine\CodeFile\Graphics\Bindable\Topology.h(6,26): warning C4996: 'DE::Bindable': Use BindableDX12 instead
  (编译源文件“CodeFile/Graphics/Light/LightManager.cpp”)
  
E:\Projects\Ying-Long-Engine\Ying-Long-Engine\Ying-Long Engine\CodeFile\Graphics\Bindable\Topology.h(9,12): warning C4996: 'DE::Graphics': Use DX12Renderer instead
  (编译源文件“CodeFile/Graphics/Light/LightManager.cpp”)
  
E:\Projects\Ying-Long-Engine\Ying-Long-Engine\Ying-Long Engine\CodeFile\Graphics\Bindable\Topology.h(10,13): warning C4996: 'DE::Graphics': Use DX12Renderer instead
  (编译源文件“CodeFile/Graphics/Light/LightManager.cpp”)
  
E:\Projects\Ying-Long-Engine\Ying-Long-Engine\Ying-Long Engine\CodeFile\Graphics\Bindable\ConstantBuffers.h(59,4): warning C4996: 'DE::Graphics': Use DX12Renderer instead
  (编译源文件“CodeFile/Graphics/Drawable/Model.cpp”)
      E:\Projects\Ying-Long-Engine\Ying-Long-Engine\Ying-Long Engine\CodeFile\Graphics\Bindable\ConstantBuffers.h(59,4):
      模板实例化上下文(最早的实例化上下文)为
          E:\Projects\Ying-Long-Engine\Ying-Long-Engine\Ying-Long Engine\CodeFile\Graphics\Drawable\Mesh.h(43,33):
          查看对正在编译的 类 模板 实例化“DE::PixelConstantBuffer<DE::MaterialCBufferData>”的引用
          E:\Projects\Ying-Long-Engine\Ying-Long-Engine\Ying-Long Engine\CodeFile\Graphics\Bindable\ConstantBuffers.h(85,37):
          查看对正在编译的 类 模板 实例化“DE::ConstantBuffer<C>”的引用
          with
          [
              C=DE::MaterialCBufferData
          ]
          E:\Projects\Ying-Long-Engine\Ying-Long-Engine\Ying-Long Engine\CodeFile\Graphics\Bindable\ConstantBuffers.h(47,3):
          在编译 类 模板 成员函数“DE::ConstantBuffer<C>::ConstantBuffer(DE::Graphics &,UINT)”时
          with
          [
              C=DE::MaterialCBufferData
          ]
              E:\Projects\Ying-Long-Engine\Ying-Long-Engine\Ying-Long Engine\CodeFile\Graphics\Bindable\ConstantBuffers.h(90,3):
              请参阅 "DE::PixelConstantBuffer<DE::MaterialCBufferData>::PixelConstantBuffer" 中对 "DE::ConstantBuffer<C>::ConstantBuffer" 的第一个引用
          with
          [
              C=DE::MaterialCBufferData
          ]
  
E:\Projects\Ying-Long-Engine\Ying-Long-Engine\Ying-Long Engine\CodeFile\Graphics\Bindable\ConstantBuffers.h(48,3): warning C4996: 'DE::Bindable::~Bindable': Use BindableDX12 instead
  (编译源文件“CodeFile/Graphics/Drawable/Model.cpp”)
  
E:\Projects\Ying-Long-Engine\Ying-Long-Engine\Ying-Long Engine\CodeFile\Graphics\Bindable\ConstantBuffers.h(59,4): warning C4996: 'DE::Bindable::GetDevice': Use BindableDX12 instead
  (编译源文件“CodeFile/Graphics/Drawable/Model.cpp”)
  
E:\Projects\Ying-Long-Engine\Ying-Long-Engine\Ying-Long Engine\CodeFile\Graphics\Bindable\ConstantBuffers.h(93,14): warning C4996: 'DE::Bindable::GetDevicContext': Use BindableDX12 instead
  (编译源文件“CodeFile/Graphics/Drawable/Model.cpp”)
      E:\Projects\Ying-Long-Engine\Ying-Long-Engine\Ying-Long Engine\CodeFile\Graphics\Bindable\ConstantBuffers.h(93,14):
      模板实例化上下文(最早的实例化上下文)为
          E:\Projects\Ying-Long-Engine\Ying-Long-Engine\Ying-Long Engine\CodeFile\Graphics\Bindable\ConstantBuffers.h(91,8):
          在编译 类 模板 成员函数“void DE::PixelConstantBuffer<DE::MaterialCBufferData>::Bind(DE::Graphics &) noexcept”时
  
E:\Projects\Ying-Long-Engine\Ying-Long-Engine\Ying-Long Engine\CodeFile\Graphics\Bindable\Texture.h(7,25): warning C4996: 'DE::Bindable': Use BindableDX12 instead
  (编译源文件“CodeFile/Graphics/Light/LightManager.cpp”)
  
E:\Projects\Ying-Long-Engine\Ying-Long-Engine\Ying-Long Engine\CodeFile\Graphics\Bindable\Texture.h(11,11): warning C4996: 'DE::Graphics': Use DX12Renderer instead
  (编译源文件“CodeFile/Graphics/Light/LightManager.cpp”)
  
E:\Projects\Ying-Long-Engine\Ying-Long-Engine\Ying-Long Engine\CodeFile\Graphics\Bindable\Texture.h(14,19): warning C4996: 'DE::Graphics': Use DX12Renderer instead
  (编译源文件“CodeFile/Graphics/Light/LightManager.cpp”)
  
E:\Projects\Ying-Long-Engine\Ying-Long-Engine\Ying-Long Engine\CodeFile\Graphics\Bindable\Texture.h(16,13): warning C4996: 'DE::Graphics': Use DX12Renderer instead
  (编译源文件“CodeFile/Graphics/Light/LightManager.cpp”)
  
E:\Projects\Ying-Long-Engine\Ying-Long-Engine\Ying-Long Engine\CodeFile\Graphics\Bindable\VertexBuffer.h(8,33): warning C4996: 'DE::Bindable': Use BindableDX12 instead
  (编译源文件“CodeFile/Graphics/Light/LightManager.cpp”)
  
E:\Projects\Ying-Long-Engine\Ying-Long-Engine\Ying-Long Engine\CodeFile\Graphics\Bindable\VertexBuffer.h(13,22): warning C4996: 'DE::Graphics': Use DX12Renderer instead
  (编译源文件“CodeFile/Graphics/Light/LightManager.cpp”)
  
E:\Projects\Ying-Long-Engine\Ying-Long-Engine\Ying-Long Engine\CodeFile\Graphics\Bindable\VertexBuffer.h(30,19): warning C4996: 'DE::Graphics': Use DX12Renderer instead
  (编译源文件“CodeFile/Graphics/Light/LightManager.cpp”)
  
E:\Projects\Ying-Long-Engine\Ying-Long-Engine\Ying-Long Engine\CodeFile\Graphics\Bindable\VertexBuffer.h(33,13): warning C4996: 'DE::Bindable::GetDevicContext': Use BindableDX12 instead
  (编译源文件“CodeFile/Graphics/Light/LightManager.cpp”)
  
E:\Projects\Ying-Long-Engine\Ying-Long-Engine\Ying-Long Engine\CodeFile\Graphics\Drawable\SolidSphere.h(21,23): warning C4996: 'DE::Graphics': Use DX12Renderer instead
  (编译源文件“CodeFile/Graphics/Light/LightManager.cpp”)
  
E:\Projects\Ying-Long-Engine\Ying-Long-Engine\Ying-Long Engine\CodeFile\Graphics\Light\PointLight.h(43,14): warning C4996: 'DE::Graphics': Use DX12Renderer instead
  (编译源文件“CodeFile/Graphics/Light/LightManager.cpp”)
  
E:\Projects\Ying-Long-Engine\Ying-Long-Engine\Ying-Long Engine\CodeFile\Graphics\Light\PointLight.h(47,13): warning C4996: 'DE::Graphics': Use DX12Renderer instead
  (编译源文件“CodeFile/Graphics/Light/LightManager.cpp”)
  
E:\Projects\Ying-Long-Engine\Ying-Long-Engine\Ying-Long Engine\CodeFile\Graphics\Light\SpotLight.h(46,13): warning C4996: 'DE::Graphics': Use DX12Renderer instead
  (编译源文件“CodeFile/Graphics/Light/LightManager.cpp”)
  
E:\Projects\Ying-Long-Engine\Ying-Long-Engine\Ying-Long Engine\CodeFile\Graphics\Light\SpotLight.h(50,13): warning C4996: 'DE::Graphics': Use DX12Renderer instead
  (编译源文件“CodeFile/Graphics/Light/LightManager.cpp”)
  
E:\Projects\Ying-Long-Engine\Ying-Long-Engine\Ying-Long Engine\CodeFile\Graphics\Light\LightManager.h(10,26): warning C4996: 'DE::Graphics': Use DX12Renderer instead
  (编译源文件“CodeFile/Graphics/Light/LightManager.cpp”)
  
E:\Projects\Ying-Long-Engine\Ying-Long-Engine\Ying-Long Engine\CodeFile\Graphics\Light\LightManager.h(14,22): warning C4996: 'DE::Graphics': Use DX12Renderer instead
  (编译源文件“CodeFile/Graphics/Light/LightManager.cpp”)
  
C:\Program Files\Microsoft Visual Studio\2022\Community\VC\Tools\MSVC\14.44.35207\include\memory(3309,9): warning C4996: 'DE::Bindable::~Bindable': Use BindableDX12 instead
  (编译源文件“CodeFile/Graphics/Drawable/SolidSphere.cpp”)
      C:\Program Files\Microsoft Visual Studio\2022\Community\VC\Tools\MSVC\14.44.35207\include\memory(3309,9):
      模板实例化上下文(最早的实例化上下文)为
          E:\Projects\Ying-Long-Engine\Ying-Long-Engine\Ying-Long Engine\CodeFile\Graphics\Drawable\DrawableBase.h(12,8):
          在编译类模板“DE::DrawableBase”时
          E:\Projects\Ying-Long-Engine\Ying-Long-Engine\Ying-Long Engine\CodeFile\Graphics\Drawable\DrawableBase.h(21,4):
          查看对正在编译的 类 模板 实例化“std::unique_ptr<DE::Bindable,std::default_delete<DE::Bindable>>”的引用
          C:\Program Files\Microsoft Visual Studio\2022\Community\VC\Tools\MSVC\14.44.35207\include\memory(3352,92):
          查看对正在编译的 类 模板 实例化“std::default_delete<DE::Bindable>”的引用
          C:\Program Files\Microsoft Visual Studio\2022\Community\VC\Tools\MSVC\14.44.35207\include\memory(3307,23):
          在编译 类 模板 成员函数“void std::default_delete<DE::Bindable>::operator ()(_Ty *) noexcept const”时
          with
          [
              _Ty=DE::Bindable
          ]
              C:\Program Files\Microsoft Visual Studio\2022\Community\VC\Tools\MSVC\14.44.35207\include\memory(3427,33):
              请参阅 "std::unique_ptr<DE::Bindable,std::default_delete<DE::Bindable>>::~unique_ptr" 中对 "std::default_delete<DE::Bindable>::operator ()" 的第一个引用
              E:\Projects\Ying-Long-Engine\Ying-Long-Engine\Ying-Long Engine\CodeFile\Graphics\Drawable\SolidSphere.cpp(27,17):
              请参阅 "DE::SolidSphereDrawable::SolidSphereDrawable" 中对 "std::unique_ptr<DE::Bindable,std::default_delete<DE::Bindable>>::~unique_ptr" 的第一个引用
  
  WARNING: DepthStencil.h is deprecated. Use DepthStencilDX12 instead.
  WARNING: RenderTarget.h is deprecated. Use RenderTargetDX12 instead.
E:\Projects\Ying-Long-Engine\Ying-Long-Engine\Ying-Long Engine\CodeFile\Graphics\Drawable\DrawableBase.h(38,6): warning C4996: 'DE::Drawable::pIndexBuffer': Use DX12Drawable instead
  (编译源文件“CodeFile/Graphics/Drawable/Mesh.cpp”)
      E:\Projects\Ying-Long-Engine\Ying-Long-Engine\Ying-Long Engine\CodeFile\Graphics\Drawable\DrawableBase.h(38,6):
      模板实例化上下文(最早的实例化上下文)为
          E:\Projects\Ying-Long-Engine\Ying-Long-Engine\Ying-Long Engine\CodeFile\Graphics\Drawable\Mesh.h(62,22):
          查看对正在编译的 类 模板 实例化“DE::DrawableBase<DE::Mesh>”的引用
          E:\Projects\Ying-Long-Engine\Ying-Long-Engine\Ying-Long Engine\CodeFile\Graphics\Drawable\DrawableBase.h(32,8):
          在编译 类 模板 成员函数“void DE::DrawableBase<DE::Mesh>::FindIndexBufferFromStatic(void)”时
              E:\Projects\Ying-Long-Engine\Ying-Long-Engine\Ying-Long Engine\CodeFile\Graphics\Drawable\Mesh.cpp(34,29):
              请参阅 "DE::Mesh::Mesh" 中对 "DE::DrawableBase<DE::Mesh>::FindIndexBufferFromStatic" 的第一个引用
  
E:\Projects\Ying-Long-Engine\Ying-Long-Engine\Ying-Long Engine\CodeFile\Graphics\Bindable\ConstantBuffers.h(59,4): warning C4996: 'DE::Graphics': Use DX12Renderer instead
  (编译源文件“CodeFile/Graphics/Drawable/Mesh.cpp”)
      E:\Projects\Ying-Long-Engine\Ying-Long-Engine\Ying-Long Engine\CodeFile\Graphics\Bindable\ConstantBuffers.h(59,4):
      模板实例化上下文(最早的实例化上下文)为
          E:\Projects\Ying-Long-Engine\Ying-Long-Engine\Ying-Long Engine\CodeFile\Graphics\Drawable\Mesh.h(43,33):
          查看对正在编译的 类 模板 实例化“DE::PixelConstantBuffer<DE::MaterialCBufferData>”的引用
          E:\Projects\Ying-Long-Engine\Ying-Long-Engine\Ying-Long Engine\CodeFile\Graphics\Bindable\ConstantBuffers.h(85,37):
          查看对正在编译的 类 模板 实例化“DE::ConstantBuffer<C>”的引用
          with
          [
              C=DE::MaterialCBufferData
          ]
          E:\Projects\Ying-Long-Engine\Ying-Long-Engine\Ying-Long Engine\CodeFile\Graphics\Bindable\ConstantBuffers.h(47,3):
          在编译 类 模板 成员函数“DE::ConstantBuffer<C>::ConstantBuffer(DE::Graphics &,UINT)”时
          with
          [
              C=DE::MaterialCBufferData
          ]
              E:\Projects\Ying-Long-Engine\Ying-Long-Engine\Ying-Long Engine\CodeFile\Graphics\Bindable\ConstantBuffers.h(90,3):
              请参阅 "DE::PixelConstantBuffer<DE::MaterialCBufferData>::PixelConstantBuffer" 中对 "DE::ConstantBuffer<C>::ConstantBuffer" 的第一个引用
          with
          [
              C=DE::MaterialCBufferData
          ]
  
E:\Projects\Ying-Long-Engine\Ying-Long-Engine\Ying-Long Engine\CodeFile\Graphics\Bindable\ConstantBuffers.h(48,3): warning C4996: 'DE::Bindable::~Bindable': Use BindableDX12 instead
  (编译源文件“CodeFile/Graphics/Drawable/Mesh.cpp”)
  
E:\Projects\Ying-Long-Engine\Ying-Long-Engine\Ying-Long Engine\CodeFile\Graphics\Bindable\ConstantBuffers.h(59,4): warning C4996: 'DE::Bindable::GetDevice': Use BindableDX12 instead
  (编译源文件“CodeFile/Graphics/Drawable/Mesh.cpp”)
  
E:\Projects\Ying-Long-Engine\Ying-Long-Engine\Ying-Long Engine\CodeFile\Graphics\Bindable\ConstantBuffers.h(19,4): warning C4996: 'DE::Graphics': Use DX12Renderer instead
  (编译源文件“CodeFile/Graphics/Drawable/Mesh.cpp”)
      E:\Projects\Ying-Long-Engine\Ying-Long-Engine\Ying-Long Engine\CodeFile\Graphics\Bindable\ConstantBuffers.h(19,4):
      模板实例化上下文(最早的实例化上下文)为
          E:\Projects\Ying-Long-Engine\Ying-Long-Engine\Ying-Long Engine\CodeFile\Graphics\Bindable\ConstantBuffers.h(13,8):
          在编译 类 模板 成员函数“void DE::ConstantBuffer<C>::Update(DE::Graphics &,const C &)”时
          with
          [
              C=DE::MaterialCBufferData
          ]
              E:\Projects\Ying-Long-Engine\Ying-Long-Engine\Ying-Long Engine\CodeFile\Graphics\Drawable\Mesh.cpp(81,15):
              请参阅 "DE::MaterialCBuffer::Bind" 中对 "DE::ConstantBuffer<C>::Update" 的第一个引用
          with
          [
              C=DE::MaterialCBufferData
          ]
  
E:\Projects\Ying-Long-Engine\Ying-Long-Engine\Ying-Long Engine\CodeFile\Graphics\Bindable\ConstantBuffers.h(19,4): warning C4996: 'DE::Bindable::GetDevicContext': Use BindableDX12 instead
  (编译源文件“CodeFile/Graphics/Drawable/Mesh.cpp”)
  
E:\Projects\Ying-Long-Engine\Ying-Long-Engine\Ying-Long Engine\CodeFile\Graphics\Bindable\ConstantBuffers.h(26,4): warning C4996: 'DE::Bindable::GetDevicContext': Use BindableDX12 instead
  (编译源文件“CodeFile/Graphics/Drawable/Mesh.cpp”)
  
E:\Projects\Ying-Long-Engine\Ying-Long-Engine\Ying-Long Engine\CodeFile\Graphics\Bindable\ConstantBuffers.h(93,14): warning C4996: 'DE::Bindable::GetDevicContext': Use BindableDX12 instead
  (编译源文件“CodeFile/Graphics/Drawable/Mesh.cpp”)
      E:\Projects\Ying-Long-Engine\Ying-Long-Engine\Ying-Long Engine\CodeFile\Graphics\Bindable\ConstantBuffers.h(93,14):
      模板实例化上下文(最早的实例化上下文)为
          E:\Projects\Ying-Long-Engine\Ying-Long-Engine\Ying-Long Engine\CodeFile\Graphics\Bindable\ConstantBuffers.h(91,8):
          在编译 类 模板 成员函数“void DE::PixelConstantBuffer<DE::MaterialCBufferData>::Bind(DE::Graphics &) noexcept”时
              E:\Projects\Ying-Long-Engine\Ying-Long-Engine\Ying-Long Engine\CodeFile\Graphics\Drawable\Mesh.cpp(83,28):
              请参阅 "DE::MaterialCBuffer::Bind" 中对 "DE::PixelConstantBuffer<DE::MaterialCBufferData>::Bind" 的第一个引用
  
E:\Projects\Ying-Long-Engine\Ying-Long-Engine\Ying-Long Engine\CodeFile\Graphics\Graphics.h(90,19): warning C4996: 'DE::RenderTarget': Use RenderTargetDX12 instead
  (编译源文件“CodeFile/Graphics/Light/PointLight.cpp”)
  
E:\Projects\Ying-Long-Engine\Ying-Long-Engine\Ying-Long Engine\CodeFile\Graphics\Graphics.h(91,19): warning C4996: 'DE::RenderTarget': Use RenderTargetDX12 instead
  (编译源文件“CodeFile/Graphics/Light/PointLight.cpp”)
  
E:\Projects\Ying-Long-Engine\Ying-Long-Engine\Ying-Long Engine\CodeFile\Graphics\Graphics.h(92,19): warning C4996: 'DE::DepthStencil': Use DepthStencilDX12 instead
  (编译源文件“CodeFile/Graphics/Light/PointLight.cpp”)
  
  WARNING: Bindable.h is deprecated. Use BindableDX12 instead.
E:\Projects\Ying-Long-Engine\Ying-Long-Engine\Ying-Long Engine\CodeFile\Graphics\Bindable\ConstantBuffers.h(13,15): warning C4996: 'DE::Graphics': Use DX12Renderer instead
  (编译源文件“CodeFile/Graphics/Light/PointLight.cpp”)
      E:\Projects\Ying-Long-Engine\Ying-Long-Engine\Ying-Long Engine\CodeFile\Graphics\Bindable\ConstantBuffers.h(13,15):
      模板实例化上下文(最早的实例化上下文)为
          E:\Projects\Ying-Long-Engine\Ying-Long-Engine\Ying-Long Engine\CodeFile\Graphics\Bindable\ConstantBuffers.h(8,9):
          在编译类模板“DE::ConstantBuffer”时
  
E:\Projects\Ying-Long-Engine\Ying-Long-Engine\Ying-Long Engine\CodeFile\Graphics\Bindable\ConstantBuffers.h(28,18): warning C4996: 'DE::Graphics': Use DX12Renderer instead
  (编译源文件“CodeFile/Graphics/Light/PointLight.cpp”)
  
E:\Projects\Ying-Long-Engine\Ying-Long-Engine\Ying-Long Engine\CodeFile\Graphics\Bindable\ConstantBuffers.h(47,18): warning C4996: 'DE::Graphics': Use DX12Renderer instead
  (编译源文件“CodeFile/Graphics/Light/PointLight.cpp”)
  
E:\Projects\Ying-Long-Engine\Ying-Long-Engine\Ying-Long Engine\CodeFile\Graphics\Bindable\ConstantBuffers.h(77,13): warning C4996: 'DE::Graphics': Use DX12Renderer instead
  (编译源文件“CodeFile/Graphics/Light/PointLight.cpp”)
      E:\Projects\Ying-Long-Engine\Ying-Long-Engine\Ying-Long Engine\CodeFile\Graphics\Bindable\ConstantBuffers.h(77,13):
      模板实例化上下文(最早的实例化上下文)为
          E:\Projects\Ying-Long-Engine\Ying-Long-Engine\Ying-Long Engine\CodeFile\Graphics\Bindable\ConstantBuffers.h(70,8):
          在编译类模板“DE::VertexConstantBuffer”时
  
E:\Projects\Ying-Long-Engine\Ying-Long-Engine\Ying-Long Engine\CodeFile\Graphics\Bindable\ConstantBuffers.h(91,13): warning C4996: 'DE::Graphics': Use DX12Renderer instead
  (编译源文件“CodeFile/Graphics/Light/PointLight.cpp”)
      E:\Projects\Ying-Long-Engine\Ying-Long-Engine\Ying-Long Engine\CodeFile\Graphics\Bindable\ConstantBuffers.h(91,13):
      模板实例化上下文(最早的实例化上下文)为
          E:\Projects\Ying-Long-Engine\Ying-Long-Engine\Ying-Long Engine\CodeFile\Graphics\Bindable\ConstantBuffers.h(85,8):
          在编译类模板“DE::PixelConstantBuffer”时
  
E:\Projects\Ying-Long-Engine\Ying-Long-Engine\Ying-Long Engine\CodeFile\Graphics\Bindable\IndexBuffer.h(6,29): warning C4996: 'DE::Bindable': Use BindableDX12 instead
  (编译源文件“CodeFile/Graphics/Light/PointLight.cpp”)
  
E:\Projects\Ying-Long-Engine\Ying-Long-Engine\Ying-Long Engine\CodeFile\Graphics\Bindable\IndexBuffer.h(9,15): warning C4996: 'DE::Graphics': Use DX12Renderer instead
  (编译源文件“CodeFile/Graphics/Light/PointLight.cpp”)
  
E:\Projects\Ying-Long-Engine\Ying-Long-Engine\Ying-Long Engine\CodeFile\Graphics\Bindable\IndexBuffer.h(10,13): warning C4996: 'DE::Graphics': Use DX12Renderer instead
  (编译源文件“CodeFile/Graphics/Light/PointLight.cpp”)
  
  WARNING: Drawable.h is deprecated. Use DX12Drawable instead.
E:\Projects\Ying-Long-Engine\Ying-Long-Engine\Ying-Long Engine\CodeFile\Graphics\Drawable\Drawable.h(37,13): warning C4996: 'DE::Graphics': Use DX12Renderer instead
  (编译源文件“CodeFile/Graphics/Light/PointLight.cpp”)
  
E:\Projects\Ying-Long-Engine\Ying-Long-Engine\Ying-Long Engine\CodeFile\Graphics\Drawable\Drawable.h(39,32): warning C4996: 'DE::Bindable': Use BindableDX12 instead
  (编译源文件“CodeFile/Graphics/Light/PointLight.cpp”)
  
E:\Projects\Ying-Long-Engine\Ying-Long-Engine\Ying-Long Engine\CodeFile\Graphics\Drawable\Drawable.h(44,45): warning C4996: 'DE::Bindable': Use BindableDX12 instead
  (编译源文件“CodeFile/Graphics/Light/PointLight.cpp”)
  
E:\Projects\Ying-Long-Engine\Ying-Long-Engine\Ying-Long Engine\CodeFile\Graphics\Drawable\Drawable.h(47,31): warning C4996: 'DE::Bindable': Use BindableDX12 instead
  (编译源文件“CodeFile/Graphics/Light/PointLight.cpp”)
  
E:\Projects\Ying-Long-Engine\Ying-Long-Engine\Ying-Long Engine\CodeFile\Graphics\Drawable\DrawableBase.h(19,38): warning C4996: 'DE::Bindable': Use BindableDX12 instead
  (编译源文件“CodeFile/Graphics/Light/PointLight.cpp”)
      E:\Projects\Ying-Long-Engine\Ying-Long-Engine\Ying-Long Engine\CodeFile\Graphics\Drawable\DrawableBase.h(19,38):
      模板实例化上下文(最早的实例化上下文)为
          E:\Projects\Ying-Long-Engine\Ying-Long-Engine\Ying-Long Engine\CodeFile\Graphics\Drawable\DrawableBase.h(12,8):
          在编译类模板“DE::DrawableBase”时
  
E:\Projects\Ying-Long-Engine\Ying-Long-Engine\Ying-Long Engine\CodeFile\Graphics\Drawable\DrawableBase.h(46,37): warning C4996: 'DE::Bindable': Use BindableDX12 instead
  (编译源文件“CodeFile/Graphics/Light/PointLight.cpp”)
  
E:\Projects\Ying-Long-Engine\Ying-Long-Engine\Ying-Long Engine\CodeFile\Graphics\Drawable\DrawableBase.h(51,38): warning C4996: 'DE::Bindable': Use BindableDX12 instead
  (编译源文件“CodeFile/Graphics/Light/PointLight.cpp”)
  
E:\Projects\Ying-Long-Engine\Ying-Long-Engine\Ying-Long Engine\CodeFile\Graphics\Drawable\DrawableBase.h(55,30): warning C4996: 'DE::Bindable': Use BindableDX12 instead
  (编译源文件“CodeFile/Graphics/Light/PointLight.cpp”)
  
E:\Projects\Ying-Long-Engine\Ying-Long-Engine\Ying-Long Engine\CodeFile\Graphics\Bindable\InputLayout.h(6,29): warning C4996: 'DE::Bindable': Use BindableDX12 instead
  (编译源文件“CodeFile/Graphics/Light/PointLight.cpp”)
  
E:\Projects\Ying-Long-Engine\Ying-Long-Engine\Ying-Long Engine\CodeFile\Graphics\Bindable\InputLayout.h(9,15): warning C4996: 'DE::Graphics': Use DX12Renderer instead
  (编译源文件“CodeFile/Graphics/Light/PointLight.cpp”)
  
E:\Projects\Ying-Long-Engine\Ying-Long-Engine\Ying-Long Engine\CodeFile\Graphics\Bindable\InputLayout.h(11,13): warning C4996: 'DE::Graphics': Use DX12Renderer instead
  (编译源文件“CodeFile/Graphics/Light/PointLight.cpp”)
  
E:\Projects\Ying-Long-Engine\Ying-Long-Engine\Ying-Long Engine\CodeFile\Graphics\Bindable\TransformConstantBuffer.h(8,41): warning C4996: 'DE::Bindable': Use BindableDX12 instead
  (编译源文件“CodeFile/Graphics/Light/PointLight.cpp”)
  
E:\Projects\Ying-Long-Engine\Ying-Long-Engine\Ying-Long Engine\CodeFile\Graphics\Bindable\TransformConstantBuffer.h(11,27): warning C4996: 'DE::Graphics': Use DX12Renderer instead
  (编译源文件“CodeFile/Graphics/Light/PointLight.cpp”)
  
E:\Projects\Ying-Long-Engine\Ying-Long-Engine\Ying-Long Engine\CodeFile\Graphics\Bindable\TransformConstantBuffer.h(11,53): warning C4996: 'DE::Drawable': Use DX12Drawable instead
  (编译源文件“CodeFile/Graphics/Light/PointLight.cpp”)
  
E:\Projects\Ying-Long-Engine\Ying-Long-Engine\Ying-Long Engine\CodeFile\Graphics\Bindable\TransformConstantBuffer.h(12,13): warning C4996: 'DE::Graphics': Use DX12Renderer instead
  (编译源文件“CodeFile/Graphics/Light/PointLight.cpp”)
  
E:\Projects\Ying-Long-Engine\Ying-Long-Engine\Ying-Long Engine\CodeFile\Graphics\Bindable\TransformConstantBuffer.h(22,9): warning C4996: 'DE::Drawable': Use DX12Drawable instead
  (编译源文件“CodeFile/Graphics/Light/PointLight.cpp”)
  
E:\Projects\Ying-Long-Engine\Ying-Long-Engine\Ying-Long Engine\CodeFile\Graphics\Bindable\SolidColorConstantBuffer.h(14,42): warning C4996: 'DE::Bindable': Use BindableDX12 instead
  (编译源文件“CodeFile/Graphics/Light/PointLight.cpp”)
  
E:\Projects\Ying-Long-Engine\Ying-Long-Engine\Ying-Long Engine\CodeFile\Graphics\Bindable\SolidColorConstantBuffer.h(17,28): warning C4996: 'DE::Graphics': Use DX12Renderer instead
  (编译源文件“CodeFile/Graphics/Light/PointLight.cpp”)
  
E:\Projects\Ying-Long-Engine\Ying-Long-Engine\Ying-Long Engine\CodeFile\Graphics\Bindable\SolidColorConstantBuffer.h(18,13): warning C4996: 'DE::Graphics': Use DX12Renderer instead
  (编译源文件“CodeFile/Graphics/Light/PointLight.cpp”)
  
E:\Projects\Ying-Long-Engine\Ying-Long-Engine\Ying-Long Engine\CodeFile\Graphics\Bindable\VertexShader.h(10,30): warning C4996: 'DE::Bindable': Use BindableDX12 instead
  (编译源文件“CodeFile/Graphics/Light/PointLight.cpp”)
  
E:\Projects\Ying-Long-Engine\Ying-Long-Engine\Ying-Long Engine\CodeFile\Graphics\Bindable\VertexShader.h(14,16): warning C4996: 'DE::Graphics': Use DX12Renderer instead
  (编译源文件“CodeFile/Graphics/Light/PointLight.cpp”)
  
E:\Projects\Ying-Long-Engine\Ying-Long-Engine\Ying-Long Engine\CodeFile\Graphics\Bindable\VertexShader.h(17,19): warning C4996: 'DE::Graphics': Use DX12Renderer instead
  (编译源文件“CodeFile/Graphics/Light/PointLight.cpp”)
  
E:\Projects\Ying-Long-Engine\Ying-Long-Engine\Ying-Long Engine\CodeFile\Graphics\Bindable\VertexShader.h(19,13): warning C4996: 'DE::Graphics': Use DX12Renderer instead
  (编译源文件“CodeFile/Graphics/Light/PointLight.cpp”)
  
E:\Projects\Ying-Long-Engine\Ying-Long-Engine\Ying-Long Engine\CodeFile\Graphics\Bindable\PixelShader.h(10,29): warning C4996: 'DE::Bindable': Use BindableDX12 instead
  (编译源文件“CodeFile/Graphics/Light/PointLight.cpp”)
  
E:\Projects\Ying-Long-Engine\Ying-Long-Engine\Ying-Long Engine\CodeFile\Graphics\Bindable\PixelShader.h(14,15): warning C4996: 'DE::Graphics': Use DX12Renderer instead
  (编译源文件“CodeFile/Graphics/Light/PointLight.cpp”)
  
E:\Projects\Ying-Long-Engine\Ying-Long-Engine\Ying-Long Engine\CodeFile\Graphics\Bindable\PixelShader.h(17,19): warning C4996: 'DE::Graphics': Use DX12Renderer instead
  (编译源文件“CodeFile/Graphics/Light/PointLight.cpp”)
  
E:\Projects\Ying-Long-Engine\Ying-Long-Engine\Ying-Long Engine\CodeFile\Graphics\Bindable\PixelShader.h(19,13): warning C4996: 'DE::Graphics': Use DX12Renderer instead
  (编译源文件“CodeFile/Graphics/Light/PointLight.cpp”)
  
E:\Projects\Ying-Long-Engine\Ying-Long-Engine\Ying-Long Engine\CodeFile\Graphics\Bindable\Topology.h(6,26): warning C4996: 'DE::Bindable': Use BindableDX12 instead
  (编译源文件“CodeFile/Graphics/Light/PointLight.cpp”)
  
E:\Projects\Ying-Long-Engine\Ying-Long-Engine\Ying-Long Engine\CodeFile\Graphics\Bindable\Topology.h(9,12): warning C4996: 'DE::Graphics': Use DX12Renderer instead
  (编译源文件“CodeFile/Graphics/Light/PointLight.cpp”)
  
E:\Projects\Ying-Long-Engine\Ying-Long-Engine\Ying-Long Engine\CodeFile\Graphics\Bindable\Topology.h(10,13): warning C4996: 'DE::Graphics': Use DX12Renderer instead
  (编译源文件“CodeFile/Graphics/Light/PointLight.cpp”)
  
E:\Projects\Ying-Long-Engine\Ying-Long-Engine\Ying-Long Engine\CodeFile\Graphics\Drawable\Capsule.h(13,19): warning C4996: 'DE::Graphics': Use DX12Renderer instead
  (编译源文件“CodeFile/Graphics/Light/LightManager.cpp”)
  
E:\Projects\Ying-Long-Engine\Ying-Long-Engine\Ying-Long Engine\CodeFile\Graphics\Drawable\Box.h(18,15): warning C4996: 'DE::Graphics': Use DX12Renderer instead
  (编译源文件“CodeFile/Graphics/Light/LightManager.cpp”)
  
E:\Projects\Ying-Long-Engine\Ying-Long-Engine\Ying-Long Engine\CodeFile\Graphics\Bindable\Texture.h(7,25): warning C4996: 'DE::Bindable': Use BindableDX12 instead
  (编译源文件“CodeFile/Graphics/Light/PointLight.cpp”)
  
E:\Projects\Ying-Long-Engine\Ying-Long-Engine\Ying-Long Engine\CodeFile\Graphics\Bindable\Texture.h(11,11): warning C4996: 'DE::Graphics': Use DX12Renderer instead
  (编译源文件“CodeFile/Graphics/Light/PointLight.cpp”)
  
E:\Projects\Ying-Long-Engine\Ying-Long-Engine\Ying-Long Engine\CodeFile\Graphics\Bindable\Texture.h(14,19): warning C4996: 'DE::Graphics': Use DX12Renderer instead
  (编译源文件“CodeFile/Graphics/Light/PointLight.cpp”)
  
E:\Projects\Ying-Long-Engine\Ying-Long-Engine\Ying-Long Engine\CodeFile\Graphics\Bindable\Texture.h(16,13): warning C4996: 'DE::Graphics': Use DX12Renderer instead
  (编译源文件“CodeFile/Graphics/Light/PointLight.cpp”)
  
E:\Projects\Ying-Long-Engine\Ying-Long-Engine\Ying-Long Engine\CodeFile\Application\Window\Window.h(81,3): warning C4996: 'DE::Graphics': Use DX12Renderer instead
  (编译源文件“CodeFile/Graphics/Light/LightManager.cpp”)
  
E:\Projects\Ying-Long-Engine\Ying-Long-Engine\Ying-Long Engine\CodeFile\Application\Window\Window.h(127,19): warning C4996: 'DE::Graphics': Use DX12Renderer instead
  (编译源文件“CodeFile/Graphics/Light/LightManager.cpp”)
  
E:\Projects\Ying-Long-Engine\Ying-Long-Engine\Ying-Long Engine\CodeFile\Graphics\Bindable\VertexBuffer.h(8,33): warning C4996: 'DE::Bindable': Use BindableDX12 instead
  (编译源文件“CodeFile/Graphics/Light/PointLight.cpp”)
  
E:\Projects\Ying-Long-Engine\Ying-Long-Engine\Ying-Long Engine\CodeFile\Graphics\Bindable\VertexBuffer.h(13,22): warning C4996: 'DE::Graphics': Use DX12Renderer instead
  (编译源文件“CodeFile/Graphics/Light/PointLight.cpp”)
  
E:\Projects\Ying-Long-Engine\Ying-Long-Engine\Ying-Long Engine\CodeFile\Graphics\Bindable\VertexBuffer.h(30,19): warning C4996: 'DE::Graphics': Use DX12Renderer instead
  (编译源文件“CodeFile/Graphics/Light/PointLight.cpp”)
  
E:\Projects\Ying-Long-Engine\Ying-Long-Engine\Ying-Long Engine\CodeFile\Graphics\Bindable\VertexBuffer.h(33,13): warning C4996: 'DE::Bindable::GetDevicContext': Use BindableDX12 instead
  (编译源文件“CodeFile/Graphics/Light/PointLight.cpp”)
  
E:\Projects\Ying-Long-Engine\Ying-Long-Engine\Ying-Long Engine\CodeFile\Graphics\Drawable\SolidSphere.h(21,23): warning C4996: 'DE::Graphics': Use DX12Renderer instead
  (编译源文件“CodeFile/Graphics/Light/PointLight.cpp”)
  
E:\Projects\Ying-Long-Engine\Ying-Long-Engine\Ying-Long Engine\CodeFile\Graphics\Light\PointLight.h(43,14): warning C4996: 'DE::Graphics': Use DX12Renderer instead
  (编译源文件“CodeFile/Graphics/Light/PointLight.cpp”)
  
E:\Projects\Ying-Long-Engine\Ying-Long-Engine\Ying-Long Engine\CodeFile\Graphics\Light\PointLight.h(47,13): warning C4996: 'DE::Graphics': Use DX12Renderer instead
  (编译源文件“CodeFile/Graphics/Light/PointLight.cpp”)
  
E:\Projects\Ying-Long-Engine\Ying-Long-Engine\Ying-Long Engine\CodeFile\Graphics\Light\SpotLight.h(46,13): warning C4996: 'DE::Graphics': Use DX12Renderer instead
  (编译源文件“CodeFile/Graphics/Light/PointLight.cpp”)
  
E:\Projects\Ying-Long-Engine\Ying-Long-Engine\Ying-Long Engine\CodeFile\Graphics\Light\SpotLight.h(50,13): warning C4996: 'DE::Graphics': Use DX12Renderer instead
  (编译源文件“CodeFile/Graphics/Light/PointLight.cpp”)
  
E:\Projects\Ying-Long-Engine\Ying-Long-Engine\Ying-Long Engine\CodeFile\Graphics\Light\LightManager.h(10,26): warning C4996: 'DE::Graphics': Use DX12Renderer instead
  (编译源文件“CodeFile/Graphics/Light/PointLight.cpp”)
  
E:\Projects\Ying-Long-Engine\Ying-Long-Engine\Ying-Long Engine\CodeFile\Graphics\Light\LightManager.h(14,22): warning C4996: 'DE::Graphics': Use DX12Renderer instead
  (编译源文件“CodeFile/Graphics/Light/PointLight.cpp”)
  
E:\Projects\Ying-Long-Engine\Ying-Long-Engine\Ying-Long Engine\CodeFile\Graphics\Light\PointLight.cpp(11,25): warning C4996: 'DE::Graphics': Use DX12Renderer instead
E:\Projects\Ying-Long-Engine\Ying-Long-Engine\Ying-Long Engine\CodeFile\Graphics\Light\PointLight.cpp(32,42): warning C4244: “参数”: 从“float”转换到“ImGuiColorEditFlags”，可能丢失数据
E:\Projects\Ying-Long-Engine\Ying-Long-Engine\Ying-Long Engine\CodeFile\Graphics\Light\PointLight.cpp(99,24): warning C4996: 'DE::Graphics': Use DX12Renderer instead
E:\Projects\Ying-Long-Engine\Ying-Long-Engine\Ying-Long Engine\CodeFile\Graphics\Light\PointLight.cpp(103,8): warning C4996: 'DE::Drawable::Draw': Use DX12Drawable instead
E:\Projects\Ying-Long-Engine\Ying-Long-Engine\Ying-Long Engine\CodeFile\Graphics\Bindable\Sampler.h(6,25): warning C4996: 'DE::Bindable': Use BindableDX12 instead
  (编译源文件“CodeFile/Graphics/Light/LightManager.cpp”)
  
E:\Projects\Ying-Long-Engine\Ying-Long-Engine\Ying-Long Engine\CodeFile\Graphics\Bindable\Sampler.h(10,11): warning C4996: 'DE::Graphics': Use DX12Renderer instead
  (编译源文件“CodeFile/Graphics/Light/LightManager.cpp”)
  
E:\Projects\Ying-Long-Engine\Ying-Long-Engine\Ying-Long Engine\CodeFile\Graphics\Bindable\Sampler.h(13,26): warning C4996: 'DE::Graphics': Use DX12Renderer instead
  (编译源文件“CodeFile/Graphics/Light/LightManager.cpp”)
  
E:\Projects\Ying-Long-Engine\Ying-Long-Engine\Ying-Long Engine\CodeFile\Graphics\Bindable\Sampler.h(15,13): warning C4996: 'DE::Graphics': Use DX12Renderer instead
  (编译源文件“CodeFile/Graphics/Light/LightManager.cpp”)
  
E:\Projects\Ying-Long-Engine\Ying-Long-Engine\Ying-Long Engine\CodeFile\Graphics\Drawable\Mesh.h(50,19): warning C4996: 'DE::Graphics': Use DX12Renderer instead
  (编译源文件“CodeFile/Graphics/Light/LightManager.cpp”)
  
E:\Projects\Ying-Long-Engine\Ying-Long-Engine\Ying-Long Engine\CodeFile\Graphics\Drawable\Mesh.h(56,13): warning C4996: 'DE::Graphics': Use DX12Renderer instead
  (编译源文件“CodeFile/Graphics/Light/LightManager.cpp”)
  
E:\Projects\Ying-Long-Engine\Ying-Long-Engine\Ying-Long Engine\CodeFile\Graphics\Bindable\ConstantBuffers.h(11,3): warning C4996: 'DE::Bindable::~Bindable': Use BindableDX12 instead
  (编译源文件“CodeFile/Graphics/Light/LightManager.cpp”)
      E:\Projects\Ying-Long-Engine\Ying-Long-Engine\Ying-Long Engine\CodeFile\Graphics\Bindable\ConstantBuffers.h(99,1):
      参见对函数 "DE::ConstantBuffer<C>::ConstantBuffer(void)" 的引用
          with
          [
              C=DE::MaterialCBufferData
          ]
  
E:\Projects\Ying-Long-Engine\Ying-Long-Engine\Ying-Long Engine\CodeFile\Graphics\Drawable\Mesh.h(66,8): warning C4996: 'DE::Graphics': Use DX12Renderer instead
  (编译源文件“CodeFile/Graphics/Light/LightManager.cpp”)
  
E:\Projects\Ying-Long-Engine\Ying-Long-Engine\Ying-Long Engine\CodeFile\Graphics\Drawable\Model.h(12,9): warning C4996: 'DE::Graphics': Use DX12Renderer instead
  (编译源文件“CodeFile/Graphics/Light/LightManager.cpp”)
  
E:\Projects\Ying-Long-Engine\Ying-Long-Engine\Ying-Long Engine\CodeFile\Graphics\Drawable\Model.h(15,13): warning C4996: 'DE::Graphics': Use DX12Renderer instead
  (编译源文件“CodeFile/Graphics/Light/LightManager.cpp”)
  
E:\Projects\Ying-Long-Engine\Ying-Long-Engine\Ying-Long Engine\CodeFile\Graphics\Bindable\VertexBuffer.h(26,13): warning C4996: 'DE::Graphics': Use DX12Renderer instead
  (编译源文件“CodeFile/Graphics/Drawable/Mesh.cpp”)
      E:\Projects\Ying-Long-Engine\Ying-Long-Engine\Ying-Long Engine\CodeFile\Graphics\Bindable\VertexBuffer.h(26,13):
      模板实例化上下文(最早的实例化上下文)为
          E:\Projects\Ying-Long-Engine\Ying-Long-Engine\Ying-Long Engine\CodeFile\Graphics\Drawable\Mesh.cpp(37,16):
          查看对正在编译的函数 模板 实例化“std::unique_ptr<DE::VertexBuffer,std::default_delete<DE::VertexBuffer>> std::make_unique<DE::VertexBuffer,DE::Graphics&,const std::vector<DE::MeshVertex,std::allocator<DE::MeshVertex>>&,0>(DE::Graphics &,const std::vector<DE::MeshVertex,std::allocator<DE::MeshVertex>> &)”的引用
          C:\Program Files\Microsoft Visual Studio\2022\Community\VC\Tools\MSVC\14.44.35207\include\memory(3630,35):
          查看对正在编译的函数 模板 实例化“DE::VertexBuffer::VertexBuffer<DE::MeshVertex>(DE::Graphics &,const std::vector<DE::MeshVertex,std::allocator<DE::MeshVertex>> &)”的引用
  
E:\Projects\Ying-Long-Engine\Ying-Long-Engine\Ying-Long Engine\CodeFile\Graphics\Bindable\VertexBuffer.h(14,9): warning C4996: 'DE::Bindable::~Bindable': Use BindableDX12 instead
  (编译源文件“CodeFile/Graphics/Drawable/Mesh.cpp”)
  
E:\Projects\Ying-Long-Engine\Ying-Long-Engine\Ying-Long Engine\CodeFile\Graphics\Bindable\VertexBuffer.h(26,13): warning C4996: 'DE::Bindable::GetDevice': Use BindableDX12 instead
  (编译源文件“CodeFile/Graphics/Drawable/Mesh.cpp”)
  
C:\Program Files\Microsoft Visual Studio\2022\Community\VC\Tools\MSVC\14.44.35207\include\memory(3309,9): warning C4996: 'DE::Bindable::~Bindable': Use BindableDX12 instead
  (编译源文件“CodeFile/Graphics/Drawable/Mesh.cpp”)
      C:\Program Files\Microsoft Visual Studio\2022\Community\VC\Tools\MSVC\14.44.35207\include\memory(3309,9):
      模板实例化上下文(最早的实例化上下文)为
          E:\Projects\Ying-Long-Engine\Ying-Long-Engine\Ying-Long Engine\CodeFile\Graphics\Drawable\DrawableBase.h(12,8):
          在编译类模板“DE::DrawableBase”时
          E:\Projects\Ying-Long-Engine\Ying-Long-Engine\Ying-Long Engine\CodeFile\Graphics\Drawable\DrawableBase.h(21,4):
          查看对正在编译的 类 模板 实例化“std::unique_ptr<DE::Bindable,std::default_delete<DE::Bindable>>”的引用
          C:\Program Files\Microsoft Visual Studio\2022\Community\VC\Tools\MSVC\14.44.35207\include\memory(3352,92):
          查看对正在编译的 类 模板 实例化“std::default_delete<DE::Bindable>”的引用
          C:\Program Files\Microsoft Visual Studio\2022\Community\VC\Tools\MSVC\14.44.35207\include\memory(3307,23):
          在编译 类 模板 成员函数“void std::default_delete<DE::Bindable>::operator ()(_Ty *) noexcept const”时
          with
          [
              _Ty=DE::Bindable
          ]
              C:\Program Files\Microsoft Visual Studio\2022\Community\VC\Tools\MSVC\14.44.35207\include\memory(3427,33):
              请参阅 "std::unique_ptr<DE::Bindable,std::default_delete<DE::Bindable>>::~unique_ptr" 中对 "std::default_delete<DE::Bindable>::operator ()" 的第一个引用
              E:\Projects\Ying-Long-Engine\Ying-Long-Engine\Ying-Long Engine\CodeFile\Graphics\Drawable\Mesh.cpp(16,17):
              请参阅 "DE::Mesh::Mesh" 中对 "std::unique_ptr<DE::Bindable,std::default_delete<DE::Bindable>>::~unique_ptr" 的第一个引用
  
E:\Projects\Ying-Long-Engine\Ying-Long-Engine\Setup\PhysX\Includes\foundation\PxPreprocessor.h(444,1): error C1189: #error:  Exactly one of NDEBUG and _DEBUG needs to be defined!
  (编译源文件“CodeFile/Graphics/Light/LightManager.cpp”)
  
  WARNING: Bindable.h is deprecated. Use BindableDX12 instead.
E:\Projects\Ying-Long-Engine\Ying-Long-Engine\Ying-Long Engine\CodeFile\Graphics\Bindable\Texture.h(7,25): warning C4996: 'DE::Bindable': Use BindableDX12 instead
  (编译源文件“CodeFile/Graphics/ModelImporter/ModelImporter.cpp”)
  
  WARNING: DepthStencil.h is deprecated. Use DepthStencilDX12 instead.
  WARNING: RenderTarget.h is deprecated. Use RenderTargetDX12 instead.
E:\Projects\Ying-Long-Engine\Ying-Long-Engine\Ying-Long Engine\CodeFile\Graphics\Graphics.h(90,19): warning C4996: 'DE::RenderTarget': Use RenderTargetDX12 instead
  (编译源文件“CodeFile/Graphics/Light/SpotLight.cpp”)
  
E:\Projects\Ying-Long-Engine\Ying-Long-Engine\Ying-Long Engine\CodeFile\Graphics\Graphics.h(91,19): warning C4996: 'DE::RenderTarget': Use RenderTargetDX12 instead
  (编译源文件“CodeFile/Graphics/Light/SpotLight.cpp”)
  
E:\Projects\Ying-Long-Engine\Ying-Long-Engine\Ying-Long Engine\CodeFile\Graphics\Graphics.h(92,19): warning C4996: 'DE::DepthStencil': Use DepthStencilDX12 instead
  (编译源文件“CodeFile/Graphics/Light/SpotLight.cpp”)
  
  WARNING: Bindable.h is deprecated. Use BindableDX12 instead.
E:\Projects\Ying-Long-Engine\Ying-Long-Engine\Ying-Long Engine\CodeFile\Graphics\Bindable\ConstantBuffers.h(13,15): warning C4996: 'DE::Graphics': Use DX12Renderer instead
  (编译源文件“CodeFile/Graphics/Light/SpotLight.cpp”)
      E:\Projects\Ying-Long-Engine\Ying-Long-Engine\Ying-Long Engine\CodeFile\Graphics\Bindable\ConstantBuffers.h(13,15):
      模板实例化上下文(最早的实例化上下文)为
          E:\Projects\Ying-Long-Engine\Ying-Long-Engine\Ying-Long Engine\CodeFile\Graphics\Bindable\ConstantBuffers.h(8,9):
          在编译类模板“DE::ConstantBuffer”时
  
E:\Projects\Ying-Long-Engine\Ying-Long-Engine\Ying-Long Engine\CodeFile\Graphics\Bindable\ConstantBuffers.h(28,18): warning C4996: 'DE::Graphics': Use DX12Renderer instead
  (编译源文件“CodeFile/Graphics/Light/SpotLight.cpp”)
  
E:\Projects\Ying-Long-Engine\Ying-Long-Engine\Ying-Long Engine\CodeFile\Graphics\Bindable\ConstantBuffers.h(47,18): warning C4996: 'DE::Graphics': Use DX12Renderer instead
  (编译源文件“CodeFile/Graphics/Light/SpotLight.cpp”)
  
E:\Projects\Ying-Long-Engine\Ying-Long-Engine\Ying-Long Engine\CodeFile\Graphics\Bindable\ConstantBuffers.h(77,13): warning C4996: 'DE::Graphics': Use DX12Renderer instead
  (编译源文件“CodeFile/Graphics/Light/SpotLight.cpp”)
      E:\Projects\Ying-Long-Engine\Ying-Long-Engine\Ying-Long Engine\CodeFile\Graphics\Bindable\ConstantBuffers.h(77,13):
      模板实例化上下文(最早的实例化上下文)为
          E:\Projects\Ying-Long-Engine\Ying-Long-Engine\Ying-Long Engine\CodeFile\Graphics\Bindable\ConstantBuffers.h(70,8):
          在编译类模板“DE::VertexConstantBuffer”时
  
E:\Projects\Ying-Long-Engine\Ying-Long-Engine\Ying-Long Engine\CodeFile\Graphics\Bindable\ConstantBuffers.h(91,13): warning C4996: 'DE::Graphics': Use DX12Renderer instead
  (编译源文件“CodeFile/Graphics/Light/SpotLight.cpp”)
      E:\Projects\Ying-Long-Engine\Ying-Long-Engine\Ying-Long Engine\CodeFile\Graphics\Bindable\ConstantBuffers.h(91,13):
      模板实例化上下文(最早的实例化上下文)为
          E:\Projects\Ying-Long-Engine\Ying-Long-Engine\Ying-Long Engine\CodeFile\Graphics\Bindable\ConstantBuffers.h(85,8):
          在编译类模板“DE::PixelConstantBuffer”时
  
E:\Projects\Ying-Long-Engine\Ying-Long-Engine\Ying-Long Engine\CodeFile\Graphics\Bindable\IndexBuffer.h(6,29): warning C4996: 'DE::Bindable': Use BindableDX12 instead
  (编译源文件“CodeFile/Graphics/Light/SpotLight.cpp”)
  
E:\Projects\Ying-Long-Engine\Ying-Long-Engine\Ying-Long Engine\CodeFile\Graphics\Bindable\IndexBuffer.h(9,15): warning C4996: 'DE::Graphics': Use DX12Renderer instead
  (编译源文件“CodeFile/Graphics/Light/SpotLight.cpp”)
  
E:\Projects\Ying-Long-Engine\Ying-Long-Engine\Ying-Long Engine\CodeFile\Graphics\Bindable\IndexBuffer.h(10,13): warning C4996: 'DE::Graphics': Use DX12Renderer instead
  (编译源文件“CodeFile/Graphics/Light/SpotLight.cpp”)
  
  WARNING: Drawable.h is deprecated. Use DX12Drawable instead.
E:\Projects\Ying-Long-Engine\Ying-Long-Engine\Ying-Long Engine\CodeFile\Graphics\Drawable\Drawable.h(37,13): warning C4996: 'DE::Graphics': Use DX12Renderer instead
  (编译源文件“CodeFile/Graphics/Light/SpotLight.cpp”)
  
E:\Projects\Ying-Long-Engine\Ying-Long-Engine\Ying-Long Engine\CodeFile\Graphics\Drawable\Drawable.h(39,32): warning C4996: 'DE::Bindable': Use BindableDX12 instead
  (编译源文件“CodeFile/Graphics/Light/SpotLight.cpp”)
  
E:\Projects\Ying-Long-Engine\Ying-Long-Engine\Ying-Long Engine\CodeFile\Graphics\Drawable\Drawable.h(44,45): warning C4996: 'DE::Bindable': Use BindableDX12 instead
  (编译源文件“CodeFile/Graphics/Light/SpotLight.cpp”)
  
E:\Projects\Ying-Long-Engine\Ying-Long-Engine\Ying-Long Engine\CodeFile\Graphics\Drawable\Drawable.h(47,31): warning C4996: 'DE::Bindable': Use BindableDX12 instead
  (编译源文件“CodeFile/Graphics/Light/SpotLight.cpp”)
  
E:\Projects\Ying-Long-Engine\Ying-Long-Engine\Ying-Long Engine\CodeFile\Graphics\Drawable\DrawableBase.h(19,38): warning C4996: 'DE::Bindable': Use BindableDX12 instead
  (编译源文件“CodeFile/Graphics/Light/SpotLight.cpp”)
      E:\Projects\Ying-Long-Engine\Ying-Long-Engine\Ying-Long Engine\CodeFile\Graphics\Drawable\DrawableBase.h(19,38):
      模板实例化上下文(最早的实例化上下文)为
          E:\Projects\Ying-Long-Engine\Ying-Long-Engine\Ying-Long Engine\CodeFile\Graphics\Drawable\DrawableBase.h(12,8):
          在编译类模板“DE::DrawableBase”时
  
E:\Projects\Ying-Long-Engine\Ying-Long-Engine\Ying-Long Engine\CodeFile\Graphics\Drawable\DrawableBase.h(46,37): warning C4996: 'DE::Bindable': Use BindableDX12 instead
  (编译源文件“CodeFile/Graphics/Light/SpotLight.cpp”)
  
E:\Projects\Ying-Long-Engine\Ying-Long-Engine\Ying-Long Engine\CodeFile\Graphics\Drawable\DrawableBase.h(51,38): warning C4996: 'DE::Bindable': Use BindableDX12 instead
  (编译源文件“CodeFile/Graphics/Light/SpotLight.cpp”)
  
E:\Projects\Ying-Long-Engine\Ying-Long-Engine\Ying-Long Engine\CodeFile\Graphics\Drawable\DrawableBase.h(55,30): warning C4996: 'DE::Bindable': Use BindableDX12 instead
  (编译源文件“CodeFile/Graphics/Light/SpotLight.cpp”)
  
E:\Projects\Ying-Long-Engine\Ying-Long-Engine\Ying-Long Engine\CodeFile\Graphics\Bindable\InputLayout.h(6,29): warning C4996: 'DE::Bindable': Use BindableDX12 instead
  (编译源文件“CodeFile/Graphics/Light/SpotLight.cpp”)
  
E:\Projects\Ying-Long-Engine\Ying-Long-Engine\Ying-Long Engine\CodeFile\Graphics\Bindable\InputLayout.h(9,15): warning C4996: 'DE::Graphics': Use DX12Renderer instead
  (编译源文件“CodeFile/Graphics/Light/SpotLight.cpp”)
  
E:\Projects\Ying-Long-Engine\Ying-Long-Engine\Ying-Long Engine\CodeFile\Graphics\Bindable\InputLayout.h(11,13): warning C4996: 'DE::Graphics': Use DX12Renderer instead
  (编译源文件“CodeFile/Graphics/Light/SpotLight.cpp”)
  
E:\Projects\Ying-Long-Engine\Ying-Long-Engine\Ying-Long Engine\CodeFile\Graphics\Bindable\TransformConstantBuffer.h(8,41): warning C4996: 'DE::Bindable': Use BindableDX12 instead
  (编译源文件“CodeFile/Graphics/Light/SpotLight.cpp”)
  
E:\Projects\Ying-Long-Engine\Ying-Long-Engine\Ying-Long Engine\CodeFile\Graphics\Bindable\TransformConstantBuffer.h(11,27): warning C4996: 'DE::Graphics': Use DX12Renderer instead
  (编译源文件“CodeFile/Graphics/Light/SpotLight.cpp”)
  
E:\Projects\Ying-Long-Engine\Ying-Long-Engine\Ying-Long Engine\CodeFile\Graphics\Bindable\TransformConstantBuffer.h(11,53): warning C4996: 'DE::Drawable': Use DX12Drawable instead
  (编译源文件“CodeFile/Graphics/Light/SpotLight.cpp”)
  
E:\Projects\Ying-Long-Engine\Ying-Long-Engine\Ying-Long Engine\CodeFile\Graphics\Bindable\TransformConstantBuffer.h(12,13): warning C4996: 'DE::Graphics': Use DX12Renderer instead
  (编译源文件“CodeFile/Graphics/Light/SpotLight.cpp”)
  
E:\Projects\Ying-Long-Engine\Ying-Long-Engine\Ying-Long Engine\CodeFile\Graphics\Bindable\TransformConstantBuffer.h(22,9): warning C4996: 'DE::Drawable': Use DX12Drawable instead
  (编译源文件“CodeFile/Graphics/Light/SpotLight.cpp”)
  
E:\Projects\Ying-Long-Engine\Ying-Long-Engine\Ying-Long Engine\CodeFile\Graphics\Bindable\SolidColorConstantBuffer.h(14,42): warning C4996: 'DE::Bindable': Use BindableDX12 instead
  (编译源文件“CodeFile/Graphics/Light/SpotLight.cpp”)
  
E:\Projects\Ying-Long-Engine\Ying-Long-Engine\Ying-Long Engine\CodeFile\Graphics\Bindable\SolidColorConstantBuffer.h(17,28): warning C4996: 'DE::Graphics': Use DX12Renderer instead
  (编译源文件“CodeFile/Graphics/Light/SpotLight.cpp”)
  
E:\Projects\Ying-Long-Engine\Ying-Long-Engine\Ying-Long Engine\CodeFile\Graphics\Bindable\SolidColorConstantBuffer.h(18,13): warning C4996: 'DE::Graphics': Use DX12Renderer instead
  (编译源文件“CodeFile/Graphics/Light/SpotLight.cpp”)
  
E:\Projects\Ying-Long-Engine\Ying-Long-Engine\Ying-Long Engine\CodeFile\Graphics\Bindable\VertexShader.h(10,30): warning C4996: 'DE::Bindable': Use BindableDX12 instead
  (编译源文件“CodeFile/Graphics/Light/SpotLight.cpp”)
  
E:\Projects\Ying-Long-Engine\Ying-Long-Engine\Ying-Long Engine\CodeFile\Graphics\Bindable\VertexShader.h(14,16): warning C4996: 'DE::Graphics': Use DX12Renderer instead
  (编译源文件“CodeFile/Graphics/Light/SpotLight.cpp”)
  
E:\Projects\Ying-Long-Engine\Ying-Long-Engine\Ying-Long Engine\CodeFile\Graphics\Bindable\VertexShader.h(17,19): warning C4996: 'DE::Graphics': Use DX12Renderer instead
  (编译源文件“CodeFile/Graphics/Light/SpotLight.cpp”)
  
E:\Projects\Ying-Long-Engine\Ying-Long-Engine\Ying-Long Engine\CodeFile\Graphics\Bindable\VertexShader.h(19,13): warning C4996: 'DE::Graphics': Use DX12Renderer instead
  (编译源文件“CodeFile/Graphics/Light/SpotLight.cpp”)
  
E:\Projects\Ying-Long-Engine\Ying-Long-Engine\Ying-Long Engine\CodeFile\Graphics\Bindable\PixelShader.h(10,29): warning C4996: 'DE::Bindable': Use BindableDX12 instead
  (编译源文件“CodeFile/Graphics/Light/SpotLight.cpp”)
  
E:\Projects\Ying-Long-Engine\Ying-Long-Engine\Ying-Long Engine\CodeFile\Graphics\Bindable\PixelShader.h(14,15): warning C4996: 'DE::Graphics': Use DX12Renderer instead
  (编译源文件“CodeFile/Graphics/Light/SpotLight.cpp”)
  
E:\Projects\Ying-Long-Engine\Ying-Long-Engine\Ying-Long Engine\CodeFile\Graphics\Bindable\PixelShader.h(17,19): warning C4996: 'DE::Graphics': Use DX12Renderer instead
  (编译源文件“CodeFile/Graphics/Light/SpotLight.cpp”)
  
E:\Projects\Ying-Long-Engine\Ying-Long-Engine\Ying-Long Engine\CodeFile\Graphics\Bindable\PixelShader.h(19,13): warning C4996: 'DE::Graphics': Use DX12Renderer instead
  (编译源文件“CodeFile/Graphics/Light/SpotLight.cpp”)
  
E:\Projects\Ying-Long-Engine\Ying-Long-Engine\Ying-Long Engine\CodeFile\Graphics\Bindable\Topology.h(6,26): warning C4996: 'DE::Bindable': Use BindableDX12 instead
  (编译源文件“CodeFile/Graphics/Light/SpotLight.cpp”)
  
E:\Projects\Ying-Long-Engine\Ying-Long-Engine\Ying-Long Engine\CodeFile\Graphics\Bindable\Topology.h(9,12): warning C4996: 'DE::Graphics': Use DX12Renderer instead
  (编译源文件“CodeFile/Graphics/Light/SpotLight.cpp”)
  
E:\Projects\Ying-Long-Engine\Ying-Long-Engine\Ying-Long Engine\CodeFile\Graphics\Bindable\Topology.h(10,13): warning C4996: 'DE::Graphics': Use DX12Renderer instead
  (编译源文件“CodeFile/Graphics/Light/SpotLight.cpp”)
  
C:\Program Files\Microsoft Visual Studio\2022\Community\VC\Tools\MSVC\14.44.35207\include\memory(3309,9): warning C4996: 'DE::Bindable::~Bindable': Use BindableDX12 instead
  (编译源文件“CodeFile/Graphics/Drawable/Model.cpp”)
      C:\Program Files\Microsoft Visual Studio\2022\Community\VC\Tools\MSVC\14.44.35207\include\memory(3309,9):
      模板实例化上下文(最早的实例化上下文)为
          E:\Projects\Ying-Long-Engine\Ying-Long-Engine\Ying-Long Engine\CodeFile\Graphics\Drawable\DrawableBase.h(12,8):
          在编译类模板“DE::DrawableBase”时
          E:\Projects\Ying-Long-Engine\Ying-Long-Engine\Ying-Long Engine\CodeFile\Graphics\Drawable\DrawableBase.h(21,4):
          查看对正在编译的 类 模板 实例化“std::unique_ptr<DE::Bindable,std::default_delete<DE::Bindable>>”的引用
          C:\Program Files\Microsoft Visual Studio\2022\Community\VC\Tools\MSVC\14.44.35207\include\memory(3352,92):
          查看对正在编译的 类 模板 实例化“std::default_delete<DE::Bindable>”的引用
          C:\Program Files\Microsoft Visual Studio\2022\Community\VC\Tools\MSVC\14.44.35207\include\memory(3307,23):
          在编译 类 模板 成员函数“void std::default_delete<DE::Bindable>::operator ()(_Ty *) noexcept const”时
          with
          [
              _Ty=DE::Bindable
          ]
              C:\Program Files\Microsoft Visual Studio\2022\Community\VC\Tools\MSVC\14.44.35207\include\memory(3427,33):
              请参阅 "std::unique_ptr<DE::Bindable,std::default_delete<DE::Bindable>>::~unique_ptr" 中对 "std::default_delete<DE::Bindable>::operator ()" 的第一个引用
              C:\Program Files\Microsoft Visual Studio\2022\Community\VC\Tools\MSVC\14.44.35207\include\memory(3483,1):
              请参阅 "std::unique_ptr<DE::Bindable,std::default_delete<DE::Bindable>>::~unique_ptr" 中对 "std::unique_ptr<DE::Bindable,std::default_delete<DE::Bindable>>::~unique_ptr" 的第一个引用
  
E:\Projects\Ying-Long-Engine\Ying-Long-Engine\Ying-Long Engine\CodeFile\Graphics\Bindable\Texture.h(7,25): warning C4996: 'DE::Bindable': Use BindableDX12 instead
  (编译源文件“CodeFile/Graphics/Light/SpotLight.cpp”)
  
E:\Projects\Ying-Long-Engine\Ying-Long-Engine\Ying-Long Engine\CodeFile\Graphics\Bindable\Texture.h(11,11): warning C4996: 'DE::Graphics': Use DX12Renderer instead
  (编译源文件“CodeFile/Graphics/Light/SpotLight.cpp”)
  
E:\Projects\Ying-Long-Engine\Ying-Long-Engine\Ying-Long Engine\CodeFile\Graphics\Bindable\Texture.h(14,19): warning C4996: 'DE::Graphics': Use DX12Renderer instead
  (编译源文件“CodeFile/Graphics/Light/SpotLight.cpp”)
  
E:\Projects\Ying-Long-Engine\Ying-Long-Engine\Ying-Long Engine\CodeFile\Graphics\Bindable\Texture.h(16,13): warning C4996: 'DE::Graphics': Use DX12Renderer instead
  (编译源文件“CodeFile/Graphics/Light/SpotLight.cpp”)
  
E:\Projects\Ying-Long-Engine\Ying-Long-Engine\Ying-Long Engine\CodeFile\Graphics\Bindable\VertexBuffer.h(8,33): warning C4996: 'DE::Bindable': Use BindableDX12 instead
  (编译源文件“CodeFile/Graphics/Light/SpotLight.cpp”)
  
E:\Projects\Ying-Long-Engine\Ying-Long-Engine\Ying-Long Engine\CodeFile\Graphics\Bindable\VertexBuffer.h(13,22): warning C4996: 'DE::Graphics': Use DX12Renderer instead
  (编译源文件“CodeFile/Graphics/Light/SpotLight.cpp”)
  
E:\Projects\Ying-Long-Engine\Ying-Long-Engine\Ying-Long Engine\CodeFile\Graphics\Bindable\VertexBuffer.h(30,19): warning C4996: 'DE::Graphics': Use DX12Renderer instead
  (编译源文件“CodeFile/Graphics/Light/SpotLight.cpp”)
  
E:\Projects\Ying-Long-Engine\Ying-Long-Engine\Ying-Long Engine\CodeFile\Graphics\Bindable\VertexBuffer.h(33,13): warning C4996: 'DE::Bindable::GetDevicContext': Use BindableDX12 instead
  (编译源文件“CodeFile/Graphics/Light/SpotLight.cpp”)
  
E:\Projects\Ying-Long-Engine\Ying-Long-Engine\Ying-Long Engine\CodeFile\Graphics\Drawable\SolidSphere.h(21,23): warning C4996: 'DE::Graphics': Use DX12Renderer instead
  (编译源文件“CodeFile/Graphics/Light/SpotLight.cpp”)
  
E:\Projects\Ying-Long-Engine\Ying-Long-Engine\Ying-Long Engine\CodeFile\Graphics\Light\SpotLight.h(46,13): warning C4996: 'DE::Graphics': Use DX12Renderer instead
  (编译源文件“CodeFile/Graphics/Light/SpotLight.cpp”)
  
E:\Projects\Ying-Long-Engine\Ying-Long-Engine\Ying-Long Engine\CodeFile\Graphics\Light\SpotLight.h(50,13): warning C4996: 'DE::Graphics': Use DX12Renderer instead
  (编译源文件“CodeFile/Graphics/Light/SpotLight.cpp”)
  
E:\Projects\Ying-Long-Engine\Ying-Long-Engine\Ying-Long Engine\CodeFile\Graphics\Light\PointLight.h(43,14): warning C4996: 'DE::Graphics': Use DX12Renderer instead
  (编译源文件“CodeFile/Graphics/Light/SpotLight.cpp”)
  
E:\Projects\Ying-Long-Engine\Ying-Long-Engine\Ying-Long Engine\CodeFile\Graphics\Light\PointLight.h(47,13): warning C4996: 'DE::Graphics': Use DX12Renderer instead
  (编译源文件“CodeFile/Graphics/Light/SpotLight.cpp”)
  
E:\Projects\Ying-Long-Engine\Ying-Long-Engine\Ying-Long Engine\CodeFile\Graphics\Light\LightManager.h(10,26): warning C4996: 'DE::Graphics': Use DX12Renderer instead
  (编译源文件“CodeFile/Graphics/Light/SpotLight.cpp”)
  
E:\Projects\Ying-Long-Engine\Ying-Long-Engine\Ying-Long Engine\CodeFile\Graphics\Light\LightManager.h(14,22): warning C4996: 'DE::Graphics': Use DX12Renderer instead
  (编译源文件“CodeFile/Graphics/Light/SpotLight.cpp”)
  
E:\Projects\Ying-Long-Engine\Ying-Long-Engine\Ying-Long Engine\CodeFile\Graphics\Light\SpotLight.cpp(11,23): warning C4996: 'DE::Graphics': Use DX12Renderer instead
E:\Projects\Ying-Long-Engine\Ying-Long-Engine\Ying-Long Engine\CodeFile\Graphics\Light\SpotLight.cpp(63,23): warning C4996: 'DE::Graphics': Use DX12Renderer instead
E:\Projects\Ying-Long-Engine\Ying-Long-Engine\Ying-Long Engine\CodeFile\Graphics\Light\SpotLight.cpp(67,8): warning C4996: 'DE::Drawable::Draw': Use DX12Drawable instead
  WARNING: DepthStencil.h is deprecated. Use DepthStencilDX12 instead.
E:\Projects\Ying-Long-Engine\Ying-Long-Engine\Ying-Long Engine\CodeFile\Graphics\Graphics.h(90,19): warning C4996: 'DE::RenderTarget': Use RenderTargetDX12 instead
  (编译源文件“CodeFile/Graphics/RenderTarget/RenderTarget.cpp”)
  
E:\Projects\Ying-Long-Engine\Ying-Long-Engine\Ying-Long Engine\CodeFile\Graphics\Graphics.h(91,19): warning C4996: 'DE::RenderTarget': Use RenderTargetDX12 instead
  (编译源文件“CodeFile/Graphics/RenderTarget/RenderTarget.cpp”)
  
E:\Projects\Ying-Long-Engine\Ying-Long-Engine\Ying-Long Engine\CodeFile\Graphics\Graphics.h(92,19): warning C4996: 'DE::DepthStencil': Use DepthStencilDX12 instead
  (编译源文件“CodeFile/Graphics/RenderTarget/RenderTarget.cpp”)
  
E:\Projects\Ying-Long-Engine\Ying-Long-Engine\Ying-Long Engine\CodeFile\Graphics\RenderTarget\RenderTarget.cpp(12,26): warning C4996: 'DE::Graphics': Use DX12Renderer instead
E:\Projects\Ying-Long-Engine\Ying-Long-Engine\Ying-Long Engine\CodeFile\Graphics\RenderTarget\RenderTarget.cpp(17,12): warning C4996: 'DE::Graphics::pSwapChain': Use DX12Renderer instead
E:\Projects\Ying-Long-Engine\Ying-Long-Engine\Ying-Long Engine\CodeFile\Graphics\RenderTarget\RenderTarget.cpp(19,12): warning C4996: 'DE::Graphics::pDevice': Use DX12Renderer instead
E:\Projects\Ying-Long-Engine\Ying-Long-Engine\Ying-Long Engine\CodeFile\Graphics\RenderTarget\RenderTarget.cpp(46,25): warning C4996: 'DE::Graphics::pDevice': Use DX12Renderer instead
E:\Projects\Ying-Long-Engine\Ying-Long-Engine\Ying-Long Engine\CodeFile\Graphics\RenderTarget\RenderTarget.cpp(53,12): warning C4996: 'DE::Graphics::pDevice': Use DX12Renderer instead
E:\Projects\Ying-Long-Engine\Ying-Long-Engine\Ying-Long Engine\CodeFile\Graphics\RenderTarget\RenderTarget.cpp(60,12): warning C4996: 'DE::Graphics::pDevice': Use DX12Renderer instead
E:\Projects\Ying-Long-Engine\Ying-Long-Engine\Ying-Long Engine\CodeFile\Graphics\RenderTarget\RenderTarget.cpp(69,38): warning C4996: 'DE::Graphics': Use DX12Renderer instead
E:\Projects\Ying-Long-Engine\Ying-Long-Engine\Ying-Long Engine\CodeFile\Graphics\RenderTarget\RenderTarget.cpp(72,11): warning C4996: 'DE::Graphics::pDeviceContext': Use DX12Renderer instead
E:\Projects\Ying-Long-Engine\Ying-Long-Engine\Ying-Long Engine\CodeFile\Graphics\RenderTarget\RenderTarget.cpp(74,11): warning C4996: 'DE::Graphics::pDeviceContext': Use DX12Renderer instead
E:\Projects\Ying-Long-Engine\Ying-Long-Engine\Ying-Long Engine\CodeFile\Graphics\RenderTarget\RenderTarget.cpp(75,12): warning C4996: 'DE::Graphics::color': Use DX12Renderer instead
C:\Program Files\Microsoft Visual Studio\2022\Community\VC\Tools\MSVC\14.44.35207\include\memory(3309,9): warning C4996: 'DE::Bindable::~Bindable': Use BindableDX12 instead
  (编译源文件“CodeFile/Graphics/Light/PointLight.cpp”)
      C:\Program Files\Microsoft Visual Studio\2022\Community\VC\Tools\MSVC\14.44.35207\include\memory(3309,9):
      模板实例化上下文(最早的实例化上下文)为
          E:\Projects\Ying-Long-Engine\Ying-Long-Engine\Ying-Long Engine\CodeFile\Graphics\Drawable\DrawableBase.h(12,8):
          在编译类模板“DE::DrawableBase”时
          E:\Projects\Ying-Long-Engine\Ying-Long-Engine\Ying-Long Engine\CodeFile\Graphics\Drawable\DrawableBase.h(21,4):
          查看对正在编译的 类 模板 实例化“std::unique_ptr<DE::Bindable,std::default_delete<DE::Bindable>>”的引用
          C:\Program Files\Microsoft Visual Studio\2022\Community\VC\Tools\MSVC\14.44.35207\include\memory(3352,92):
          查看对正在编译的 类 模板 实例化“std::default_delete<DE::Bindable>”的引用
          C:\Program Files\Microsoft Visual Studio\2022\Community\VC\Tools\MSVC\14.44.35207\include\memory(3307,23):
          在编译 类 模板 成员函数“void std::default_delete<DE::Bindable>::operator ()(_Ty *) noexcept const”时
          with
          [
              _Ty=DE::Bindable
          ]
              C:\Program Files\Microsoft Visual Studio\2022\Community\VC\Tools\MSVC\14.44.35207\include\memory(3427,33):
              请参阅 "std::unique_ptr<DE::Bindable,std::default_delete<DE::Bindable>>::~unique_ptr" 中对 "std::default_delete<DE::Bindable>::operator ()" 的第一个引用
              C:\Program Files\Microsoft Visual Studio\2022\Community\VC\Tools\MSVC\14.44.35207\include\memory(3483,1):
              请参阅 "std::unique_ptr<DE::Bindable,std::default_delete<DE::Bindable>>::~unique_ptr" 中对 "std::unique_ptr<DE::Bindable,std::default_delete<DE::Bindable>>::~unique_ptr" 的第一个引用
  
C:\Program Files\Microsoft Visual Studio\2022\Community\VC\Tools\MSVC\14.44.35207\include\memory(3309,9): warning C4996: 'DE::Bindable::~Bindable': Use BindableDX12 instead
  (编译源文件“CodeFile/Graphics/Light/SpotLight.cpp”)
      C:\Program Files\Microsoft Visual Studio\2022\Community\VC\Tools\MSVC\14.44.35207\include\memory(3309,9):
      模板实例化上下文(最早的实例化上下文)为
          E:\Projects\Ying-Long-Engine\Ying-Long-Engine\Ying-Long Engine\CodeFile\Graphics\Drawable\DrawableBase.h(12,8):
          在编译类模板“DE::DrawableBase”时
          E:\Projects\Ying-Long-Engine\Ying-Long-Engine\Ying-Long Engine\CodeFile\Graphics\Drawable\DrawableBase.h(21,4):
          查看对正在编译的 类 模板 实例化“std::unique_ptr<DE::Bindable,std::default_delete<DE::Bindable>>”的引用
          C:\Program Files\Microsoft Visual Studio\2022\Community\VC\Tools\MSVC\14.44.35207\include\memory(3352,92):
          查看对正在编译的 类 模板 实例化“std::default_delete<DE::Bindable>”的引用
          C:\Program Files\Microsoft Visual Studio\2022\Community\VC\Tools\MSVC\14.44.35207\include\memory(3307,23):
          在编译 类 模板 成员函数“void std::default_delete<DE::Bindable>::operator ()(_Ty *) noexcept const”时
          with
          [
              _Ty=DE::Bindable
          ]
              C:\Program Files\Microsoft Visual Studio\2022\Community\VC\Tools\MSVC\14.44.35207\include\memory(3427,33):
              请参阅 "std::unique_ptr<DE::Bindable,std::default_delete<DE::Bindable>>::~unique_ptr" 中对 "std::default_delete<DE::Bindable>::operator ()" 的第一个引用
              C:\Program Files\Microsoft Visual Studio\2022\Community\VC\Tools\MSVC\14.44.35207\include\memory(3483,1):
              请参阅 "std::unique_ptr<DE::Bindable,std::default_delete<DE::Bindable>>::~unique_ptr" 中对 "std::unique_ptr<DE::Bindable,std::default_delete<DE::Bindable>>::~unique_ptr" 的第一个引用
  
